Accenture,251.16,"2021-03-01 03:05:39"
Accenture,258.66,"2021-03-01 13:00:58"
Accenture,258.06,"2021-03-01 13:35:24"
Accenture,258.94,"2021-03-01 13:56:40"
Accenture,258.65,"2021-03-01 14:00:05"
Accenture,259.36,"2021-03-01 15:00:04"
Accenture,258.23,"2021-03-01 15:45:03"
Accenture,258.16,"2021-03-01 16:15:03"
Accenture,258.14,"2021-03-02 09:45:03"
Accenture,257.52,"2021-03-02 11:00:05"
Accenture,258.43,"2021-03-02 12:00:07"
Accenture,260.09,"2021-03-02 13:00:05"
Accenture,260.75,"2021-03-02 14:00:05"
Accenture,260.12,"2021-03-02 15:00:05"
Accenture,259.88,"2021-03-02 15:45:03"
Accenture,259.23,"2021-03-02 16:15:03"
Accenture,257.26,"2021-03-03 09:45:04"
Accenture,256.84,"2021-03-03 11:00:06"
Accenture,256.85,"2021-03-03 12:00:05"
Accenture,255.96,"2021-03-03 13:00:06"
Accenture,255.58,"2021-03-03 14:00:05"
Accenture,255.27,"2021-03-03 15:00:05"
Accenture,255.01,"2021-03-03 15:45:02"
Accenture,254.18,"2021-03-03 16:15:02"
Accenture,252.47,"2021-03-04 09:45:02"
Accenture,253.03,"2021-03-04 11:00:04"
Accenture,254.05,"2021-03-04 12:00:07"
Accenture,249.36,"2021-03-04 13:00:05"
Accenture,245.65,"2021-03-04 14:00:07"
Accenture,249.04,"2021-03-04 15:00:06"
Accenture,247.70,"2021-03-04 15:45:03"
Accenture,247.00,"2021-03-04 16:15:02"
Accenture,248.45,"2021-03-05 09:45:01"
Accenture,245.78,"2021-03-05 11:00:07"
Accenture,244.99,"2021-03-05 12:00:05"
Accenture,247.07,"2021-03-05 13:00:08"
Accenture,247.57,"2021-03-05 14:00:03"
Accenture,248.17,"2021-03-05 15:00:06"
Accenture,249.68,"2021-03-05 15:45:02"
Accenture,249.51,"2021-03-05 16:15:03"
Accenture,252.27,"2021-03-08 09:45:02"
Accenture,255.40,"2021-03-08 11:00:02"
Accenture,253.89,"2021-03-08 12:00:02"
Accenture,253.85,"2021-03-08 13:00:02"
Accenture,252.76,"2021-03-08 14:00:03"
Accenture,252.43,"2021-03-08 15:00:03"
Accenture,251.13,"2021-03-08 15:45:02"
Accenture,249.39,"2021-03-08 16:15:02"
Accenture,253.38,"2021-03-09 09:45:03"
Accenture,256.19,"2021-03-09 11:00:06"
Accenture,255.99,"2021-03-09 12:00:07"
Accenture,256.73,"2021-03-09 13:00:03"
Accenture,257.00,"2021-03-09 14:00:03"
Accenture,256.38,"2021-03-09 15:00:02"
Accenture,255.60,"2021-03-09 15:45:02"
Accenture,254.37,"2021-03-09 16:15:03"
Accenture,256.56,"2021-03-10 09:45:04"
Accenture,255.09,"2021-03-10 11:00:03"
Accenture,256.19,"2021-03-10 12:00:03"
Accenture,256.13,"2021-03-10 13:00:03"
Accenture,256.06,"2021-03-10 14:00:03"
Accenture,257.47,"2021-03-10 15:00:03"
Accenture,256.38,"2021-03-10 15:45:01"
Accenture,257.14,"2021-03-10 16:15:02"
Accenture,261.19,"2021-03-11 09:45:03"
Accenture,264.31,"2021-03-11 11:00:02"
Accenture,266.20,"2021-03-11 12:00:04"
Accenture,266.72,"2021-03-11 13:00:03"
Accenture,267.74,"2021-03-11 14:00:04"
Accenture,267.03,"2021-03-11 15:00:03"
Accenture,266.64,"2021-03-11 15:45:03"
Accenture,266.37,"2021-03-11 16:15:02"
Accenture,264.95,"2021-03-12 09:45:02"
Accenture,263.71,"2021-03-12 11:00:03"
Accenture,264.00,"2021-03-12 12:00:02"
Accenture,263.98,"2021-03-12 13:00:03"
Accenture,265.04,"2021-03-12 14:00:02"
Accenture,264.88,"2021-03-12 15:00:02"
Accenture,264.92,"2021-03-12 15:45:03"
Accenture,264.95,"2021-03-12 16:15:02"
Accenture,265.41,"2021-03-15 09:45:02"
Accenture,265.17,"2021-03-15 11:00:03"
Accenture,263.70,"2021-03-15 12:00:02"
Accenture,264.59,"2021-03-15 13:00:03"
Accenture,264.27,"2021-03-15 14:00:02"
Accenture,264.64,"2021-03-15 15:00:02"
Accenture,264.77,"2021-03-15 15:45:03"
Accenture,266.26,"2021-03-15 16:15:03"
Accenture,264.91,"2021-03-16 09:45:02"
Accenture,264.04,"2021-03-16 11:00:02"
Accenture,263.41,"2021-03-16 12:00:03"
Accenture,264.58,"2021-03-16 13:00:03"
Accenture,264.13,"2021-03-16 14:00:02"
Accenture,264.08,"2021-03-16 15:00:03"
Accenture,264.52,"2021-03-16 15:45:03"
Accenture,263.97,"2021-03-16 16:15:03"
Accenture,262.83,"2021-03-17 09:45:02"
Accenture,263.06,"2021-03-17 11:00:03"
Accenture,263.84,"2021-03-17 12:00:03"
Accenture,262.37,"2021-03-17 13:00:02"
Accenture,262.37,"2021-03-17 14:00:02"
Accenture,265.85,"2021-03-17 15:00:03"
Accenture,265.12,"2021-03-17 15:45:03"
Accenture,264.27,"2021-03-17 16:15:03"
Accenture,270.00,"2021-03-18 09:45:03"
Accenture,265.81,"2021-03-18 11:00:03"
Accenture,269.55,"2021-03-18 12:00:03"
Accenture,267.66,"2021-03-18 13:00:02"
Accenture,269.44,"2021-03-18 14:00:03"
Accenture,267.33,"2021-03-18 15:00:03"
Accenture,266.67,"2021-03-18 15:45:02"
Accenture,270.00,"2021-03-18 16:15:03"
Accenture,268.17,"2021-03-19 09:45:02"
Accenture,262.47,"2021-03-19 11:00:03"
Accenture,265.54,"2021-03-19 12:00:02"
Accenture,266.35,"2021-03-19 13:00:03"
Accenture,266.50,"2021-03-19 14:00:02"
Accenture,267.26,"2021-03-19 15:00:03"
Accenture,266.69,"2021-03-19 15:45:03"
Accenture,264.66,"2021-03-19 16:15:03"
Accenture,264.34,"2021-03-22 09:45:04"
Accenture,265.58,"2021-03-22 11:00:02"
Accenture,264.76,"2021-03-22 12:00:03"
Accenture,264.93,"2021-03-22 13:00:02"
Accenture,264.56,"2021-03-22 14:00:03"
Accenture,265.79,"2021-03-22 15:00:02"
Accenture,265.06,"2021-03-22 15:45:03"
Accenture,265.20,"2021-03-22 16:15:02"
Accenture,265.39,"2021-03-23 09:45:03"
Accenture,265.93,"2021-03-23 11:00:02"
Accenture,266.10,"2021-03-23 12:00:02"
Accenture,265.84,"2021-03-23 13:00:03"
Accenture,265.98,"2021-03-23 14:00:02"
Accenture,266.21,"2021-03-23 15:00:02"
Accenture,265.50,"2021-03-23 15:45:03"
Accenture,266.03,"2021-03-23 16:15:02"
Accenture,267.19,"2021-03-24 09:45:02"
Accenture,268.92,"2021-03-24 11:00:02"
Accenture,268.71,"2021-03-24 12:00:03"
Accenture,268.73,"2021-03-24 13:00:03"
Accenture,268.70,"2021-03-24 14:00:03"
Accenture,268.60,"2021-03-24 15:00:02"
Accenture,268.16,"2021-03-24 15:45:02"
Accenture,267.65,"2021-03-24 16:15:02"
Accenture,267.22,"2021-03-25 09:45:03"
Accenture,266.30,"2021-03-25 11:00:03"
Accenture,266.97,"2021-03-25 12:00:02"
Accenture,267.29,"2021-03-25 13:00:02"
Accenture,267.48,"2021-03-25 14:00:02"
Accenture,268.69,"2021-03-25 15:00:03"
Accenture,269.42,"2021-03-25 15:45:02"
Accenture,268.61,"2021-03-25 16:15:03"
Accenture,269.00,"2021-03-26 09:45:03"
Accenture,272.65,"2021-03-26 11:00:03"
Accenture,273.83,"2021-03-26 12:00:02"
Accenture,275.16,"2021-03-26 13:00:02"
Accenture,276.70,"2021-03-26 14:00:02"
Accenture,277.13,"2021-03-26 15:00:03"
Accenture,278.90,"2021-03-26 15:45:02"
Accenture,280.77,"2021-03-26 16:15:03"
Accenture,279.44,"2021-03-29 09:45:02"
Accenture,278.39,"2021-03-29 11:00:04"
Accenture,280.60,"2021-03-29 12:00:04"
Accenture,280.71,"2021-03-29 13:00:02"
Accenture,280.13,"2021-03-29 14:00:02"
Accenture,279.93,"2021-03-29 15:00:02"
Accenture,280.22,"2021-03-29 15:45:02"
Accenture,279.54,"2021-03-29 16:15:02"
Accenture,279.24,"2021-03-30 09:45:03"
Accenture,277.40,"2021-03-30 11:00:02"
Accenture,277.39,"2021-03-30 12:00:02"
Accenture,277.88,"2021-03-30 13:00:03"
Accenture,278.64,"2021-03-30 14:00:02"
Accenture,278.94,"2021-03-30 15:00:02"
Accenture,279.06,"2021-03-30 15:45:03"
Accenture,278.55,"2021-03-30 16:15:02"
Accenture,277.32,"2021-03-31 09:45:02"
Accenture,277.43,"2021-03-31 11:00:02"
Accenture,277.86,"2021-03-31 12:00:02"
Accenture,277.70,"2021-03-31 13:00:03"
Accenture,278.30,"2021-03-31 14:00:01"
Accenture,277.64,"2021-03-31 15:00:03"
Accenture,277.01,"2021-03-31 15:45:02"
Accenture,276.25,"2021-03-31 16:15:02"
Accenture,278.36,"2021-04-01 09:45:01"
Accenture,277.67,"2021-04-01 11:00:03"
Accenture,276.96,"2021-04-01 12:00:02"
Accenture,277.06,"2021-04-01 13:00:02"
Accenture,277.06,"2021-04-01 14:00:02"
Accenture,276.35,"2021-04-01 15:00:03"
Accenture,277.66,"2021-04-01 15:45:03"
Accenture,277.78,"2021-04-01 16:15:02"
Accenture,278.34,"2021-04-02 09:45:02"
Accenture,278.34,"2021-04-02 11:00:02"
Accenture,278.34,"2021-04-02 12:00:03"
Accenture,278.34,"2021-04-02 13:00:02"
Accenture,278.34,"2021-04-02 14:00:02"
Accenture,278.34,"2021-04-02 15:00:03"
Accenture,278.34,"2021-04-02 15:45:02"
Accenture,278.34,"2021-04-02 16:15:03"
Accenture,280.78,"2021-04-05 09:45:02"
Accenture,281.80,"2021-04-05 11:00:03"
Accenture,282.26,"2021-04-05 12:00:02"
Accenture,282.44,"2021-04-05 13:00:02"
Accenture,282.05,"2021-04-05 14:00:02"
Accenture,281.78,"2021-04-05 15:00:03"
Accenture,281.57,"2021-04-05 15:45:02"
Accenture,281.13,"2021-04-05 16:15:02"
Accenture,281.44,"2021-04-06 09:45:02"
Accenture,281.61,"2021-04-06 11:00:02"
Accenture,282.75,"2021-04-06 12:00:03"
Accenture,282.07,"2021-04-06 13:00:02"
Accenture,282.22,"2021-04-06 14:00:03"
Accenture,282.05,"2021-04-06 15:00:02"
Accenture,281.87,"2021-04-06 15:45:02"
Accenture,281.79,"2021-04-06 16:15:02"
Accenture,283.06,"2021-04-07 09:45:03"
Accenture,281.94,"2021-04-07 11:00:02"
Accenture,281.92,"2021-04-07 12:00:03"
Accenture,282.08,"2021-04-07 13:00:03"
Accenture,281.86,"2021-04-07 14:00:02"
Accenture,281.90,"2021-04-07 15:00:03"
Accenture,282.14,"2021-04-07 15:45:03"
Accenture,282.57,"2021-04-07 16:15:02"
Accenture,284.49,"2021-04-08 09:45:02"
Accenture,284.69,"2021-04-08 11:00:03"
Accenture,284.65,"2021-04-08 12:00:03"
Accenture,284.66,"2021-04-08 13:00:02"
Accenture,284.46,"2021-04-08 14:00:02"
Accenture,285.07,"2021-04-08 15:00:02"
Accenture,284.69,"2021-04-08 15:45:02"
Accenture,284.42,"2021-04-08 16:15:03"
Accenture,285.24,"2021-04-09 09:45:02"
Accenture,287.00,"2021-04-09 11:00:02"
Accenture,286.67,"2021-04-09 12:00:02"
Accenture,286.55,"2021-04-09 13:00:03"
Accenture,286.60,"2021-04-09 14:00:02"
Accenture,286.02,"2021-04-09 15:00:02"
Accenture,286.76,"2021-04-09 15:45:03"
Accenture,287.71,"2021-04-09 16:15:02"
Accenture,285.94,"2021-04-12 09:45:03"
Accenture,286.84,"2021-04-12 11:00:02"
Accenture,287.05,"2021-04-12 12:00:01"
Accenture,288.02,"2021-04-12 13:00:03"
Accenture,287.89,"2021-04-12 14:00:02"
Accenture,287.14,"2021-04-12 15:00:02"
Accenture,287.66,"2021-04-12 15:45:02"
Accenture,287.54,"2021-04-12 16:15:03"
Accenture,286.53,"2021-04-13 09:45:02"
Accenture,285.22,"2021-04-13 11:00:02"
Accenture,284.43,"2021-04-13 12:00:02"
Accenture,284.13,"2021-04-13 13:00:02"
Accenture,284.22,"2021-04-13 14:00:03"
Accenture,284.97,"2021-04-13 15:00:07"
Accenture,285.09,"2021-04-13 15:45:02"
Accenture,285.22,"2021-04-13 16:15:02"
Accenture,285.42,"2021-04-14 09:45:02"
Accenture,285.52,"2021-04-14 11:00:02"
Accenture,285.29,"2021-04-14 12:00:04"
Accenture,285.56,"2021-04-14 13:00:02"
Accenture,285.90,"2021-04-14 14:00:02"
Accenture,284.65,"2021-04-14 15:00:02"
Accenture,284.46,"2021-04-14 15:45:03"
Accenture,284.44,"2021-04-14 16:15:02"
Accenture,286.14,"2021-04-15 09:45:02"
Accenture,285.94,"2021-04-15 11:00:02"
Accenture,285.34,"2021-04-15 12:00:02"
Accenture,286.09,"2021-04-15 13:00:03"
Accenture,285.42,"2021-04-15 14:00:01"
Accenture,285.35,"2021-04-15 15:00:02"
Accenture,285.51,"2021-04-15 15:45:02"
Accenture,285.15,"2021-04-15 16:15:03"
Accenture,286.74,"2021-04-16 09:45:02"
Accenture,286.20,"2021-04-16 11:00:02"
Accenture,286.19,"2021-04-16 12:00:02"
Accenture,286.42,"2021-04-16 13:00:03"
Accenture,286.49,"2021-04-16 14:00:03"
Accenture,287.18,"2021-04-16 15:00:03"
Accenture,287.18,"2021-04-16 15:45:02"
Accenture,286.96,"2021-04-16 16:15:03"
Accenture,287.08,"2021-04-19 09:45:02"
Accenture,286.11,"2021-04-19 11:00:02"
Accenture,285.78,"2021-04-19 12:00:02"
Accenture,285.12,"2021-04-19 13:00:02"
Accenture,285.68,"2021-04-19 14:00:02"
Accenture,286.40,"2021-04-19 15:00:02"
Accenture,286.51,"2021-04-19 15:45:03"
Accenture,285.77,"2021-04-19 16:15:03"
Accenture,287.74,"2021-04-20 09:45:03"
Accenture,287.57,"2021-04-20 11:00:02"
Accenture,286.92,"2021-04-20 12:00:02"
Accenture,288.00,"2021-04-20 13:00:02"
Accenture,288.52,"2021-04-20 14:00:03"
Accenture,288.16,"2021-04-20 15:00:02"
Accenture,288.78,"2021-04-20 15:45:02"
Accenture,288.60,"2021-04-20 16:15:02"
Accenture,289.17,"2021-04-21 09:45:02"
Accenture,288.54,"2021-04-21 11:00:02"
Accenture,289.65,"2021-04-21 12:00:02"
Accenture,289.57,"2021-04-21 13:00:02"
Accenture,290.10,"2021-04-21 14:00:02"
Accenture,290.22,"2021-04-21 15:00:03"
Accenture,290.92,"2021-04-21 15:45:02"
Accenture,290.72,"2021-04-21 16:15:02"
Accenture,292.00,"2021-04-22 09:45:01"
Accenture,292.17,"2021-04-22 11:00:03"
Accenture,292.60,"2021-04-22 12:00:03"
Accenture,292.30,"2021-04-22 13:00:02"
Accenture,289.49,"2021-04-22 14:00:03"
Accenture,290.77,"2021-04-22 15:00:01"
Accenture,290.45,"2021-04-22 15:45:02"
Accenture,290.16,"2021-04-22 16:15:02"
Accenture,289.82,"2021-04-23 09:45:02"
Accenture,291.30,"2021-04-23 11:00:02"
Accenture,292.20,"2021-04-23 12:00:03"
Accenture,292.64,"2021-04-23 13:00:02"
Accenture,291.72,"2021-04-23 14:00:03"
Accenture,292.11,"2021-04-23 15:00:03"
Accenture,292.15,"2021-04-23 15:45:02"
Accenture,291.35,"2021-04-23 16:15:01"
Accenture,290.94,"2021-04-26 09:45:02"
Accenture,290.56,"2021-04-26 11:00:05"
Accenture,289.58,"2021-04-26 12:00:02"
Accenture,289.74,"2021-04-26 13:00:04"
Accenture,289.81,"2021-04-26 14:00:02"
Accenture,289.66,"2021-04-26 15:00:04"
Accenture,289.63,"2021-04-26 15:45:02"
Accenture,289.52,"2021-04-26 16:15:02"
Accenture,288.61,"2021-04-27 09:45:02"
Accenture,289.31,"2021-04-27 11:00:03"
Accenture,289.57,"2021-04-27 12:00:02"
Accenture,289.15,"2021-04-27 13:00:02"
Accenture,289.72,"2021-04-27 14:00:03"
Accenture,290.10,"2021-04-27 15:00:02"
Accenture,290.51,"2021-04-27 15:45:02"
Accenture,291.07,"2021-04-27 16:15:02"
Accenture,290.60,"2021-04-28 09:45:02"
Accenture,291.08,"2021-04-28 11:00:03"
Accenture,290.74,"2021-04-28 12:00:03"
Accenture,290.73,"2021-04-28 13:00:02"
Accenture,290.22,"2021-04-28 14:00:01"
Accenture,291.20,"2021-04-28 15:00:03"
Accenture,290.85,"2021-04-28 15:45:04"
Accenture,290.27,"2021-04-28 16:15:02"
Accenture,291.58,"2021-04-29 09:45:03"
Accenture,291.73,"2021-04-29 11:00:03"
Accenture,291.62,"2021-04-29 12:00:03"
Accenture,292.04,"2021-04-29 13:00:02"
Accenture,292.12,"2021-04-29 14:00:03"
Accenture,292.92,"2021-04-29 15:00:02"
Accenture,292.72,"2021-04-29 15:45:03"
Accenture,292.54,"2021-04-29 16:15:03"
Accenture,290.11,"2021-04-30 09:45:04"
Accenture,289.07,"2021-04-30 11:00:03"
Accenture,289.92,"2021-04-30 12:00:02"
Accenture,289.57,"2021-04-30 13:00:04"
Accenture,289.87,"2021-04-30 14:00:03"
Accenture,290.21,"2021-04-30 15:00:02"
Accenture,290.04,"2021-04-30 15:45:02"
Accenture,289.97,"2021-04-30 16:15:04"
Accenture,292.16,"2021-05-03 09:45:03"
Accenture,291.63,"2021-05-03 11:00:02"
Accenture,292.01,"2021-05-03 12:00:02"
Accenture,291.74,"2021-05-03 13:00:02"
Accenture,292.45,"2021-05-03 14:00:02"
Accenture,292.98,"2021-05-03 15:00:02"
Accenture,292.25,"2021-05-03 15:45:01"
Accenture,292.17,"2021-05-03 16:15:02"
Accenture,290.89,"2021-05-04 09:45:02"
Accenture,290.44,"2021-05-04 11:00:02"
Accenture,289.23,"2021-05-04 12:00:03"
Accenture,289.74,"2021-05-04 13:00:01"
Accenture,290.79,"2021-05-04 14:00:04"
Accenture,290.88,"2021-05-04 15:00:02"
Accenture,290.97,"2021-05-04 15:45:02"
Accenture,291.60,"2021-05-04 16:15:03"
Accenture,291.54,"2021-05-05 09:45:02"
Accenture,291.22,"2021-05-05 11:00:02"
Accenture,291.63,"2021-05-05 12:00:03"
Accenture,291.11,"2021-05-05 13:00:03"
Accenture,291.19,"2021-05-05 14:00:01"
Accenture,290.78,"2021-05-05 15:00:04"
Accenture,289.86,"2021-05-05 15:45:02"
Accenture,289.52,"2021-05-05 16:15:02"
Accenture,288.44,"2021-05-06 09:45:02"
Accenture,288.89,"2021-05-06 11:00:02"
Accenture,289.80,"2021-05-06 12:00:02"
Accenture,290.32,"2021-05-06 13:00:02"
Accenture,289.77,"2021-05-06 14:00:02"
Accenture,289.52,"2021-05-06 15:00:02"
Accenture,290.57,"2021-05-06 15:45:02"
Accenture,291.16,"2021-05-06 16:15:03"
Accenture,292.89,"2021-05-07 09:45:03"
Accenture,293.02,"2021-05-07 11:00:02"
Accenture,292.85,"2021-05-07 12:00:03"
Accenture,292.33,"2021-05-07 13:00:02"
Accenture,291.62,"2021-05-07 14:00:02"
Accenture,291.51,"2021-05-07 15:00:02"
Accenture,292.20,"2021-05-07 15:45:02"
Accenture,291.53,"2021-05-07 16:15:02"
Accenture,290.42,"2021-05-10 09:45:02"
Accenture,292.66,"2021-05-10 11:00:04"
Accenture,293.80,"2021-05-10 12:00:02"
Accenture,293.58,"2021-05-10 13:00:03"
Accenture,293.91,"2021-05-10 14:00:03"
Accenture,291.85,"2021-05-10 15:00:02"
Accenture,291.64,"2021-05-10 15:45:03"
Accenture,290.61,"2021-05-10 16:15:02"
Accenture,312.99,"2021-07-11 11:54:16"
Accenture,311.55,"2021-07-12 09:45:02"
Accenture,311.75,"2021-07-12 11:00:02"
Accenture,311.27,"2021-07-12 12:00:03"
Accenture,311.13,"2021-07-12 13:00:04"
Accenture,311.16,"2021-07-12 14:00:04"
Accenture,310.95,"2021-07-12 15:00:03"
Accenture,311.64,"2021-07-12 15:45:03"
Accenture,311.57,"2021-07-12 16:15:02"
Accenture,311.17,"2021-07-13 09:45:04"
Accenture,312.15,"2021-07-13 11:00:02"
Accenture,313.52,"2021-07-13 12:00:03"
Accenture,313.24,"2021-07-13 13:00:02"
Accenture,312.46,"2021-07-13 14:00:03"
Accenture,312.47,"2021-07-13 15:00:02"
Accenture,313.21,"2021-07-13 15:45:03"
Accenture,312.63,"2021-07-13 16:15:02"
Accenture,313.43,"2021-07-14 09:45:02"
Accenture,314.80,"2021-07-14 11:00:03"
Accenture,314.02,"2021-07-14 12:00:02"
Accenture,314.06,"2021-07-14 13:00:03"
Accenture,314.42,"2021-07-14 14:00:02"
Accenture,314.78,"2021-07-14 15:00:02"
Accenture,314.48,"2021-07-14 15:45:03"
Accenture,314.39,"2021-07-14 16:15:02"
Accenture,313.94,"2021-07-15 09:45:02"
Accenture,314.30,"2021-07-15 11:00:02"
Accenture,314.20,"2021-07-15 12:00:02"
Accenture,315.23,"2021-07-15 13:00:02"
Accenture,314.58,"2021-07-15 14:00:02"
Accenture,315.09,"2021-07-15 15:00:02"
Accenture,315.02,"2021-07-15 15:45:03"
Accenture,314.94,"2021-07-15 16:15:02"
Accenture,315.18,"2021-07-16 09:45:02"
Accenture,314.16,"2021-07-16 11:00:04"
Accenture,314.21,"2021-07-16 12:00:03"
Accenture,314.17,"2021-07-16 13:00:04"
Accenture,313.42,"2021-07-16 14:00:04"
Accenture,312.98,"2021-07-16 15:00:03"
Accenture,312.25,"2021-07-16 15:45:02"
Accenture,312.52,"2021-07-16 16:15:03"
Accenture,308.59,"2021-07-19 09:45:03"
Accenture,307.51,"2021-07-19 11:00:03"
Accenture,309.36,"2021-07-19 12:00:02"
Accenture,307.80,"2021-07-19 13:00:03"
Accenture,307.20,"2021-07-19 14:00:03"
Accenture,307.40,"2021-07-19 15:00:03"
Accenture,307.78,"2021-07-19 15:45:03"
Accenture,309.18,"2021-07-19 16:15:03"
Accenture,310.21,"2021-07-20 09:45:02"
Accenture,312.68,"2021-07-20 11:00:02"
Accenture,313.66,"2021-07-20 12:00:02"
Accenture,314.06,"2021-07-20 13:00:02"
Accenture,313.18,"2021-07-20 14:00:03"
Accenture,313.55,"2021-07-20 15:00:02"
Accenture,313.09,"2021-07-20 15:45:03"
Accenture,312.06,"2021-07-20 16:15:02"
Accenture,312.25,"2021-07-21 09:45:02"
Accenture,313.22,"2021-07-21 11:00:02"
Accenture,313.77,"2021-07-21 12:00:02"
Accenture,313.14,"2021-07-21 13:00:02"
Accenture,313.45,"2021-07-21 14:00:04"
Accenture,313.41,"2021-07-21 15:45:03"
Accenture,313.77,"2021-07-21 16:15:02"
Accenture,314.51,"2021-07-22 09:45:02"
Accenture,314.56,"2021-07-22 11:00:02"
Accenture,314.02,"2021-07-22 13:00:02"
Accenture,314.27,"2021-07-22 14:00:02"
Accenture,314.41,"2021-07-22 15:00:03"
Accenture,314.23,"2021-07-22 15:45:02"
Accenture,314.26,"2021-07-22 16:15:02"
Accenture,316.15,"2021-07-23 09:45:03"
Accenture,316.89,"2021-07-23 11:00:02"
Accenture,317.83,"2021-07-23 12:00:03"
Accenture,317.83,"2021-07-23 13:00:03"
Accenture,317.91,"2021-07-23 14:00:03"
Accenture,317.91,"2021-07-23 15:00:02"
Accenture,318.52,"2021-07-23 15:45:03"
Accenture,318.65,"2021-07-23 16:15:02"
Accenture,317.95,"2021-07-26 09:45:02"
Accenture,317.86,"2021-07-26 11:00:02"
Accenture,318.67,"2021-07-26 12:00:02"
Accenture,319.07,"2021-07-26 13:00:02"
Accenture,319.50,"2021-07-26 14:00:02"
Accenture,319.41,"2021-07-26 15:00:02"
Accenture,319.35,"2021-07-26 15:45:03"
Accenture,318.98,"2021-07-26 16:15:04"
Accenture,318.30,"2021-07-27 09:45:04"
Accenture,318.77,"2021-07-27 11:00:02"
Accenture,317.34,"2021-07-27 12:00:03"
Accenture,317.39,"2021-07-27 13:00:01"
Accenture,316.46,"2021-07-27 14:00:03"
Accenture,318.12,"2021-07-27 15:00:03"
Accenture,318.89,"2021-07-27 15:45:02"
Accenture,319.89,"2021-07-27 16:15:03"
Accenture,318.84,"2021-07-28 09:45:02"
Accenture,319.66,"2021-07-28 11:00:02"
Accenture,318.42,"2021-07-28 12:00:02"
Accenture,317.42,"2021-07-28 13:00:01"
Accenture,317.58,"2021-07-28 14:00:02"
Accenture,316.97,"2021-07-28 15:00:02"
Accenture,317.05,"2021-07-28 15:45:03"
Accenture,316.31,"2021-07-28 16:15:03"
Accenture,316.97,"2021-07-29 09:45:02"
Accenture,317.55,"2021-07-29 11:00:02"
Accenture,317.94,"2021-07-29 12:00:03"
Accenture,318.51,"2021-07-29 13:00:03"
Accenture,318.43,"2021-07-29 14:00:02"
Accenture,318.61,"2021-07-29 15:00:02"
Accenture,318.70,"2021-07-29 15:45:03"
Accenture,318.33,"2021-07-29 16:15:03"
Accenture,318.34,"2021-07-30 09:45:02"
Accenture,317.91,"2021-07-30 11:00:02"
Accenture,317.60,"2021-07-30 12:00:03"
Accenture,317.80,"2021-07-30 13:00:02"
Accenture,317.81,"2021-07-30 14:00:02"
Accenture,317.55,"2021-07-30 15:00:03"
Accenture,317.01,"2021-07-30 15:45:02"
Accenture,317.68,"2021-07-30 16:15:02"
Accenture,317.92,"2021-08-02 09:45:03"
Accenture,318.59,"2021-08-02 11:00:02"
Accenture,317.55,"2021-08-02 12:00:03"
Accenture,316.94,"2021-08-02 13:00:02"
Accenture,316.56,"2021-08-02 14:00:02"
Accenture,316.96,"2021-08-02 15:00:01"
Accenture,316.26,"2021-08-02 15:45:03"
Accenture,316.08,"2021-08-02 16:15:02"
Accenture,316.90,"2021-08-03 09:45:02"
Accenture,316.89,"2021-08-03 11:00:02"
Accenture,317.70,"2021-08-03 12:00:03"
Accenture,318.16,"2021-08-03 13:00:02"
Accenture,318.09,"2021-08-03 14:00:02"
Accenture,318.98,"2021-08-03 15:00:03"
Accenture,318.10,"2021-08-03 15:45:02"
Accenture,318.52,"2021-08-03 16:15:02"
Accenture,316.89,"2021-08-04 09:45:02"
Accenture,316.44,"2021-08-04 11:00:02"
Accenture,316.85,"2021-08-04 12:00:03"
Accenture,317.01,"2021-08-04 13:00:03"
Accenture,317.51,"2021-08-04 14:00:02"
Accenture,317.35,"2021-08-04 15:00:02"
Accenture,316.91,"2021-08-04 15:45:01"
Accenture,316.77,"2021-08-04 16:15:03"
Accenture,317.49,"2021-08-05 09:45:02"
Accenture,318.90,"2021-08-05 11:00:04"
Accenture,318.62,"2021-08-05 12:00:02"
Accenture,318.13,"2021-08-05 13:00:02"
Accenture,319.52,"2021-08-05 14:00:02"
Accenture,319.08,"2021-08-05 15:00:02"
Accenture,319.86,"2021-08-05 15:45:03"
Accenture,320.31,"2021-08-05 16:15:02"
Accenture,320.96,"2021-08-06 09:45:02"
Accenture,320.26,"2021-08-06 11:00:03"
Accenture,321.77,"2021-08-06 12:00:02"
Accenture,322.06,"2021-08-06 13:00:02"
Accenture,321.94,"2021-08-06 14:00:02"
Accenture,321.26,"2021-08-06 15:00:02"
Accenture,321.59,"2021-08-06 15:45:03"
Accenture,321.83,"2021-08-06 16:15:03"
Accenture,320.99,"2021-08-09 09:45:02"
Accenture,320.16,"2021-08-09 11:00:02"
Accenture,320.19,"2021-08-09 12:00:02"
Accenture,319.93,"2021-08-09 13:00:02"
Accenture,320.31,"2021-08-09 14:00:03"
Accenture,319.99,"2021-08-09 15:00:03"
Accenture,320.25,"2021-08-09 15:45:03"
Accenture,319.52,"2021-08-09 16:15:03"
Accenture,319.78,"2021-08-10 09:45:02"
Accenture,320.58,"2021-08-10 11:00:03"
Accenture,321.19,"2021-08-10 12:00:03"
Accenture,320.47,"2021-08-10 13:00:03"
Accenture,320.48,"2021-08-10 14:00:04"
Accenture,320.47,"2021-08-10 15:00:02"
Accenture,320.17,"2021-08-10 15:45:02"
Accenture,320.18,"2021-08-10 16:15:03"
Accenture,319.95,"2021-08-11 09:45:02"
Accenture,320.19,"2021-08-11 11:00:03"
Accenture,317.32,"2021-08-11 12:00:02"
Accenture,319.29,"2021-08-11 13:00:02"
Accenture,319.59,"2021-08-11 14:00:03"
Accenture,319.25,"2021-08-11 15:00:02"
Accenture,319.49,"2021-08-11 15:45:03"
Accenture,319.79,"2021-08-11 16:15:02"
Accenture,319.02,"2021-08-12 09:45:03"
Accenture,321.20,"2021-08-12 11:00:03"
Accenture,320.44,"2021-08-12 12:00:03"
Accenture,321.59,"2021-08-12 13:00:03"
Accenture,321.49,"2021-08-12 14:00:02"
Accenture,321.58,"2021-08-12 15:00:02"
Accenture,321.69,"2021-08-12 15:45:03"
Accenture,321.35,"2021-08-12 16:15:03"
Accenture,322.64,"2021-08-13 09:45:02"
Accenture,323.40,"2021-08-13 11:00:02"
Accenture,323.70,"2021-08-13 12:00:02"
Accenture,323.06,"2021-08-13 13:00:03"
Accenture,323.32,"2021-08-13 14:00:03"
Accenture,323.23,"2021-08-13 15:00:03"
Accenture,323.38,"2021-08-13 15:45:02"
Accenture,323.45,"2021-08-13 16:15:03"
Accenture,323.53,"2021-08-16 09:45:02"
Accenture,324.49,"2021-08-16 11:00:02"
Accenture,325.90,"2021-08-16 12:00:03"
Accenture,326.61,"2021-08-16 13:00:03"
Accenture,326.65,"2021-08-16 14:00:03"
Accenture,327.74,"2021-08-16 15:00:03"
Accenture,327.72,"2021-08-16 15:45:02"
Accenture,328.25,"2021-08-16 16:15:03"
Accenture,327.97,"2021-08-17 09:45:02"
Accenture,328.20,"2021-08-17 11:00:03"
Accenture,329.22,"2021-08-17 12:00:03"
Accenture,327.38,"2021-08-17 13:00:03"
Accenture,328.16,"2021-08-17 14:00:03"
Accenture,328.86,"2021-08-17 15:00:04"
Accenture,328.20,"2021-08-17 15:45:03"
Accenture,329.30,"2021-08-17 16:15:02"
Accenture,328.15,"2021-08-18 09:45:02"
Accenture,328.10,"2021-08-18 11:00:03"
Accenture,327.50,"2021-08-18 12:00:03"
Accenture,327.17,"2021-08-18 13:00:02"
Accenture,327.61,"2021-08-18 14:00:02"
Accenture,327.02,"2021-08-18 15:00:04"
Accenture,326.41,"2021-08-18 15:45:03"
Accenture,324.55,"2021-08-18 16:15:03"
Accenture,324.77,"2021-08-19 09:45:02"
Accenture,325.30,"2021-08-19 11:00:02"
Accenture,327.68,"2021-08-19 12:00:03"
Accenture,327.71,"2021-08-19 13:00:03"
Accenture,327.59,"2021-08-19 14:00:03"
Accenture,328.03,"2021-08-19 15:00:02"
Accenture,328.30,"2021-08-19 15:45:04"
Accenture,325.85,"2021-08-19 16:15:02"
Accenture,329.18,"2021-08-20 09:45:02"
Accenture,331.09,"2021-08-20 11:00:03"
Accenture,331.54,"2021-08-20 12:00:02"
Accenture,332.85,"2021-08-20 13:00:02"
Accenture,332.60,"2021-08-20 14:00:01"
Accenture,332.79,"2021-08-20 15:00:03"
Accenture,333.14,"2021-08-20 15:45:03"
Accenture,332.65,"2021-08-20 16:15:02"
Accenture,334.11,"2021-08-23 09:45:02"
Accenture,333.53,"2021-08-23 11:00:02"
Accenture,333.43,"2021-08-23 12:00:02"
Accenture,333.71,"2021-08-23 13:00:03"
Accenture,333.86,"2021-08-23 14:00:03"
Accenture,334.18,"2021-08-23 15:00:03"
Accenture,333.41,"2021-08-23 15:45:03"
Accenture,332.92,"2021-08-23 16:15:08"
Accenture,332.38,"2021-08-24 09:45:03"
Accenture,332.42,"2021-08-24 11:00:02"
Accenture,332.90,"2021-08-24 12:00:02"
Accenture,332.17,"2021-08-24 13:00:03"
Accenture,332.01,"2021-08-24 14:00:02"
Accenture,332.13,"2021-08-24 15:00:02"
Accenture,331.57,"2021-08-24 15:45:04"
Accenture,332.54,"2021-08-24 16:15:02"
Accenture,332.10,"2021-08-25 09:45:03"
Accenture,332.20,"2021-08-25 11:00:02"
Accenture,333.21,"2021-08-25 12:00:02"
Accenture,334.36,"2021-08-25 13:00:03"
Accenture,334.03,"2021-08-25 14:00:04"
Accenture,333.93,"2021-08-25 15:00:03"
Accenture,334.52,"2021-08-25 15:45:03"
Accenture,333.44,"2021-08-25 16:15:08"
Accenture,333.72,"2021-08-26 09:45:03"
Accenture,333.04,"2021-08-26 11:00:02"
Accenture,332.84,"2021-08-26 12:00:03"
Accenture,333.93,"2021-08-26 13:00:02"
Accenture,333.87,"2021-08-26 14:00:02"
Accenture,333.39,"2021-08-26 15:00:03"
Accenture,333.07,"2021-08-26 15:45:03"
Accenture,333.23,"2021-08-26 16:15:02"
Accenture,333.61,"2021-08-27 09:45:02"
Accenture,335.39,"2021-08-27 11:00:03"
Accenture,334.32,"2021-08-27 12:00:03"
Accenture,334.39,"2021-08-27 13:00:02"
Accenture,334.90,"2021-08-27 14:00:03"
Accenture,335.18,"2021-08-27 15:00:03"
Accenture,335.36,"2021-08-27 15:45:02"
Accenture,335.66,"2021-08-27 16:15:03"
Accenture,336.95,"2021-08-30 09:45:03"
Accenture,337.59,"2021-08-30 11:00:02"
Accenture,338.09,"2021-08-30 12:00:03"
Accenture,337.46,"2021-08-30 13:00:02"
Accenture,337.87,"2021-08-30 14:00:02"
Accenture,337.70,"2021-08-30 15:00:02"
Accenture,337.31,"2021-08-30 15:45:02"
Accenture,337.00,"2021-08-30 16:15:03"
Accenture,335.19,"2021-08-31 09:45:04"
Accenture,336.13,"2021-08-31 11:00:03"
Accenture,336.48,"2021-08-31 12:00:03"
Accenture,336.37,"2021-08-31 13:00:02"
Accenture,336.32,"2021-08-31 14:00:02"
Accenture,336.67,"2021-08-31 15:00:03"
Accenture,337.04,"2021-08-31 15:45:02"
Accenture,336.56,"2021-08-31 16:15:08"
Accenture,337.65,"2021-09-01 09:45:02"
Accenture,336.76,"2021-09-01 11:00:03"
Accenture,337.96,"2021-09-01 12:00:02"
Accenture,337.84,"2021-09-01 13:00:01"
Accenture,338.59,"2021-09-01 14:00:03"
Accenture,338.03,"2021-09-01 15:00:03"
Accenture,337.51,"2021-09-01 15:45:02"
Accenture,337.90,"2021-09-01 16:15:02"
Accenture,340.68,"2021-09-02 09:45:03"
Accenture,340.38,"2021-09-02 11:00:02"
Accenture,340.98,"2021-09-02 12:00:02"
Accenture,340.94,"2021-09-02 13:00:02"
Accenture,340.39,"2021-09-02 14:00:02"
Accenture,340.56,"2021-09-02 15:00:02"
Accenture,340.69,"2021-09-02 15:45:02"
Accenture,341.00,"2021-09-02 16:15:02"
Accenture,340.86,"2021-09-03 09:45:02"
Accenture,341.47,"2021-09-03 11:00:03"
Accenture,342.61,"2021-09-03 12:00:03"
Accenture,342.91,"2021-09-03 13:00:03"
Accenture,343.47,"2021-09-03 14:00:02"
Accenture,343.72,"2021-09-03 15:00:02"
Accenture,343.75,"2021-09-03 15:45:03"
Accenture,343.33,"2021-09-03 16:15:02"
Accenture,341.00,"2021-09-06 09:45:02"
Accenture,341.00,"2021-09-06 11:00:03"
Accenture,341.00,"2021-09-06 12:00:03"
Accenture,341.00,"2021-09-06 13:00:02"
Accenture,341.00,"2021-09-06 14:00:03"
Accenture,341.00,"2021-09-06 15:00:02"
Accenture,341.00,"2021-09-06 15:45:03"
Accenture,341.00,"2021-09-06 16:15:09"
Accenture,342.15,"2021-09-07 09:45:02"
Accenture,341.73,"2021-09-07 11:00:02"
Accenture,341.45,"2021-09-07 12:00:02"
Accenture,341.74,"2021-09-07 13:00:02"
Accenture,341.94,"2021-09-07 14:00:02"
Accenture,341.37,"2021-09-07 15:00:02"
Accenture,341.19,"2021-09-07 15:45:03"
Accenture,341.49,"2021-09-07 16:15:04"
Accenture,340.83,"2021-09-08 09:45:02"
Accenture,340.82,"2021-09-08 11:00:03"
Accenture,340.87,"2021-09-08 12:00:03"
Accenture,341.25,"2021-09-08 13:00:02"
Accenture,340.13,"2021-09-08 14:00:03"
Accenture,340.43,"2021-09-08 15:00:02"
Accenture,339.81,"2021-09-08 15:45:02"
Accenture,340.32,"2021-09-08 16:15:03"
Accenture,341.92,"2021-09-09 09:45:03"
Accenture,341.81,"2021-09-09 11:00:02"
Accenture,341.72,"2021-09-09 12:00:03"
Accenture,341.42,"2021-09-09 13:00:02"
Accenture,340.34,"2021-09-09 14:00:03"
Accenture,340.78,"2021-09-09 15:00:02"
Accenture,340.93,"2021-09-09 15:45:02"
Accenture,341.10,"2021-09-09 16:15:07"
Accenture,343.09,"2021-09-10 09:45:03"
Accenture,342.85,"2021-09-10 11:00:03"
Accenture,343.01,"2021-09-10 12:00:03"
Accenture,345.28,"2021-09-10 13:00:02"
Accenture,344.87,"2021-09-10 14:00:03"
Accenture,344.15,"2021-09-10 15:00:02"
Accenture,342.56,"2021-09-10 15:45:03"
Accenture,341.92,"2021-09-10 16:15:08"
Accenture,342.94,"2021-09-13 09:45:03"
Accenture,339.81,"2021-09-13 11:00:03"
Accenture,336.94,"2021-09-13 12:00:03"
Accenture,337.37,"2021-09-13 13:00:03"
Accenture,338.45,"2021-09-13 14:00:02"
Accenture,338.20,"2021-09-13 15:00:02"
Accenture,338.74,"2021-09-13 15:45:02"
Accenture,339.44,"2021-09-13 16:15:04"
Accenture,342.69,"2021-09-14 09:45:03"
Accenture,340.18,"2021-09-14 11:00:03"
Accenture,342.27,"2021-09-14 12:00:03"
Accenture,342.41,"2021-09-14 13:00:03"
Accenture,342.88,"2021-09-14 14:00:05"
Accenture,341.61,"2021-09-14 15:00:02"
Accenture,340.33,"2021-09-14 15:45:03"
Accenture,340.72,"2021-09-14 16:15:08"
Accenture,340.17,"2021-09-15 09:45:03"
Accenture,343.50,"2021-09-15 11:00:02"
Accenture,343.30,"2021-09-15 12:00:03"
Accenture,345.12,"2021-09-15 13:00:03"
Accenture,344.93,"2021-09-15 14:00:02"
Accenture,344.81,"2021-09-15 15:00:02"
Accenture,344.47,"2021-09-15 15:45:02"
Accenture,346.00,"2021-09-15 16:15:08"
Accenture,343.93,"2021-09-16 09:45:03"
Accenture,340.73,"2021-09-16 11:00:03"
Accenture,341.38,"2021-09-16 12:00:03"
Accenture,342.06,"2021-09-16 13:00:02"
Accenture,341.96,"2021-09-16 14:00:03"
Accenture,341.82,"2021-09-16 15:00:03"
Accenture,342.50,"2021-09-16 15:45:03"
Accenture,342.23,"2021-09-16 16:15:09"
Accenture,340.02,"2021-09-17 09:45:03"
Accenture,338.56,"2021-09-17 11:00:03"
Accenture,337.99,"2021-09-17 12:00:02"
Accenture,337.69,"2021-09-17 13:00:03"
Accenture,336.32,"2021-09-17 14:00:03"
Accenture,335.14,"2021-09-17 15:00:02"
Accenture,336.49,"2021-09-17 15:45:03"
Accenture,335.40,"2021-09-17 16:15:02"
Accenture,333.90,"2021-09-20 09:45:02"
Accenture,332.30,"2021-09-20 11:00:02"
Accenture,331.30,"2021-09-20 12:00:03"
Accenture,330.80,"2021-09-20 13:00:03"
Accenture,330.53,"2021-09-20 14:00:01"
Accenture,329.21,"2021-09-20 15:00:02"
Accenture,330.41,"2021-09-20 15:45:02"
Accenture,332.29,"2021-09-20 16:15:08"
Accenture,333.22,"2021-09-21 09:45:09"
Accenture,331.51,"2021-09-21 11:00:02"
Accenture,333.20,"2021-09-21 12:00:03"
Accenture,332.35,"2021-09-21 13:00:04"
Accenture,331.40,"2021-09-21 14:00:04"
Accenture,332.35,"2021-09-21 15:00:03"
Accenture,332.88,"2021-09-21 15:45:02"
Accenture,331.15,"2021-09-21 16:15:14"
Accenture,334.46,"2021-09-22 09:45:03"
Accenture,335.60,"2021-09-22 11:00:01"
Accenture,336.17,"2021-09-22 12:00:02"
Accenture,335.47,"2021-09-22 13:00:03"
Accenture,334.62,"2021-09-22 14:00:03"
Accenture,333.94,"2021-09-22 15:00:03"
Accenture,335.48,"2021-09-22 15:45:03"
Accenture,334.66,"2021-09-22 16:15:03"
Accenture,340.32,"2021-09-23 09:45:03"
Accenture,339.34,"2021-09-23 11:00:04"
Accenture,339.99,"2021-09-23 12:00:03"
Accenture,343.67,"2021-09-23 13:00:03"
Accenture,344.10,"2021-09-23 14:00:02"
Accenture,343.59,"2021-09-23 15:00:03"
Accenture,343.07,"2021-09-23 15:45:02"
Accenture,343.00,"2021-09-23 16:15:02"
Accenture,342.28,"2021-09-24 09:45:03"
Accenture,340.32,"2021-09-24 11:00:03"
Accenture,339.69,"2021-09-24 12:00:02"
Accenture,339.02,"2021-09-24 13:00:03"
Accenture,337.81,"2021-09-24 14:00:02"
Accenture,338.84,"2021-09-24 15:00:02"
Accenture,338.77,"2021-09-24 15:45:03"
Accenture,339.23,"2021-09-24 16:15:03"
Accenture,334.69,"2021-09-27 09:45:03"
Accenture,336.01,"2021-09-27 11:00:02"
Accenture,333.71,"2021-09-27 12:00:02"
Accenture,333.31,"2021-09-27 13:00:02"
Accenture,335.13,"2021-09-27 14:00:03"
Accenture,334.89,"2021-09-27 15:00:03"
Accenture,335.34,"2021-09-27 15:45:03"
Accenture,334.51,"2021-09-27 16:15:03"
Accenture,330.78,"2021-09-28 09:45:02"
Accenture,327.26,"2021-09-28 11:00:01"
Accenture,326.21,"2021-09-28 12:00:02"
Accenture,325.09,"2021-09-28 13:00:02"
Accenture,324.42,"2021-09-28 14:00:02"
Accenture,326.54,"2021-09-28 15:00:02"
Accenture,325.22,"2021-09-28 15:45:02"
Accenture,324.21,"2021-09-28 16:15:02"
Accenture,323.71,"2021-09-29 09:45:03"
Accenture,325.70,"2021-09-29 11:00:04"
Accenture,324.84,"2021-09-29 12:00:03"
Accenture,324.25,"2021-09-29 13:00:03"
Accenture,323.63,"2021-09-29 14:00:04"
Accenture,325.32,"2021-09-29 15:00:02"
Accenture,324.34,"2021-09-29 15:45:03"
Accenture,323.53,"2021-09-29 16:15:02"
Accenture,324.35,"2021-09-30 09:45:03"
Accenture,322.07,"2021-09-30 11:00:02"
Accenture,319.74,"2021-09-30 12:00:03"
Accenture,320.31,"2021-09-30 13:00:02"
Accenture,321.21,"2021-09-30 14:00:02"
Accenture,322.31,"2021-09-30 15:00:02"
Accenture,321.58,"2021-09-30 15:45:02"
Accenture,319.92,"2021-09-30 16:15:02"
Accenture,321.43,"2021-10-01 09:45:02"
Accenture,321.14,"2021-10-01 11:00:02"
Accenture,323.00,"2021-10-01 12:00:03"
Accenture,323.13,"2021-10-01 13:00:04"
Accenture,324.93,"2021-10-01 14:00:03"
Accenture,325.84,"2021-10-01 15:00:03"
Accenture,325.31,"2021-10-01 15:45:03"
Accenture,324.86,"2021-10-01 16:15:02"
Accenture,322.89,"2021-10-04 09:45:02"
Accenture,316.90,"2021-10-04 11:00:03"
Accenture,316.72,"2021-10-04 12:00:02"
Accenture,317.22,"2021-10-04 13:00:03"
Accenture,317.35,"2021-10-04 14:00:04"
Accenture,318.57,"2021-10-04 15:00:02"
Accenture,318.19,"2021-10-04 15:45:04"
Accenture,319.49,"2021-10-04 16:15:03"
Accenture,321.23,"2021-10-05 09:45:02"
Accenture,325.04,"2021-10-05 11:00:02"
Accenture,325.80,"2021-10-05 12:00:03"
Accenture,325.92,"2021-10-05 13:00:03"
Accenture,326.88,"2021-10-05 14:00:04"
Accenture,326.03,"2021-10-05 15:00:03"
Accenture,326.06,"2021-10-05 15:45:03"
Accenture,325.12,"2021-10-05 16:15:02"
Accenture,324.03,"2021-10-06 09:45:03"
Accenture,323.10,"2021-10-06 11:00:02"
Accenture,323.07,"2021-10-06 12:00:03"
Accenture,321.90,"2021-10-06 13:00:02"
Accenture,323.51,"2021-10-06 14:00:04"
Accenture,324.08,"2021-10-06 15:00:02"
Accenture,323.73,"2021-10-06 15:45:03"
Accenture,325.19,"2021-10-06 16:15:03"
Accenture,327.55,"2021-10-07 09:45:03"
Accenture,329.27,"2021-10-07 11:00:02"
Accenture,328.79,"2021-10-07 12:00:02"
Accenture,328.30,"2021-10-07 13:00:03"
Accenture,327.59,"2021-10-07 14:00:03"
Accenture,326.67,"2021-10-07 15:00:02"
Accenture,326.79,"2021-10-07 15:45:02"
Accenture,326.25,"2021-10-07 16:15:02"
Accenture,327.13,"2021-10-08 09:45:02"
Accenture,326.26,"2021-10-08 11:00:04"
Accenture,325.91,"2021-10-08 12:00:02"
Accenture,325.68,"2021-10-08 13:00:02"
Accenture,324.82,"2021-10-08 14:00:02"
Accenture,326.19,"2021-10-08 15:00:02"
Accenture,325.95,"2021-10-08 15:45:03"
Accenture,325.19,"2021-10-08 16:15:02"
Accenture,326.09,"2021-10-11 09:45:02"
Accenture,328.09,"2021-10-11 11:00:03"
Accenture,328.25,"2021-10-11 12:00:02"
Accenture,327.77,"2021-10-11 13:00:03"
Accenture,326.86,"2021-10-11 14:00:03"
Accenture,326.92,"2021-10-11 15:00:02"
Accenture,326.98,"2021-10-11 15:45:02"
Accenture,326.50,"2021-10-11 16:15:03"
Accenture,328.66,"2021-10-12 09:45:03"
Accenture,327.91,"2021-10-12 11:00:03"
Accenture,328.68,"2021-10-12 12:00:01"
Accenture,328.20,"2021-10-12 13:00:03"
Accenture,328.22,"2021-10-12 14:00:03"
Accenture,328.15,"2021-10-12 15:00:02"
Accenture,327.88,"2021-10-12 15:45:02"
Accenture,327.69,"2021-10-12 16:15:02"
Accenture,328.57,"2021-10-13 09:45:03"
Accenture,327.34,"2021-10-13 11:00:02"
Accenture,328.70,"2021-10-13 12:00:02"
Accenture,328.56,"2021-10-13 13:00:03"
Accenture,330.66,"2021-10-13 14:00:02"
Accenture,330.34,"2021-10-13 15:00:02"
Accenture,330.00,"2021-10-13 15:45:02"
Accenture,330.19,"2021-10-13 16:15:02"
Accenture,333.50,"2021-10-14 09:45:03"
Accenture,336.44,"2021-10-14 11:00:02"
Accenture,337.58,"2021-10-14 12:00:03"
Accenture,338.00,"2021-10-14 13:00:02"
Accenture,337.84,"2021-10-14 14:00:03"
Accenture,338.85,"2021-10-14 15:00:04"
Accenture,338.57,"2021-10-14 15:45:03"
Accenture,338.93,"2021-10-14 16:15:02"
Accenture,339.80,"2021-10-15 09:45:04"
Accenture,340.66,"2021-10-15 11:00:02"
Accenture,340.99,"2021-10-15 12:00:02"
Accenture,340.73,"2021-10-15 13:00:02"
Accenture,341.13,"2021-10-15 14:00:03"
Accenture,340.97,"2021-10-15 15:00:03"
Accenture,341.03,"2021-10-15 15:45:02"
Accenture,341.91,"2021-10-15 16:15:02"
Accenture,342.93,"2021-10-18 09:45:05"
Accenture,343.34,"2021-10-18 11:00:02"
Accenture,343.07,"2021-10-18 12:00:02"
Accenture,342.80,"2021-10-18 13:00:02"
Accenture,342.99,"2021-10-18 14:00:02"
Accenture,343.22,"2021-10-18 15:00:03"
Accenture,342.80,"2021-10-18 15:45:03"
Accenture,343.05,"2021-10-18 16:15:05"
Accenture,346.70,"2021-10-19 09:45:02"
Accenture,349.42,"2021-10-19 11:00:04"
Accenture,349.45,"2021-10-19 12:00:05"
Accenture,350.11,"2021-10-19 13:00:02"
Accenture,350.22,"2021-10-19 14:00:03"
Accenture,350.08,"2021-10-19 15:00:02"
Accenture,349.75,"2021-10-19 15:45:03"
Accenture,349.72,"2021-10-19 16:15:02"
Accenture,348.00,"2021-10-20 09:45:03"
Accenture,346.71,"2021-10-20 11:00:02"
Accenture,346.40,"2021-10-20 12:00:01"
Accenture,346.81,"2021-10-20 13:00:03"
Accenture,346.10,"2021-10-20 14:00:02"
Accenture,346.53,"2021-10-20 15:00:03"
Accenture,345.94,"2021-10-20 15:45:04"
Accenture,345.94,"2021-10-20 16:15:02"
Accenture,345.26,"2021-10-21 09:45:02"
Accenture,345.94,"2021-10-21 11:00:03"
Accenture,345.83,"2021-10-21 12:00:02"
Accenture,345.93,"2021-10-21 13:00:03"
Accenture,346.11,"2021-10-21 14:00:03"
Accenture,346.48,"2021-10-21 15:00:02"
Accenture,346.67,"2021-10-21 15:45:02"
Accenture,347.26,"2021-10-21 16:15:02"
Accenture,350.57,"2021-10-22 09:45:03"
Accenture,352.64,"2021-10-22 11:00:04"
Accenture,352.23,"2021-10-22 12:00:03"
Accenture,352.72,"2021-10-22 13:00:02"
Accenture,353.78,"2021-10-22 14:00:02"
Accenture,354.06,"2021-10-22 15:00:01"
Accenture,354.18,"2021-10-22 15:45:02"
Accenture,354.02,"2021-10-22 16:15:04"
Accenture,351.74,"2021-10-25 09:45:03"
Accenture,354.40,"2021-10-25 11:00:03"
Accenture,355.09,"2021-10-25 12:00:02"
Accenture,356.29,"2021-10-25 13:00:03"
Accenture,356.76,"2021-10-25 14:00:03"
Accenture,357.09,"2021-10-25 15:00:02"
Accenture,356.45,"2021-10-25 15:45:04"
Accenture,356.43,"2021-10-25 16:15:05"
Accenture,358.28,"2021-10-26 09:45:02"
Accenture,357.55,"2021-10-26 11:00:04"
Accenture,358.20,"2021-10-26 12:00:03"
Accenture,357.24,"2021-10-26 13:00:02"
Accenture,357.35,"2021-10-26 14:00:03"
Accenture,357.63,"2021-10-26 15:00:03"
Accenture,357.46,"2021-10-26 15:45:03"
Accenture,356.42,"2021-10-26 16:15:02"
Accenture,354.85,"2021-10-27 09:45:03"
Accenture,355.35,"2021-10-27 11:00:03"
Accenture,355.23,"2021-10-27 12:00:02"
Accenture,355.17,"2021-10-27 13:00:03"
Accenture,356.20,"2021-10-27 14:00:03"
Accenture,355.54,"2021-10-27 15:00:03"
Accenture,355.03,"2021-10-27 15:45:03"
Accenture,354.21,"2021-10-27 16:15:03"
Accenture,356.03,"2021-10-28 09:45:03"
Accenture,357.25,"2021-10-28 11:00:02"
Accenture,355.52,"2021-10-28 12:00:05"
Accenture,355.61,"2021-10-28 13:00:03"
Accenture,356.33,"2021-10-28 14:00:04"
Accenture,356.32,"2021-10-28 15:00:03"
Accenture,356.20,"2021-10-28 15:45:04"
Accenture,356.46,"2021-10-28 16:15:03"
Accenture,357.77,"2021-10-29 09:45:02"
Accenture,358.56,"2021-10-29 11:00:03"
Accenture,359.04,"2021-10-29 12:00:02"
Accenture,358.68,"2021-10-29 13:00:02"
Accenture,359.41,"2021-10-29 14:00:03"
Accenture,357.99,"2021-10-29 15:00:02"
Accenture,358.41,"2021-10-29 15:45:02"
Accenture,358.88,"2021-10-29 16:15:09"
Accenture,357.98,"2021-11-01 09:45:03"
Accenture,353.97,"2021-11-01 11:00:03"
Accenture,353.37,"2021-11-01 12:00:03"
Accenture,353.87,"2021-11-01 13:00:02"
Accenture,352.62,"2021-11-01 14:00:02"
Accenture,354.30,"2021-11-01 15:00:02"
Accenture,354.69,"2021-11-01 15:45:02"
Accenture,355.35,"2021-11-01 16:15:05"
Accenture,357.61,"2021-11-02 09:45:03"
Accenture,359.76,"2021-11-02 11:00:02"
Accenture,361.08,"2021-11-02 12:00:06"
Accenture,362.78,"2021-11-02 13:00:03"
Accenture,361.75,"2021-11-02 14:00:05"
Accenture,361.08,"2021-11-02 15:00:04"
Accenture,360.99,"2021-11-02 15:45:03"
Accenture,361.44,"2021-11-02 16:15:03"
Accenture,359.34,"2021-11-03 09:45:03"
Accenture,355.56,"2021-11-03 11:00:03"
Accenture,359.07,"2021-11-03 12:00:02"
Accenture,359.48,"2021-11-03 13:00:03"
Accenture,359.78,"2021-11-03 14:00:02"
Accenture,361.85,"2021-11-03 15:00:02"
Accenture,361.89,"2021-11-03 15:45:03"
Accenture,361.95,"2021-11-03 16:15:03"
Accenture,363.05,"2021-11-04 09:45:02"
Accenture,364.69,"2021-11-04 11:00:03"
Accenture,365.31,"2021-11-04 12:00:05"
Accenture,364.82,"2021-11-04 13:00:04"
Accenture,365.47,"2021-11-04 14:00:02"
Accenture,366.31,"2021-11-04 15:00:03"
Accenture,366.15,"2021-11-04 15:45:05"
Accenture,366.92,"2021-11-04 16:15:03"
Accenture,370.13,"2021-11-05 09:45:05"
Accenture,370.88,"2021-11-05 11:00:06"
Accenture,369.13,"2021-11-05 12:00:05"
Accenture,369.01,"2021-11-05 13:00:02"
Accenture,368.18,"2021-11-05 14:00:03"
Accenture,368.02,"2021-11-05 15:00:03"
Accenture,368.64,"2021-11-05 15:45:03"
Accenture,368.84,"2021-11-05 16:15:02"
Accenture,367.16,"2021-11-08 09:45:05"
Accenture,368.25,"2021-11-08 11:00:04"
Accenture,367.44,"2021-11-08 12:00:02"
Accenture,367.20,"2021-11-08 13:00:03"
Accenture,366.50,"2021-11-08 14:00:02"
Accenture,367.08,"2021-11-08 15:00:03"
Accenture,367.05,"2021-11-08 15:45:03"
Accenture,366.99,"2021-11-08 16:15:14"
Accenture,365.77,"2021-11-09 09:45:02"
Accenture,365.79,"2021-11-09 11:00:03"
Accenture,364.93,"2021-11-09 12:00:02"
Accenture,366.72,"2021-11-09 13:00:02"
Accenture,366.38,"2021-11-09 14:00:02"
Accenture,366.70,"2021-11-09 15:00:02"
Accenture,367.40,"2021-11-09 15:45:03"
Accenture,367.42,"2021-11-09 16:15:03"
Accenture,365.76,"2021-11-10 09:45:03"
Accenture,365.70,"2021-11-10 11:00:02"
Accenture,364.40,"2021-11-10 12:00:03"
Accenture,365.54,"2021-11-10 13:00:03"
Accenture,364.90,"2021-11-10 14:00:03"
Accenture,363.73,"2021-11-10 15:00:02"
Accenture,364.55,"2021-11-10 15:45:04"
Accenture,364.79,"2021-11-10 16:15:03"
Accenture,365.88,"2021-11-11 09:45:03"
Accenture,366.15,"2021-11-11 11:00:03"
Accenture,366.32,"2021-11-11 12:00:02"
Accenture,366.42,"2021-11-11 13:00:02"
Accenture,366.61,"2021-11-11 14:00:03"
Accenture,366.89,"2021-11-11 15:00:03"
Accenture,366.62,"2021-11-11 15:45:02"
Accenture,366.17,"2021-11-11 16:15:02"
Accenture,367.18,"2021-11-12 09:45:02"
Accenture,368.96,"2021-11-12 11:00:03"
Accenture,370.30,"2021-11-12 12:00:03"
Accenture,370.29,"2021-11-12 13:00:03"
Accenture,370.56,"2021-11-12 14:00:02"
Accenture,370.21,"2021-11-12 15:00:03"
Accenture,371.24,"2021-11-12 15:45:02"
Accenture,371.26,"2021-11-12 16:15:02"
Accenture,370.82,"2021-11-15 09:45:02"
Accenture,370.30,"2021-11-15 11:00:03"
Accenture,369.86,"2021-11-15 12:00:02"
Accenture,370.07,"2021-11-15 13:00:03"
Accenture,370.11,"2021-11-15 14:00:02"
Accenture,369.54,"2021-11-15 15:00:02"
Accenture,368.94,"2021-11-15 15:45:02"
Accenture,368.68,"2021-11-15 16:15:09"
Accenture,370.11,"2021-11-16 09:45:02"
Accenture,371.36,"2021-11-16 11:00:03"
Accenture,372.33,"2021-11-16 12:00:02"
Accenture,371.74,"2021-11-16 13:00:03"
Accenture,371.32,"2021-11-16 14:00:04"
Accenture,370.77,"2021-11-16 15:00:02"
Accenture,371.14,"2021-11-16 15:45:03"
Accenture,371.31,"2021-11-16 16:15:03"
Accenture,371.42,"2021-11-17 09:45:04"
Accenture,373.96,"2021-11-17 11:00:02"
Accenture,374.28,"2021-11-17 12:00:02"
Accenture,373.10,"2021-11-17 13:00:03"
Accenture,371.89,"2021-11-17 14:00:03"
Accenture,371.56,"2021-11-17 15:00:03"
Accenture,372.36,"2021-11-17 15:45:03"
Accenture,372.73,"2021-11-17 16:15:14"
Accenture,370.97,"2021-11-18 09:45:02"
Accenture,370.72,"2021-11-18 11:00:03"
Accenture,371.50,"2021-11-18 12:00:03"
Accenture,370.68,"2021-11-18 13:00:02"
Accenture,372.13,"2021-11-18 14:00:03"
Accenture,371.75,"2021-11-18 15:00:03"
Accenture,371.24,"2021-11-18 15:45:03"
Accenture,370.74,"2021-11-18 16:15:02"
Accenture,372.67,"2021-11-19 09:45:04"
Accenture,372.63,"2021-11-19 11:00:03"
Accenture,373.35,"2021-11-19 12:00:04"
Accenture,372.98,"2021-11-19 13:00:04"
Accenture,371.87,"2021-11-19 14:00:03"
Accenture,372.83,"2021-11-19 15:00:03"
Accenture,371.10,"2021-11-19 15:45:03"
Accenture,369.79,"2021-11-19 16:15:14"
Accenture,371.48,"2021-11-22 09:45:04"
Accenture,369.32,"2021-11-22 11:00:02"
Accenture,364.52,"2021-11-22 12:00:03"
Accenture,364.45,"2021-11-22 13:00:03"
Accenture,365.23,"2021-11-22 14:00:03"
Accenture,366.88,"2021-11-22 15:00:03"
Accenture,366.33,"2021-11-22 15:45:03"
Accenture,363.25,"2021-11-22 16:15:02"
Accenture,361.85,"2021-11-23 09:45:03"
Accenture,357.75,"2021-11-23 11:00:03"
Accenture,358.48,"2021-11-23 12:00:03"
Accenture,357.78,"2021-11-23 13:00:02"
Accenture,358.99,"2021-11-23 14:00:04"
Accenture,360.70,"2021-11-23 15:00:03"
Accenture,361.37,"2021-11-23 15:45:03"
Accenture,360.68,"2021-11-23 16:15:04"
Accenture,360.18,"2021-11-24 09:45:03"
Accenture,360.60,"2021-11-24 11:00:03"
Accenture,360.33,"2021-11-24 12:00:05"
Accenture,361.75,"2021-11-24 13:00:04"
Accenture,361.48,"2021-11-24 14:00:02"
Accenture,361.54,"2021-11-24 15:00:03"
Accenture,361.90,"2021-11-24 15:45:03"
Accenture,362.34,"2021-11-24 16:15:03"
Accenture,362.34,"2021-11-25 09:45:02"
Accenture,362.34,"2021-11-25 11:00:04"
Accenture,362.34,"2021-11-25 12:00:02"
Accenture,362.34,"2021-11-25 13:00:03"
Accenture,362.34,"2021-11-25 14:00:03"
Accenture,362.34,"2021-11-25 15:00:02"
Accenture,362.34,"2021-11-25 15:45:03"
Accenture,362.34,"2021-11-25 16:15:02"
Accenture,358.66,"2021-11-26 09:45:02"
Accenture,355.24,"2021-11-26 11:00:03"
Accenture,354.43,"2021-11-26 12:00:02"
Accenture,353.39,"2021-11-26 13:00:03"
Accenture,353.96,"2021-11-26 14:00:03"
Accenture,353.96,"2021-11-26 15:00:05"
Accenture,353.96,"2021-11-26 15:45:03"
Accenture,353.96,"2021-11-26 16:15:03"
Accenture,361.94,"2021-11-29 09:45:04"
Accenture,364.91,"2021-11-29 11:00:03"
Accenture,366.48,"2021-11-29 12:00:03"
Accenture,368.84,"2021-11-29 13:00:03"
Accenture,368.36,"2021-11-29 14:00:03"
Accenture,367.32,"2021-11-29 15:00:03"
Accenture,366.95,"2021-11-29 15:45:02"
Accenture,365.66,"2021-11-29 16:15:02"
Accenture,363.37,"2021-11-30 09:45:03"
Accenture,361.37,"2021-11-30 11:00:03"
Accenture,360.28,"2021-11-30 12:00:03"
Accenture,362.27,"2021-11-30 13:00:03"
Accenture,363.39,"2021-11-30 14:00:03"
Accenture,361.65,"2021-11-30 15:00:03"
Accenture,359.31,"2021-11-30 15:45:03"
Accenture,357.62,"2021-11-30 16:15:03"
Accenture,362.74,"2021-12-01 09:45:02"
Accenture,367.55,"2021-12-01 11:00:04"
Accenture,368.58,"2021-12-01 12:00:03"
Accenture,367.45,"2021-12-01 13:00:04"
Accenture,368.35,"2021-12-01 14:00:03"
Accenture,366.43,"2021-12-01 15:00:04"
Accenture,363.86,"2021-12-01 15:45:04"
Accenture,360.13,"2021-12-01 16:15:02"
Accenture,363.17,"2021-12-02 09:45:02"
Accenture,366.01,"2021-12-02 11:00:02"
Accenture,366.19,"2021-12-02 12:00:02"
Accenture,367.46,"2021-12-02 13:00:03"
Accenture,367.46,"2021-12-02 14:00:03"
Accenture,368.00,"2021-12-02 15:00:03"
Accenture,366.60,"2021-12-02 15:45:03"
Accenture,365.24,"2021-12-02 16:15:02"
Accenture,367.39,"2021-12-03 09:45:02"
Accenture,360.17,"2021-12-03 11:00:02"
Accenture,359.97,"2021-12-03 12:00:03"
Accenture,359.11,"2021-12-03 13:00:03"
Accenture,358.03,"2021-12-03 14:00:03"
Accenture,358.57,"2021-12-03 15:00:03"
Accenture,359.11,"2021-12-03 15:45:03"
Accenture,361.23,"2021-12-03 16:15:03"
Accenture,359.90,"2021-12-06 09:45:02"
Accenture,361.28,"2021-12-06 11:00:02"
Accenture,361.29,"2021-12-06 12:00:02"
Accenture,363.71,"2021-12-06 13:00:02"
Accenture,364.18,"2021-12-06 14:00:03"
Accenture,362.87,"2021-12-06 15:00:03"
Accenture,362.55,"2021-12-06 15:45:03"
Accenture,362.18,"2021-12-06 16:15:02"
Accenture,367.91,"2021-12-07 09:45:02"
Accenture,371.82,"2021-12-07 11:00:03"
Accenture,371.17,"2021-12-07 12:00:03"
Accenture,372.88,"2021-12-07 13:00:02"
Accenture,371.18,"2021-12-07 14:00:02"
Accenture,371.18,"2021-12-07 15:00:02"
Accenture,370.60,"2021-12-07 15:45:03"
Accenture,371.34,"2021-12-07 16:15:02"
Accenture,370.99,"2021-12-08 09:45:05"
Accenture,371.70,"2021-12-08 11:00:03"
Accenture,372.15,"2021-12-08 12:00:03"
Accenture,372.74,"2021-12-08 13:00:02"
Accenture,372.41,"2021-12-08 14:00:03"
Accenture,373.37,"2021-12-08 15:00:03"
Accenture,373.79,"2021-12-08 15:45:02"
Accenture,374.46,"2021-12-08 16:15:03"
Accenture,372.12,"2021-12-09 09:45:03"
Accenture,371.50,"2021-12-09 11:00:03"
Accenture,371.94,"2021-12-09 12:00:03"
Accenture,372.70,"2021-12-09 13:00:03"
Accenture,373.00,"2021-12-09 14:00:03"
Accenture,371.84,"2021-12-09 15:00:03"
Accenture,372.37,"2021-12-09 15:45:02"
Accenture,371.47,"2021-12-09 16:15:03"
Accenture,374.93,"2021-12-10 09:45:02"
Accenture,375.98,"2021-12-10 11:00:02"
Accenture,377.32,"2021-12-10 12:00:02"
Accenture,378.84,"2021-12-10 13:00:03"
Accenture,378.55,"2021-12-10 14:00:03"
Accenture,378.02,"2021-12-10 15:00:02"
Accenture,378.96,"2021-12-10 15:45:02"
Accenture,379.34,"2021-12-10 16:15:02"
Accenture,379.51,"2021-12-13 09:45:02"
Accenture,378.29,"2021-12-13 11:00:03"
Accenture,379.17,"2021-12-13 12:00:03"
Accenture,379.09,"2021-12-13 13:00:04"
Accenture,378.65,"2021-12-13 14:00:03"
Accenture,378.67,"2021-12-13 15:00:02"
