Autodesk,276.00,"2021-03-01 03:05:50"
Autodesk,284.24,"2021-03-01 13:01:03"
Autodesk,284.21,"2021-03-01 13:35:25"
Autodesk,284.28,"2021-03-01 13:56:41"
Autodesk,284.19,"2021-03-01 14:00:03"
Autodesk,284.25,"2021-03-01 15:00:05"
Autodesk,283.70,"2021-03-01 15:45:04"
Autodesk,283.57,"2021-03-01 16:15:02"
Autodesk,281.75,"2021-03-02 09:45:02"
Autodesk,278.66,"2021-03-02 11:00:06"
Autodesk,280.47,"2021-03-02 12:00:06"
Autodesk,280.50,"2021-03-02 13:00:06"
Autodesk,280.03,"2021-03-02 14:00:04"
Autodesk,279.63,"2021-03-02 15:00:06"
Autodesk,278.85,"2021-03-02 15:45:03"
Autodesk,277.92,"2021-03-02 16:15:03"
Autodesk,275.47,"2021-03-03 09:45:03"
Autodesk,271.26,"2021-03-03 11:00:05"
Autodesk,272.96,"2021-03-03 12:00:07"
Autodesk,270.83,"2021-03-03 13:00:02"
Autodesk,269.60,"2021-03-03 14:00:06"
Autodesk,269.51,"2021-03-03 15:00:06"
Autodesk,269.24,"2021-03-03 15:45:02"
Autodesk,270.60,"2021-03-03 16:15:03"
Autodesk,269.20,"2021-03-04 09:45:01"
Autodesk,267.96,"2021-03-04 11:00:06"
Autodesk,271.70,"2021-03-04 12:00:05"
Autodesk,265.95,"2021-03-04 13:00:05"
Autodesk,263.47,"2021-03-04 14:00:05"
Autodesk,267.46,"2021-03-04 15:00:07"
Autodesk,266.87,"2021-03-04 15:45:03"
Autodesk,265.44,"2021-03-04 16:15:03"
Autodesk,267.60,"2021-03-05 09:45:02"
Autodesk,259.24,"2021-03-05 11:00:09"
Autodesk,257.36,"2021-03-05 12:00:07"
Autodesk,263.73,"2021-03-05 13:00:06"
Autodesk,263.99,"2021-03-05 14:00:06"
Autodesk,267.61,"2021-03-05 15:00:06"
Autodesk,268.56,"2021-03-05 15:45:02"
Autodesk,267.40,"2021-03-05 16:15:02"
Autodesk,267.82,"2021-03-08 09:45:02"
Autodesk,265.52,"2021-03-08 11:00:07"
Autodesk,263.48,"2021-03-08 12:00:07"
Autodesk,263.56,"2021-03-08 13:00:05"
Autodesk,259.29,"2021-03-08 14:00:03"
Autodesk,258.10,"2021-03-08 15:00:05"
Autodesk,253.76,"2021-03-08 15:45:03"
Autodesk,252.54,"2021-03-08 16:15:01"
Autodesk,263.44,"2021-03-09 09:45:03"
Autodesk,262.89,"2021-03-09 11:00:05"
Autodesk,263.41,"2021-03-09 12:00:06"
Autodesk,264.98,"2021-03-09 13:00:03"
Autodesk,264.87,"2021-03-09 14:00:06"
Autodesk,264.68,"2021-03-09 15:00:04"
Autodesk,264.61,"2021-03-09 15:45:04"
Autodesk,263.97,"2021-03-09 16:15:02"
Autodesk,269.30,"2021-03-10 09:45:01"
Autodesk,268.49,"2021-03-10 11:00:04"
Autodesk,268.96,"2021-03-10 12:00:02"
Autodesk,266.23,"2021-03-10 13:00:03"
Autodesk,263.18,"2021-03-10 14:00:03"
Autodesk,263.27,"2021-03-10 15:00:02"
Autodesk,263.26,"2021-03-10 15:45:02"
Autodesk,263.64,"2021-03-10 16:15:03"
Autodesk,271.51,"2021-03-11 09:45:03"
Autodesk,273.30,"2021-03-11 11:00:02"
Autodesk,274.57,"2021-03-11 12:00:03"
Autodesk,273.99,"2021-03-11 13:00:04"
Autodesk,273.85,"2021-03-11 14:00:02"
Autodesk,274.80,"2021-03-11 15:00:03"
Autodesk,274.30,"2021-03-11 15:45:03"
Autodesk,274.36,"2021-03-11 16:15:03"
Autodesk,267.71,"2021-03-12 09:45:04"
Autodesk,265.21,"2021-03-12 11:00:03"
Autodesk,267.34,"2021-03-12 12:00:03"
Autodesk,268.49,"2021-03-12 13:00:02"
Autodesk,268.85,"2021-03-12 14:00:01"
Autodesk,268.36,"2021-03-12 15:00:02"
Autodesk,268.13,"2021-03-12 15:45:03"
Autodesk,268.11,"2021-03-12 16:15:02"
Autodesk,267.97,"2021-03-15 09:45:01"
Autodesk,268.86,"2021-03-15 11:00:03"
Autodesk,267.24,"2021-03-15 12:00:03"
Autodesk,269.02,"2021-03-15 13:00:02"
Autodesk,270.35,"2021-03-15 14:00:03"
Autodesk,270.78,"2021-03-15 15:00:02"
Autodesk,270.29,"2021-03-15 15:45:09"
Autodesk,273.02,"2021-03-15 16:15:02"
Autodesk,275.28,"2021-03-16 09:45:03"
Autodesk,276.63,"2021-03-16 11:00:03"
Autodesk,274.71,"2021-03-16 12:00:04"
Autodesk,275.26,"2021-03-16 13:00:04"
Autodesk,274.40,"2021-03-16 14:00:03"
Autodesk,273.72,"2021-03-16 15:00:04"
Autodesk,275.88,"2021-03-16 15:45:09"
Autodesk,275.10,"2021-03-16 16:15:03"
Autodesk,268.85,"2021-03-17 09:45:02"
Autodesk,270.63,"2021-03-17 11:00:04"
Autodesk,267.82,"2021-03-17 12:00:03"
Autodesk,265.53,"2021-03-17 13:00:04"
Autodesk,266.87,"2021-03-17 14:00:04"
Autodesk,272.51,"2021-03-17 15:00:02"
Autodesk,272.57,"2021-03-17 15:45:03"
Autodesk,272.84,"2021-03-17 16:15:01"
Autodesk,264.18,"2021-03-18 09:45:04"
Autodesk,265.30,"2021-03-18 11:00:02"
Autodesk,266.31,"2021-03-18 12:00:03"
Autodesk,267.35,"2021-03-18 13:00:03"
Autodesk,270.72,"2021-03-18 14:00:02"
Autodesk,266.64,"2021-03-18 15:00:03"
Autodesk,264.17,"2021-03-18 15:45:01"
Autodesk,263.44,"2021-03-18 16:15:04"
Autodesk,261.62,"2021-03-19 09:45:03"
Autodesk,263.04,"2021-03-19 11:00:03"
Autodesk,263.39,"2021-03-19 12:00:03"
Autodesk,264.12,"2021-03-19 13:00:03"
Autodesk,263.99,"2021-03-19 14:00:05"
Autodesk,263.65,"2021-03-19 15:00:03"
Autodesk,262.50,"2021-03-19 15:45:03"
Autodesk,261.50,"2021-03-19 16:15:04"
Autodesk,263.88,"2021-03-22 09:45:03"
Autodesk,266.38,"2021-03-22 11:00:01"
Autodesk,267.06,"2021-03-22 12:00:02"
Autodesk,268.71,"2021-03-22 13:00:03"
Autodesk,268.65,"2021-03-22 14:00:03"
Autodesk,268.69,"2021-03-22 15:00:02"
Autodesk,266.75,"2021-03-22 15:45:04"
Autodesk,265.96,"2021-03-22 16:15:02"
Autodesk,268.81,"2021-03-23 09:45:04"
Autodesk,270.48,"2021-03-23 11:00:03"
Autodesk,273.56,"2021-03-23 12:00:03"
Autodesk,271.97,"2021-03-23 13:00:04"
Autodesk,270.24,"2021-03-23 14:00:02"
Autodesk,269.63,"2021-03-23 15:00:03"
Autodesk,268.76,"2021-03-23 15:45:03"
Autodesk,269.00,"2021-03-23 16:15:03"
Autodesk,267.45,"2021-03-24 09:45:02"
Autodesk,268.46,"2021-03-24 11:00:02"
Autodesk,267.70,"2021-03-24 12:00:04"
Autodesk,266.98,"2021-03-24 13:00:02"
Autodesk,267.92,"2021-03-24 14:00:04"
Autodesk,265.86,"2021-03-24 15:00:03"
Autodesk,265.29,"2021-03-24 15:45:02"
Autodesk,263.80,"2021-03-24 16:15:03"
Autodesk,260.96,"2021-03-25 09:45:04"
Autodesk,258.02,"2021-03-25 11:00:03"
Autodesk,258.50,"2021-03-25 12:00:04"
Autodesk,260.86,"2021-03-25 13:00:03"
Autodesk,260.19,"2021-03-25 14:00:03"
Autodesk,262.29,"2021-03-25 15:00:04"
Autodesk,262.10,"2021-03-25 15:45:02"
Autodesk,260.96,"2021-03-25 16:15:03"
Autodesk,263.43,"2021-03-26 09:45:04"
Autodesk,265.70,"2021-03-26 11:00:03"
Autodesk,265.68,"2021-03-26 12:00:03"
Autodesk,264.98,"2021-03-26 13:00:02"
Autodesk,264.00,"2021-03-26 14:00:02"
Autodesk,264.77,"2021-03-26 15:00:04"
Autodesk,266.68,"2021-03-26 15:45:02"
Autodesk,269.01,"2021-03-26 16:15:04"
Autodesk,269.75,"2021-03-29 09:45:01"
Autodesk,270.26,"2021-03-29 11:00:04"
Autodesk,270.21,"2021-03-29 12:00:04"
Autodesk,272.46,"2021-03-29 13:00:05"
Autodesk,271.13,"2021-03-29 14:00:03"
Autodesk,270.25,"2021-03-29 15:00:01"
Autodesk,271.56,"2021-03-29 15:45:03"
Autodesk,270.78,"2021-03-29 16:15:02"
Autodesk,266.68,"2021-03-30 09:45:02"
Autodesk,269.14,"2021-03-30 11:00:04"
Autodesk,270.04,"2021-03-30 12:00:02"
Autodesk,268.01,"2021-03-30 13:00:03"
Autodesk,268.52,"2021-03-30 14:00:03"
Autodesk,268.86,"2021-03-30 15:00:05"
Autodesk,268.41,"2021-03-30 15:45:01"
Autodesk,268.43,"2021-03-30 16:15:02"
Autodesk,274.16,"2021-03-31 09:45:03"
Autodesk,276.94,"2021-03-31 11:00:02"
Autodesk,278.18,"2021-03-31 12:00:02"
Autodesk,278.53,"2021-03-31 13:00:04"
Autodesk,277.97,"2021-03-31 14:00:02"
Autodesk,278.26,"2021-03-31 15:00:07"
Autodesk,277.86,"2021-03-31 15:45:03"
Autodesk,277.15,"2021-03-31 16:15:02"
Autodesk,283.28,"2021-04-01 09:45:02"
Autodesk,284.91,"2021-04-01 11:00:02"
Autodesk,285.06,"2021-04-01 12:00:02"
Autodesk,283.66,"2021-04-01 13:00:04"
Autodesk,284.33,"2021-04-01 14:00:03"
Autodesk,284.50,"2021-04-01 15:00:04"
Autodesk,283.09,"2021-04-01 15:45:03"
Autodesk,283.90,"2021-04-01 16:15:01"
Autodesk,283.90,"2021-04-02 09:45:03"
Autodesk,283.90,"2021-04-02 11:00:03"
Autodesk,283.90,"2021-04-02 12:00:04"
Autodesk,283.90,"2021-04-02 13:00:04"
Autodesk,283.90,"2021-04-02 14:00:03"
Autodesk,283.90,"2021-04-02 15:00:04"
Autodesk,283.90,"2021-04-02 15:45:02"
Autodesk,283.90,"2021-04-02 16:15:03"
Autodesk,285.65,"2021-04-05 09:45:02"
Autodesk,286.55,"2021-04-05 11:00:03"
Autodesk,286.39,"2021-04-05 12:00:03"
Autodesk,288.00,"2021-04-05 13:00:03"
Autodesk,288.21,"2021-04-05 14:00:03"
Autodesk,288.92,"2021-04-05 15:00:03"
Autodesk,287.68,"2021-04-05 15:45:02"
Autodesk,288.32,"2021-04-05 16:15:03"
Autodesk,284.82,"2021-04-06 09:45:03"
Autodesk,286.61,"2021-04-06 11:00:03"
Autodesk,288.17,"2021-04-06 12:00:02"
Autodesk,287.60,"2021-04-06 13:00:03"
Autodesk,285.78,"2021-04-06 14:00:03"
Autodesk,286.79,"2021-04-06 15:00:02"
Autodesk,286.02,"2021-04-06 15:45:02"
Autodesk,285.50,"2021-04-06 16:15:01"
Autodesk,284.81,"2021-04-07 09:45:03"
Autodesk,285.93,"2021-04-07 11:00:02"
Autodesk,285.87,"2021-04-07 12:00:04"
Autodesk,285.15,"2021-04-07 13:00:03"
Autodesk,285.94,"2021-04-07 14:00:04"
Autodesk,286.19,"2021-04-07 15:00:05"
Autodesk,285.50,"2021-04-07 15:45:03"
Autodesk,286.12,"2021-04-07 16:15:02"
Autodesk,296.53,"2021-04-08 09:45:05"
Autodesk,293.17,"2021-04-08 11:00:02"
Autodesk,293.27,"2021-04-08 12:00:06"
Autodesk,292.35,"2021-04-08 13:00:05"
Autodesk,292.61,"2021-04-08 14:00:02"
Autodesk,292.61,"2021-04-08 15:00:03"
Autodesk,293.20,"2021-04-08 15:45:03"
Autodesk,293.45,"2021-04-08 16:15:03"
Autodesk,290.63,"2021-04-09 09:45:03"
Autodesk,293.80,"2021-04-09 11:00:07"
Autodesk,295.98,"2021-04-09 12:00:05"
Autodesk,296.41,"2021-04-09 13:00:02"
Autodesk,296.90,"2021-04-09 14:00:02"
Autodesk,296.53,"2021-04-09 15:00:02"
Autodesk,296.91,"2021-04-09 15:45:03"
Autodesk,296.49,"2021-04-09 16:15:03"
Autodesk,294.66,"2021-04-12 09:45:03"
Autodesk,294.61,"2021-04-12 11:00:04"
Autodesk,294.46,"2021-04-12 12:00:01"
Autodesk,295.83,"2021-04-12 13:00:02"
Autodesk,294.24,"2021-04-12 14:00:03"
Autodesk,294.30,"2021-04-12 15:00:02"
Autodesk,294.50,"2021-04-12 15:45:02"
Autodesk,294.50,"2021-04-12 16:15:03"
Autodesk,296.55,"2021-04-13 09:45:02"
Autodesk,295.43,"2021-04-13 11:00:01"
Autodesk,293.25,"2021-04-13 12:00:04"
Autodesk,294.23,"2021-04-13 13:00:02"
Autodesk,294.89,"2021-04-13 14:00:03"
Autodesk,295.43,"2021-04-13 15:00:02"
Autodesk,295.48,"2021-04-13 15:45:02"
Autodesk,295.35,"2021-04-13 16:15:02"
Autodesk,298.66,"2021-04-14 09:45:02"
Autodesk,299.10,"2021-04-14 11:00:02"
Autodesk,297.74,"2021-04-14 12:00:04"
Autodesk,298.57,"2021-04-14 13:00:03"
Autodesk,295.68,"2021-04-14 14:00:05"
Autodesk,295.33,"2021-04-14 15:00:06"
Autodesk,294.84,"2021-04-14 15:45:03"
Autodesk,294.35,"2021-04-14 16:15:02"
Autodesk,300.58,"2021-04-15 09:45:04"
Autodesk,300.37,"2021-04-15 11:00:04"
Autodesk,298.89,"2021-04-15 12:00:02"
Autodesk,298.80,"2021-04-15 13:00:03"
Autodesk,299.06,"2021-04-15 14:00:03"
Autodesk,299.13,"2021-04-15 15:00:05"
Autodesk,299.21,"2021-04-15 15:45:02"
Autodesk,298.86,"2021-04-15 16:15:02"
Autodesk,297.94,"2021-04-16 09:45:02"
Autodesk,300.12,"2021-04-16 11:00:04"
Autodesk,300.12,"2021-04-16 12:00:01"
Autodesk,300.36,"2021-04-16 13:00:03"
Autodesk,299.86,"2021-04-16 14:00:03"
Autodesk,299.78,"2021-04-16 15:00:03"
Autodesk,300.27,"2021-04-16 15:45:02"
Autodesk,298.88,"2021-04-16 16:15:02"
Autodesk,297.75,"2021-04-19 09:45:02"
Autodesk,293.79,"2021-04-19 11:00:04"
Autodesk,292.63,"2021-04-19 12:00:02"
Autodesk,290.42,"2021-04-19 13:00:04"
Autodesk,290.73,"2021-04-19 14:00:03"
Autodesk,289.67,"2021-04-19 15:00:04"
Autodesk,290.42,"2021-04-19 15:45:03"
Autodesk,290.20,"2021-04-19 16:15:03"
Autodesk,287.93,"2021-04-20 09:45:05"
Autodesk,285.21,"2021-04-20 11:00:07"
Autodesk,283.89,"2021-04-20 12:00:03"
Autodesk,284.52,"2021-04-20 13:00:03"
Autodesk,285.37,"2021-04-20 14:00:03"
Autodesk,285.09,"2021-04-20 15:00:03"
Autodesk,286.68,"2021-04-20 15:45:02"
Autodesk,286.36,"2021-04-20 16:15:02"
Autodesk,286.36,"2021-04-21 09:45:03"
Autodesk,287.20,"2021-04-21 11:00:05"
Autodesk,288.38,"2021-04-21 12:00:03"
Autodesk,288.80,"2021-04-21 13:00:02"
Autodesk,288.15,"2021-04-21 14:00:04"
Autodesk,288.51,"2021-04-21 15:00:03"
Autodesk,288.55,"2021-04-21 15:45:03"
Autodesk,288.36,"2021-04-21 16:15:03"
Autodesk,286.63,"2021-04-22 09:45:02"
Autodesk,289.90,"2021-04-22 11:00:03"
Autodesk,291.21,"2021-04-22 12:00:05"
Autodesk,292.02,"2021-04-22 13:00:04"
Autodesk,286.33,"2021-04-22 14:00:03"
Autodesk,288.96,"2021-04-22 15:00:04"
Autodesk,288.57,"2021-04-22 15:45:02"
Autodesk,288.00,"2021-04-22 16:15:02"
Autodesk,289.73,"2021-04-23 09:45:04"
Autodesk,291.04,"2021-04-23 11:00:08"
Autodesk,295.85,"2021-04-23 12:00:04"
Autodesk,295.15,"2021-04-23 13:00:04"
Autodesk,295.84,"2021-04-23 14:00:04"
Autodesk,295.93,"2021-04-23 15:00:03"
Autodesk,295.32,"2021-04-23 15:45:03"
Autodesk,295.27,"2021-04-23 16:15:01"
Autodesk,296.01,"2021-04-26 09:45:02"
Autodesk,298.03,"2021-04-26 11:00:02"
Autodesk,299.76,"2021-04-26 12:00:06"
Autodesk,300.28,"2021-04-26 13:00:04"
Autodesk,299.75,"2021-04-26 14:00:02"
Autodesk,299.62,"2021-04-26 15:00:02"
Autodesk,299.02,"2021-04-26 15:45:02"
Autodesk,299.34,"2021-04-26 16:15:03"
Autodesk,297.92,"2021-04-27 09:45:04"
Autodesk,294.83,"2021-04-27 11:00:04"
Autodesk,295.74,"2021-04-27 12:00:02"
Autodesk,297.07,"2021-04-27 13:00:02"
Autodesk,297.75,"2021-04-27 14:00:02"
Autodesk,297.35,"2021-04-27 15:00:02"
Autodesk,298.35,"2021-04-27 15:45:03"
Autodesk,297.87,"2021-04-27 16:15:02"
Autodesk,297.48,"2021-04-28 09:45:04"
Autodesk,298.68,"2021-04-28 11:00:02"
Autodesk,297.36,"2021-04-28 12:00:03"
Autodesk,298.61,"2021-04-28 13:00:02"
Autodesk,298.01,"2021-04-28 14:00:02"
Autodesk,299.30,"2021-04-28 15:00:03"
Autodesk,299.10,"2021-04-28 15:45:02"
Autodesk,297.81,"2021-04-28 16:15:03"
Autodesk,297.36,"2021-04-29 09:45:03"
Autodesk,297.15,"2021-04-29 11:00:02"
Autodesk,295.13,"2021-04-29 12:00:02"
Autodesk,296.78,"2021-04-29 13:00:02"
Autodesk,297.14,"2021-04-29 14:00:03"
Autodesk,297.31,"2021-04-29 15:00:05"
Autodesk,296.09,"2021-04-29 15:45:02"
Autodesk,296.28,"2021-04-29 16:15:03"
Autodesk,293.76,"2021-04-30 09:45:02"
Autodesk,293.29,"2021-04-30 11:00:05"
Autodesk,293.33,"2021-04-30 12:00:04"
Autodesk,292.19,"2021-04-30 13:00:02"
Autodesk,291.03,"2021-04-30 14:00:02"
Autodesk,291.68,"2021-04-30 15:00:02"
Autodesk,291.93,"2021-04-30 15:45:02"
Autodesk,291.91,"2021-04-30 16:15:04"
Autodesk,291.53,"2021-05-03 09:45:04"
Autodesk,289.63,"2021-05-03 11:00:05"
Autodesk,287.85,"2021-05-03 12:00:04"
Autodesk,286.45,"2021-05-03 13:00:02"
Autodesk,287.69,"2021-05-03 14:00:02"
Autodesk,287.52,"2021-05-03 15:00:02"
Autodesk,287.54,"2021-05-03 15:45:02"
Autodesk,287.50,"2021-05-03 16:15:02"
Autodesk,282.63,"2021-05-04 09:45:01"
Autodesk,277.89,"2021-05-04 11:00:04"
Autodesk,274.67,"2021-05-04 12:00:03"
Autodesk,277.27,"2021-05-04 13:00:01"
Autodesk,277.67,"2021-05-04 14:00:04"
Autodesk,278.94,"2021-05-04 15:00:02"
Autodesk,279.04,"2021-05-04 15:45:03"
Autodesk,279.76,"2021-05-04 16:15:03"
Autodesk,280.63,"2021-05-05 09:45:03"
Autodesk,280.47,"2021-05-05 11:00:03"
Autodesk,281.14,"2021-05-05 12:00:03"
Autodesk,280.50,"2021-05-05 13:00:02"
Autodesk,280.68,"2021-05-05 14:00:03"
Autodesk,280.88,"2021-05-05 15:00:03"
Autodesk,280.25,"2021-05-05 15:45:03"
Autodesk,281.08,"2021-05-05 16:15:04"
Autodesk,280.78,"2021-05-06 09:45:04"
Autodesk,281.38,"2021-05-06 11:00:02"
Autodesk,282.12,"2021-05-06 12:00:03"
Autodesk,282.91,"2021-05-06 13:00:01"
Autodesk,281.82,"2021-05-06 14:00:02"
Autodesk,282.45,"2021-05-06 15:00:02"
Autodesk,283.15,"2021-05-06 15:45:02"
Autodesk,284.35,"2021-05-06 16:15:03"
Autodesk,290.02,"2021-05-07 09:45:04"
Autodesk,290.08,"2021-05-07 11:00:02"
Autodesk,289.51,"2021-05-07 12:00:03"
Autodesk,287.96,"2021-05-07 13:00:05"
Autodesk,285.13,"2021-05-07 14:00:03"
Autodesk,285.77,"2021-05-07 15:00:02"
Autodesk,285.66,"2021-05-07 15:45:03"
Autodesk,285.76,"2021-05-07 16:15:02"
Autodesk,280.60,"2021-05-10 09:45:04"
Autodesk,280.17,"2021-05-10 11:00:03"
Autodesk,280.67,"2021-05-10 12:00:02"
Autodesk,280.29,"2021-05-10 13:00:03"
Autodesk,279.77,"2021-05-10 14:00:02"
Autodesk,276.62,"2021-05-10 15:00:04"
Autodesk,277.20,"2021-05-10 15:45:03"
Autodesk,276.05,"2021-05-10 16:15:03"
Autodesk,298.50,"2021-07-11 11:54:29"
Autodesk,296.62,"2021-07-12 09:45:04"
Autodesk,292.90,"2021-07-12 11:00:04"
Autodesk,291.98,"2021-07-12 12:00:03"
Autodesk,292.10,"2021-07-12 13:00:03"
Autodesk,291.24,"2021-07-12 14:00:03"
Autodesk,290.58,"2021-07-12 15:00:02"
Autodesk,291.67,"2021-07-12 15:45:02"
Autodesk,290.00,"2021-07-12 16:15:03"
Autodesk,291.11,"2021-07-13 09:45:02"
Autodesk,294.40,"2021-07-13 11:00:02"
Autodesk,295.59,"2021-07-13 12:00:02"
Autodesk,296.48,"2021-07-13 13:00:02"
Autodesk,295.38,"2021-07-13 14:00:02"
Autodesk,296.55,"2021-07-13 15:00:02"
Autodesk,296.87,"2021-07-13 15:45:02"
Autodesk,295.87,"2021-07-13 16:15:02"
Autodesk,298.01,"2021-07-14 09:45:02"
Autodesk,299.05,"2021-07-14 11:00:04"
Autodesk,296.25,"2021-07-14 12:00:04"
Autodesk,298.17,"2021-07-14 13:00:03"
Autodesk,296.75,"2021-07-14 14:00:02"
Autodesk,298.28,"2021-07-14 15:00:02"
Autodesk,297.51,"2021-07-14 15:45:02"
Autodesk,297.42,"2021-07-14 16:15:02"
Autodesk,293.60,"2021-07-15 09:45:03"
Autodesk,293.89,"2021-07-15 11:00:02"
Autodesk,294.31,"2021-07-15 12:00:03"
Autodesk,295.52,"2021-07-15 13:00:02"
Autodesk,292.74,"2021-07-15 14:00:02"
Autodesk,294.40,"2021-07-15 15:00:02"
Autodesk,294.02,"2021-07-15 15:45:03"
Autodesk,294.79,"2021-07-15 16:15:02"
Autodesk,297.04,"2021-07-16 09:45:02"
Autodesk,296.74,"2021-07-16 11:00:03"
Autodesk,295.68,"2021-07-16 12:00:03"
Autodesk,296.12,"2021-07-16 13:00:02"
Autodesk,295.39,"2021-07-16 14:00:03"
Autodesk,294.65,"2021-07-16 15:00:03"
Autodesk,293.77,"2021-07-16 15:45:03"
Autodesk,295.05,"2021-07-16 16:15:02"
Autodesk,288.00,"2021-07-19 09:45:03"
Autodesk,285.92,"2021-07-19 11:00:03"
Autodesk,288.76,"2021-07-19 12:00:02"
Autodesk,285.82,"2021-07-19 13:00:03"
Autodesk,285.20,"2021-07-19 14:00:02"
Autodesk,286.07,"2021-07-19 15:00:03"
Autodesk,286.46,"2021-07-19 15:45:02"
Autodesk,287.31,"2021-07-19 16:15:02"
Autodesk,286.48,"2021-07-20 09:45:02"
Autodesk,292.30,"2021-07-20 11:00:03"
Autodesk,294.03,"2021-07-20 12:00:03"
Autodesk,296.06,"2021-07-20 13:00:03"
Autodesk,297.59,"2021-07-20 14:00:03"
Autodesk,298.49,"2021-07-20 15:00:02"
Autodesk,297.08,"2021-07-20 15:45:04"
Autodesk,296.12,"2021-07-20 16:15:02"
Autodesk,295.41,"2021-07-21 09:45:02"
Autodesk,297.38,"2021-07-21 11:00:02"
Autodesk,298.79,"2021-07-21 12:00:02"
Autodesk,298.36,"2021-07-21 13:00:03"
Autodesk,299.54,"2021-07-21 14:00:04"
Autodesk,300.36,"2021-07-21 15:00:03"
Autodesk,300.93,"2021-07-21 15:45:03"
Autodesk,301.80,"2021-07-21 16:15:02"
Autodesk,304.74,"2021-07-22 09:45:02"
Autodesk,306.70,"2021-07-22 11:00:02"
Autodesk,307.06,"2021-07-22 13:00:03"
Autodesk,307.87,"2021-07-22 14:00:02"
Autodesk,308.26,"2021-07-22 15:00:02"
Autodesk,307.47,"2021-07-22 15:45:02"
Autodesk,310.00,"2021-07-22 16:15:03"
Autodesk,310.53,"2021-07-23 09:45:02"
Autodesk,313.03,"2021-07-23 11:00:02"
Autodesk,314.45,"2021-07-23 12:00:04"
Autodesk,313.45,"2021-07-23 13:00:02"
Autodesk,312.78,"2021-07-23 14:00:02"
Autodesk,312.25,"2021-07-23 15:00:02"
Autodesk,312.34,"2021-07-23 15:45:03"
Autodesk,312.65,"2021-07-23 16:15:02"
Autodesk,310.85,"2021-07-26 09:45:02"
Autodesk,311.10,"2021-07-26 11:00:03"
Autodesk,312.44,"2021-07-26 12:00:03"
Autodesk,312.11,"2021-07-26 13:00:03"
Autodesk,312.89,"2021-07-26 14:00:03"
Autodesk,313.00,"2021-07-26 15:00:02"
Autodesk,313.43,"2021-07-26 15:45:03"
Autodesk,313.62,"2021-07-26 16:15:04"
Autodesk,313.95,"2021-07-27 09:45:02"
Autodesk,307.93,"2021-07-27 11:00:04"
Autodesk,306.45,"2021-07-27 12:00:02"
Autodesk,306.24,"2021-07-27 13:00:03"
Autodesk,305.34,"2021-07-27 14:00:02"
Autodesk,308.97,"2021-07-27 15:00:03"
Autodesk,307.43,"2021-07-27 15:45:02"
Autodesk,308.25,"2021-07-27 16:15:03"
Autodesk,306.91,"2021-07-28 09:45:05"
Autodesk,310.14,"2021-07-28 11:00:02"
Autodesk,310.97,"2021-07-28 12:00:02"
Autodesk,312.46,"2021-07-28 13:00:02"
Autodesk,312.64,"2021-07-28 14:00:02"
Autodesk,313.06,"2021-07-28 15:00:02"
Autodesk,313.22,"2021-07-28 15:45:04"
Autodesk,313.13,"2021-07-28 16:15:02"
Autodesk,316.19,"2021-07-29 09:45:03"
Autodesk,319.99,"2021-07-29 11:00:02"
Autodesk,321.38,"2021-07-29 12:00:02"
Autodesk,320.40,"2021-07-29 13:00:04"
Autodesk,320.56,"2021-07-29 14:00:01"
Autodesk,319.69,"2021-07-29 15:00:03"
Autodesk,319.88,"2021-07-29 15:45:03"
Autodesk,320.50,"2021-07-29 16:15:03"
Autodesk,318.32,"2021-07-30 09:45:02"
Autodesk,318.45,"2021-07-30 11:00:02"
Autodesk,319.03,"2021-07-30 12:00:02"
Autodesk,320.33,"2021-07-30 13:00:03"
Autodesk,321.56,"2021-07-30 14:00:03"
Autodesk,320.10,"2021-07-30 15:00:02"
Autodesk,320.73,"2021-07-30 15:45:03"
Autodesk,321.13,"2021-07-30 16:15:01"
Autodesk,321.54,"2021-08-02 09:45:03"
Autodesk,323.10,"2021-08-02 11:00:02"
Autodesk,322.89,"2021-08-02 12:00:04"
Autodesk,323.16,"2021-08-02 13:00:02"
Autodesk,323.30,"2021-08-02 14:00:02"
Autodesk,322.68,"2021-08-02 15:00:02"
Autodesk,321.86,"2021-08-02 15:45:03"
Autodesk,322.07,"2021-08-02 16:15:02"
Autodesk,324.31,"2021-08-03 09:45:02"
Autodesk,322.32,"2021-08-03 11:00:02"
Autodesk,326.26,"2021-08-03 12:00:03"
Autodesk,326.45,"2021-08-03 13:00:02"
Autodesk,326.96,"2021-08-03 14:00:03"
Autodesk,326.23,"2021-08-03 15:00:04"
Autodesk,327.20,"2021-08-03 15:45:02"
Autodesk,327.61,"2021-08-03 16:15:02"
Autodesk,328.70,"2021-08-04 09:45:02"
Autodesk,328.45,"2021-08-04 11:00:04"
Autodesk,327.15,"2021-08-04 12:00:04"
Autodesk,328.22,"2021-08-04 13:00:03"
Autodesk,330.34,"2021-08-04 14:00:03"
Autodesk,330.26,"2021-08-04 15:00:03"
Autodesk,329.82,"2021-08-04 15:45:01"
Autodesk,329.09,"2021-08-04 16:15:02"
Autodesk,330.62,"2021-08-05 09:45:03"
Autodesk,328.85,"2021-08-05 11:00:04"
Autodesk,327.93,"2021-08-05 12:00:02"
Autodesk,327.58,"2021-08-05 13:00:02"
Autodesk,327.94,"2021-08-05 14:00:03"
Autodesk,328.88,"2021-08-05 15:00:02"
Autodesk,328.24,"2021-08-05 15:45:04"
Autodesk,331.13,"2021-08-05 16:15:01"
Autodesk,328.94,"2021-08-06 09:45:03"
Autodesk,328.41,"2021-08-06 11:00:02"
Autodesk,331.54,"2021-08-06 12:00:02"
Autodesk,332.40,"2021-08-06 13:00:01"
Autodesk,333.07,"2021-08-06 14:00:03"
Autodesk,332.84,"2021-08-06 15:00:02"
Autodesk,333.37,"2021-08-06 15:45:03"
Autodesk,330.00,"2021-08-06 16:15:03"
Autodesk,332.35,"2021-08-09 09:45:02"
Autodesk,331.69,"2021-08-09 11:00:02"
Autodesk,331.82,"2021-08-09 12:00:02"
Autodesk,332.20,"2021-08-09 13:00:01"
Autodesk,332.46,"2021-08-09 14:00:04"
Autodesk,333.35,"2021-08-09 15:00:03"
Autodesk,333.16,"2021-08-09 15:45:03"
Autodesk,332.61,"2021-08-09 16:15:04"
Autodesk,332.54,"2021-08-10 09:45:03"
Autodesk,329.80,"2021-08-10 11:00:03"
Autodesk,333.49,"2021-08-10 12:00:02"
Autodesk,332.98,"2021-08-10 13:00:03"
Autodesk,331.42,"2021-08-10 14:00:03"
Autodesk,332.52,"2021-08-10 15:00:04"
Autodesk,331.19,"2021-08-10 15:45:03"
Autodesk,331.28,"2021-08-10 16:15:03"
Autodesk,330.61,"2021-08-11 09:45:02"
Autodesk,329.84,"2021-08-11 11:00:02"
Autodesk,327.24,"2021-08-11 12:00:02"
Autodesk,327.97,"2021-08-11 13:00:04"
Autodesk,327.62,"2021-08-11 14:00:03"
Autodesk,328.71,"2021-08-11 15:00:02"
Autodesk,328.51,"2021-08-11 15:45:04"
Autodesk,328.33,"2021-08-11 16:15:04"
Autodesk,326.25,"2021-08-12 09:45:04"
Autodesk,330.96,"2021-08-12 11:00:03"
Autodesk,331.07,"2021-08-12 12:00:02"
Autodesk,330.03,"2021-08-12 13:00:03"
Autodesk,330.91,"2021-08-12 14:00:03"
Autodesk,330.55,"2021-08-12 15:00:03"
Autodesk,331.81,"2021-08-12 15:45:04"
Autodesk,332.05,"2021-08-12 16:15:03"
Autodesk,330.97,"2021-08-13 09:45:03"
Autodesk,331.62,"2021-08-13 11:00:02"
Autodesk,331.64,"2021-08-13 12:00:03"
Autodesk,331.15,"2021-08-13 13:00:03"
Autodesk,331.77,"2021-08-13 14:00:02"
Autodesk,331.92,"2021-08-13 15:00:02"
Autodesk,332.51,"2021-08-13 15:45:02"
Autodesk,332.78,"2021-08-13 16:15:03"
Autodesk,331.01,"2021-08-16 09:45:02"
Autodesk,328.19,"2021-08-16 11:00:02"
Autodesk,329.06,"2021-08-16 12:00:03"
Autodesk,328.63,"2021-08-16 13:00:03"
Autodesk,328.86,"2021-08-16 14:00:02"
Autodesk,328.44,"2021-08-16 15:00:04"
Autodesk,329.57,"2021-08-16 15:45:06"
Autodesk,328.81,"2021-08-16 16:15:03"
Autodesk,327.85,"2021-08-17 09:45:02"
Autodesk,324.34,"2021-08-17 11:00:03"
Autodesk,323.11,"2021-08-17 12:00:02"
Autodesk,323.49,"2021-08-17 13:00:02"
Autodesk,323.92,"2021-08-17 14:00:04"
Autodesk,324.80,"2021-08-17 15:00:04"
Autodesk,324.57,"2021-08-17 15:45:02"
Autodesk,324.70,"2021-08-17 16:15:03"
Autodesk,324.79,"2021-08-18 09:45:03"
Autodesk,323.98,"2021-08-18 11:00:03"
Autodesk,323.71,"2021-08-18 12:00:03"
Autodesk,324.00,"2021-08-18 13:00:02"
Autodesk,324.99,"2021-08-18 14:00:02"
Autodesk,325.72,"2021-08-18 15:00:04"
Autodesk,324.88,"2021-08-18 15:45:03"
Autodesk,323.52,"2021-08-18 16:15:03"
Autodesk,326.08,"2021-08-19 09:45:03"
Autodesk,328.61,"2021-08-19 11:00:03"
Autodesk,331.68,"2021-08-19 12:00:02"
Autodesk,331.89,"2021-08-19 13:00:03"
Autodesk,331.05,"2021-08-19 14:00:03"
Autodesk,329.95,"2021-08-19 15:00:03"
Autodesk,330.88,"2021-08-19 15:45:02"
Autodesk,330.35,"2021-08-19 16:15:08"
Autodesk,331.76,"2021-08-20 09:45:03"
Autodesk,333.89,"2021-08-20 11:00:04"
Autodesk,333.31,"2021-08-20 12:00:03"
Autodesk,334.56,"2021-08-20 13:00:03"
Autodesk,334.50,"2021-08-20 14:00:02"
Autodesk,333.33,"2021-08-20 15:00:04"
Autodesk,334.73,"2021-08-20 15:45:03"
Autodesk,334.38,"2021-08-20 16:15:03"
Autodesk,336.78,"2021-08-23 09:45:03"
Autodesk,337.57,"2021-08-23 11:00:03"
Autodesk,337.92,"2021-08-23 12:00:02"
Autodesk,336.55,"2021-08-23 13:00:02"
Autodesk,336.03,"2021-08-23 14:00:03"
Autodesk,336.73,"2021-08-23 15:00:03"
Autodesk,336.43,"2021-08-23 15:45:03"
Autodesk,336.76,"2021-08-23 16:15:08"
Autodesk,341.79,"2021-08-24 09:45:03"
Autodesk,343.67,"2021-08-24 11:00:02"
Autodesk,343.20,"2021-08-24 12:00:03"
Autodesk,342.28,"2021-08-24 13:00:03"
Autodesk,342.20,"2021-08-24 14:00:03"
Autodesk,340.65,"2021-08-24 15:00:03"
Autodesk,340.79,"2021-08-24 15:45:03"
Autodesk,341.07,"2021-08-24 16:15:03"
Autodesk,342.47,"2021-08-25 09:45:03"
Autodesk,340.90,"2021-08-25 11:00:04"
Autodesk,340.24,"2021-08-25 12:00:02"
Autodesk,340.70,"2021-08-25 13:00:04"
Autodesk,340.31,"2021-08-25 14:00:03"
Autodesk,341.32,"2021-08-25 15:00:03"
Autodesk,342.07,"2021-08-25 15:45:03"
Autodesk,341.79,"2021-08-25 16:15:08"
Autodesk,310.16,"2021-08-26 09:45:03"
Autodesk,316.01,"2021-08-26 11:00:02"
Autodesk,308.54,"2021-08-26 12:00:03"
Autodesk,314.12,"2021-08-26 13:00:03"
Autodesk,314.15,"2021-08-26 14:00:02"
Autodesk,313.40,"2021-08-26 15:00:04"
Autodesk,310.76,"2021-08-26 15:45:03"
Autodesk,310.72,"2021-08-26 16:15:08"
Autodesk,310.83,"2021-08-27 09:45:03"
Autodesk,315.15,"2021-08-27 11:00:02"
Autodesk,316.84,"2021-08-27 12:00:03"
Autodesk,315.96,"2021-08-27 13:00:04"
Autodesk,316.68,"2021-08-27 14:00:02"
Autodesk,316.54,"2021-08-27 15:00:03"
Autodesk,316.10,"2021-08-27 15:45:03"
Autodesk,315.64,"2021-08-27 16:15:09"
Autodesk,317.24,"2021-08-30 09:45:03"
Autodesk,313.70,"2021-08-30 11:00:02"
Autodesk,311.87,"2021-08-30 12:00:02"
Autodesk,312.21,"2021-08-30 13:00:04"
Autodesk,311.94,"2021-08-30 14:00:03"
Autodesk,313.52,"2021-08-30 15:00:03"
Autodesk,313.69,"2021-08-30 15:45:03"
Autodesk,313.39,"2021-08-30 16:15:03"
Autodesk,313.76,"2021-08-31 09:45:03"
Autodesk,311.37,"2021-08-31 11:00:04"
Autodesk,312.04,"2021-08-31 12:00:03"
Autodesk,310.85,"2021-08-31 13:00:02"
Autodesk,311.14,"2021-08-31 14:00:04"
Autodesk,311.11,"2021-08-31 15:00:04"
Autodesk,310.24,"2021-08-31 15:45:03"
Autodesk,309.95,"2021-08-31 16:15:08"
Autodesk,311.29,"2021-09-01 09:45:02"
Autodesk,311.75,"2021-09-01 11:00:02"
Autodesk,313.07,"2021-09-01 12:00:04"
Autodesk,313.39,"2021-09-01 13:00:02"
Autodesk,314.64,"2021-09-01 14:00:04"
Autodesk,314.30,"2021-09-01 15:00:02"
Autodesk,306.11,"2021-09-01 15:45:02"
Autodesk,304.10,"2021-09-01 16:15:02"
Autodesk,304.64,"2021-09-02 09:45:03"
Autodesk,294.80,"2021-09-02 11:00:02"
Autodesk,291.09,"2021-09-02 12:00:02"
Autodesk,288.86,"2021-09-02 13:00:03"
Autodesk,288.30,"2021-09-02 14:00:02"
Autodesk,286.56,"2021-09-02 15:00:03"
Autodesk,286.10,"2021-09-02 15:45:03"
Autodesk,287.46,"2021-09-02 16:15:09"
Autodesk,288.86,"2021-09-03 09:45:03"
Autodesk,289.44,"2021-09-03 11:00:03"
Autodesk,288.78,"2021-09-03 12:00:04"
Autodesk,289.37,"2021-09-03 13:00:03"
Autodesk,288.81,"2021-09-03 14:00:03"
Autodesk,288.35,"2021-09-03 15:00:02"
Autodesk,288.87,"2021-09-03 15:45:04"
Autodesk,288.92,"2021-09-03 16:15:02"
Autodesk,288.75,"2021-09-06 09:45:03"
Autodesk,288.75,"2021-09-06 11:00:04"
Autodesk,288.75,"2021-09-06 12:00:03"
Autodesk,288.75,"2021-09-06 13:00:03"
Autodesk,288.75,"2021-09-06 14:00:04"
Autodesk,288.75,"2021-09-06 15:00:02"
Autodesk,288.75,"2021-09-06 15:45:03"
Autodesk,288.75,"2021-09-06 16:15:03"
Autodesk,288.62,"2021-09-07 09:45:02"
Autodesk,284.94,"2021-09-07 11:00:03"
Autodesk,284.92,"2021-09-07 12:00:03"
Autodesk,285.31,"2021-09-07 13:00:02"
Autodesk,286.56,"2021-09-07 14:00:02"
Autodesk,286.43,"2021-09-07 15:00:03"
Autodesk,286.77,"2021-09-07 15:45:03"
Autodesk,287.50,"2021-09-07 16:15:03"
Autodesk,287.44,"2021-09-08 09:45:03"
Autodesk,285.31,"2021-09-08 11:00:03"
Autodesk,286.86,"2021-09-08 12:00:04"
Autodesk,289.01,"2021-09-08 13:00:03"
Autodesk,288.10,"2021-09-08 14:00:02"
Autodesk,289.04,"2021-09-08 15:00:02"
Autodesk,289.51,"2021-09-08 15:45:03"
Autodesk,289.10,"2021-09-08 16:15:09"
Autodesk,291.62,"2021-09-09 09:45:03"
Autodesk,290.19,"2021-09-09 11:00:03"
Autodesk,288.09,"2021-09-09 12:00:04"
Autodesk,287.57,"2021-09-09 13:00:02"
Autodesk,286.50,"2021-09-09 14:00:03"
Autodesk,287.25,"2021-09-09 15:00:03"
Autodesk,288.65,"2021-09-09 15:45:04"
Autodesk,288.40,"2021-09-09 16:15:08"
Autodesk,288.75,"2021-09-10 09:45:03"
Autodesk,288.29,"2021-09-10 11:00:02"
Autodesk,288.46,"2021-09-10 12:00:04"
Autodesk,288.35,"2021-09-10 13:00:02"
Autodesk,287.53,"2021-09-10 14:00:04"
Autodesk,286.12,"2021-09-10 15:00:03"
Autodesk,284.85,"2021-09-10 15:45:10"
Autodesk,284.43,"2021-09-10 16:15:08"
Autodesk,283.19,"2021-09-13 09:45:03"
Autodesk,282.75,"2021-09-13 11:00:03"
Autodesk,280.40,"2021-09-13 12:00:03"
Autodesk,280.92,"2021-09-13 13:00:03"
Autodesk,279.43,"2021-09-13 14:00:04"
Autodesk,279.46,"2021-09-13 15:00:03"
Autodesk,280.63,"2021-09-13 15:45:04"
Autodesk,282.00,"2021-09-13 16:15:03"
Autodesk,281.11,"2021-09-14 09:45:04"
Autodesk,280.71,"2021-09-14 11:00:03"
Autodesk,281.32,"2021-09-14 12:00:03"
Autodesk,280.07,"2021-09-14 13:00:04"
Autodesk,281.23,"2021-09-14 14:00:06"
Autodesk,280.83,"2021-09-14 15:00:03"
Autodesk,280.05,"2021-09-14 15:45:03"
Autodesk,279.35,"2021-09-14 16:15:08"
Autodesk,279.28,"2021-09-15 09:45:04"
Autodesk,282.60,"2021-09-15 11:00:03"
Autodesk,282.67,"2021-09-15 12:00:04"
Autodesk,282.60,"2021-09-15 13:00:04"
Autodesk,283.00,"2021-09-15 14:00:04"
Autodesk,284.85,"2021-09-15 15:00:03"
Autodesk,286.80,"2021-09-15 15:45:02"
Autodesk,286.62,"2021-09-15 16:15:08"
Autodesk,286.01,"2021-09-16 09:45:03"
Autodesk,286.98,"2021-09-16 11:00:03"
Autodesk,287.50,"2021-09-16 12:00:04"
Autodesk,288.91,"2021-09-16 13:00:03"
Autodesk,290.43,"2021-09-16 14:00:04"
Autodesk,290.33,"2021-09-16 15:00:03"
Autodesk,290.76,"2021-09-16 15:45:02"
Autodesk,290.50,"2021-09-16 16:15:08"
Autodesk,291.35,"2021-09-17 09:45:03"
Autodesk,289.23,"2021-09-17 11:00:04"
Autodesk,289.28,"2021-09-17 12:00:02"
Autodesk,290.17,"2021-09-17 13:00:04"
Autodesk,288.70,"2021-09-17 14:00:03"
Autodesk,289.73,"2021-09-17 15:00:03"
Autodesk,289.49,"2021-09-17 15:45:03"
Autodesk,288.15,"2021-09-17 16:15:04"
Autodesk,285.11,"2021-09-20 09:45:09"
Autodesk,282.83,"2021-09-20 11:00:03"
Autodesk,282.71,"2021-09-20 12:00:03"
Autodesk,281.80,"2021-09-20 13:00:06"
Autodesk,282.43,"2021-09-20 14:00:03"
Autodesk,280.27,"2021-09-20 15:00:02"
Autodesk,282.05,"2021-09-20 15:45:04"
Autodesk,284.00,"2021-09-20 16:15:02"
Autodesk,284.74,"2021-09-21 09:45:03"
Autodesk,283.12,"2021-09-21 11:00:02"
Autodesk,285.31,"2021-09-21 12:00:03"
Autodesk,283.80,"2021-09-21 13:00:04"
Autodesk,282.98,"2021-09-21 14:00:04"
Autodesk,283.71,"2021-09-21 15:00:04"
Autodesk,284.12,"2021-09-21 15:45:03"
Autodesk,283.19,"2021-09-21 16:15:11"
Autodesk,284.30,"2021-09-22 09:45:03"
Autodesk,287.90,"2021-09-22 11:00:03"
Autodesk,287.88,"2021-09-22 12:00:03"
Autodesk,287.53,"2021-09-22 13:00:04"
Autodesk,287.38,"2021-09-22 14:00:09"
Autodesk,285.39,"2021-09-22 15:00:04"
Autodesk,286.62,"2021-09-22 15:45:04"
Autodesk,286.42,"2021-09-22 16:15:03"
Autodesk,290.77,"2021-09-23 09:45:04"
Autodesk,291.82,"2021-09-23 11:00:04"
Autodesk,291.52,"2021-09-23 12:00:04"
Autodesk,292.13,"2021-09-23 13:00:04"
Autodesk,293.14,"2021-09-23 14:00:03"
Autodesk,292.20,"2021-09-23 15:00:03"
Autodesk,292.56,"2021-09-23 15:45:04"
Autodesk,292.16,"2021-09-23 16:15:04"
Autodesk,293.47,"2021-09-24 09:45:03"
Autodesk,294.32,"2021-09-24 11:00:02"
Autodesk,293.54,"2021-09-24 12:00:03"
Autodesk,293.63,"2021-09-24 13:00:03"
Autodesk,292.87,"2021-09-24 14:00:03"
Autodesk,293.75,"2021-09-24 15:00:01"
Autodesk,294.60,"2021-09-24 15:45:03"
Autodesk,294.67,"2021-09-24 16:15:08"
Autodesk,289.93,"2021-09-27 09:45:03"
Autodesk,292.11,"2021-09-27 11:00:03"
Autodesk,293.53,"2021-09-27 12:00:02"
Autodesk,293.40,"2021-09-27 13:00:04"
Autodesk,293.54,"2021-09-27 14:00:03"
Autodesk,294.69,"2021-09-27 15:00:03"
Autodesk,294.73,"2021-09-27 15:45:03"
Autodesk,294.06,"2021-09-27 16:15:09"
Autodesk,286.73,"2021-09-28 09:45:03"
Autodesk,286.87,"2021-09-28 11:00:03"
Autodesk,286.79,"2021-09-28 12:00:04"
Autodesk,286.63,"2021-09-28 13:00:02"
Autodesk,287.43,"2021-09-28 14:00:03"
Autodesk,289.04,"2021-09-28 15:00:04"
Autodesk,288.53,"2021-09-28 15:45:02"
Autodesk,286.00,"2021-09-28 16:15:02"
Autodesk,289.78,"2021-09-29 09:45:03"
Autodesk,290.92,"2021-09-29 11:00:04"
Autodesk,289.08,"2021-09-29 12:00:03"
Autodesk,288.11,"2021-09-29 13:00:04"
Autodesk,287.86,"2021-09-29 14:00:05"
Autodesk,290.10,"2021-09-29 15:00:02"
Autodesk,289.77,"2021-09-29 15:45:02"
Autodesk,287.99,"2021-09-29 16:15:02"
Autodesk,291.41,"2021-09-30 09:45:03"
Autodesk,290.43,"2021-09-30 11:00:02"
Autodesk,287.95,"2021-09-30 12:00:04"
Autodesk,288.12,"2021-09-30 13:00:02"
Autodesk,287.87,"2021-09-30 14:00:04"
Autodesk,288.09,"2021-09-30 15:00:02"
Autodesk,287.64,"2021-09-30 15:45:02"
Autodesk,285.17,"2021-09-30 16:15:09"
Autodesk,284.05,"2021-10-01 09:45:03"
Autodesk,281.10,"2021-10-01 11:00:02"
Autodesk,283.48,"2021-10-01 12:00:03"
Autodesk,281.79,"2021-10-01 13:00:04"
Autodesk,283.74,"2021-10-01 14:00:03"
Autodesk,284.53,"2021-10-01 15:00:03"
Autodesk,284.59,"2021-10-01 15:45:02"
Autodesk,281.46,"2021-10-04 09:45:03"
Autodesk,276.25,"2021-10-04 11:00:03"
Autodesk,272.58,"2021-10-04 12:00:03"
Autodesk,272.69,"2021-10-04 13:00:03"
Autodesk,272.07,"2021-10-04 14:00:04"
Autodesk,273.77,"2021-10-04 15:00:02"
Autodesk,271.90,"2021-10-04 15:45:03"
Autodesk,274.99,"2021-10-04 16:15:03"
Autodesk,275.39,"2021-10-05 09:45:03"
Autodesk,278.14,"2021-10-05 11:00:03"
Autodesk,276.90,"2021-10-05 12:00:04"
Autodesk,276.62,"2021-10-05 13:00:03"
Autodesk,277.41,"2021-10-05 14:00:03"
Autodesk,277.45,"2021-10-05 15:00:02"
Autodesk,276.75,"2021-10-05 15:45:04"
Autodesk,275.98,"2021-10-05 16:15:04"
Autodesk,275.14,"2021-10-06 09:45:03"
Autodesk,277.22,"2021-10-06 11:00:02"
Autodesk,276.17,"2021-10-06 12:00:02"
Autodesk,275.68,"2021-10-06 13:00:03"
Autodesk,277.90,"2021-10-06 14:00:04"
Autodesk,277.69,"2021-10-06 15:00:03"
Autodesk,276.52,"2021-10-06 15:45:04"
Autodesk,277.42,"2021-10-06 16:15:03"
Autodesk,281.57,"2021-10-07 09:45:03"
Autodesk,284.58,"2021-10-07 11:00:02"
Autodesk,284.45,"2021-10-07 12:00:03"
Autodesk,285.11,"2021-10-07 13:00:03"
Autodesk,284.67,"2021-10-07 14:00:02"
Autodesk,282.91,"2021-10-07 15:00:02"
Autodesk,283.25,"2021-10-07 15:45:03"
Autodesk,283.54,"2021-10-07 16:15:04"
Autodesk,282.70,"2021-10-08 09:45:01"
Autodesk,281.91,"2021-10-08 11:00:04"
Autodesk,279.70,"2021-10-08 12:00:02"
Autodesk,281.26,"2021-10-08 13:00:02"
Autodesk,280.12,"2021-10-08 14:00:03"
Autodesk,280.54,"2021-10-08 15:00:03"
Autodesk,279.54,"2021-10-08 15:45:03"
Autodesk,278.91,"2021-10-08 16:15:04"
Autodesk,276.91,"2021-10-11 09:45:03"
Autodesk,279.06,"2021-10-11 11:00:02"
Autodesk,280.01,"2021-10-11 12:00:03"
Autodesk,280.17,"2021-10-11 13:00:03"
Autodesk,279.24,"2021-10-11 14:00:03"
Autodesk,279.72,"2021-10-11 15:00:03"
Autodesk,277.93,"2021-10-11 15:45:02"
Autodesk,276.54,"2021-10-11 16:15:03"
Autodesk,276.51,"2021-10-12 09:45:03"
Autodesk,275.95,"2021-10-12 11:00:03"
Autodesk,276.11,"2021-10-12 12:00:03"
Autodesk,276.68,"2021-10-12 13:00:03"
Autodesk,275.13,"2021-10-12 14:00:04"
Autodesk,276.29,"2021-10-12 15:00:02"
Autodesk,275.16,"2021-10-12 15:45:03"
Autodesk,275.91,"2021-10-12 16:15:02"
Autodesk,281.77,"2021-10-13 09:45:04"
Autodesk,283.17,"2021-10-13 11:00:02"
Autodesk,282.97,"2021-10-13 12:00:03"
Autodesk,281.82,"2021-10-13 13:00:04"
Autodesk,283.98,"2021-10-13 14:00:02"
Autodesk,282.54,"2021-10-13 15:00:03"
Autodesk,282.92,"2021-10-13 15:45:03"
Autodesk,283.45,"2021-10-13 16:15:02"
Autodesk,287.83,"2021-10-14 09:45:03"
Autodesk,287.37,"2021-10-14 11:00:03"
Autodesk,289.06,"2021-10-14 12:00:02"
Autodesk,289.61,"2021-10-14 13:00:03"
Autodesk,289.08,"2021-10-14 14:00:02"
Autodesk,288.96,"2021-10-14 15:00:02"
Autodesk,288.95,"2021-10-14 15:45:03"
Autodesk,289.17,"2021-10-14 16:15:04"
Autodesk,290.58,"2021-10-15 09:45:02"
Autodesk,291.60,"2021-10-15 11:00:04"
Autodesk,289.52,"2021-10-15 12:00:02"
Autodesk,290.59,"2021-10-15 13:00:04"
Autodesk,290.90,"2021-10-15 14:00:03"
Autodesk,291.32,"2021-10-15 15:00:05"
Autodesk,290.98,"2021-10-15 15:45:04"
Autodesk,291.19,"2021-10-15 16:15:02"
Autodesk,290.74,"2021-10-18 09:45:03"
Autodesk,290.26,"2021-10-18 11:00:05"
Autodesk,292.05,"2021-10-18 12:00:02"
Autodesk,291.13,"2021-10-18 13:00:05"
Autodesk,291.22,"2021-10-18 14:00:02"
Autodesk,292.00,"2021-10-18 15:00:03"
Autodesk,292.63,"2021-10-18 15:45:05"
Autodesk,292.67,"2021-10-18 16:15:03"
Autodesk,293.57,"2021-10-19 09:45:02"
Autodesk,296.06,"2021-10-19 11:00:02"
Autodesk,296.38,"2021-10-19 12:00:03"
Autodesk,293.91,"2021-10-19 13:00:02"
Autodesk,294.69,"2021-10-19 14:00:05"
Autodesk,294.66,"2021-10-19 15:00:02"
Autodesk,296.00,"2021-10-19 15:45:03"
Autodesk,296.69,"2021-10-19 16:15:02"
Autodesk,297.48,"2021-10-20 09:45:03"
Autodesk,297.17,"2021-10-20 11:00:05"
Autodesk,297.74,"2021-10-20 12:00:04"
Autodesk,298.70,"2021-10-20 13:00:05"
Autodesk,298.16,"2021-10-20 14:00:02"
Autodesk,298.43,"2021-10-20 15:00:03"
Autodesk,298.92,"2021-10-20 15:45:04"
Autodesk,298.64,"2021-10-20 16:15:05"
Autodesk,300.36,"2021-10-21 09:45:04"
Autodesk,302.68,"2021-10-21 11:00:05"
Autodesk,303.63,"2021-10-21 12:00:04"
Autodesk,305.77,"2021-10-21 13:00:03"
Autodesk,305.55,"2021-10-21 14:00:04"
Autodesk,304.99,"2021-10-21 15:00:02"
Autodesk,305.06,"2021-10-21 15:45:05"
Autodesk,305.68,"2021-10-21 16:15:05"
Autodesk,306.79,"2021-10-22 09:45:03"
Autodesk,311.69,"2021-10-22 11:00:04"
Autodesk,307.47,"2021-10-22 12:00:04"
Autodesk,308.93,"2021-10-22 13:00:04"
Autodesk,309.14,"2021-10-22 14:00:02"
Autodesk,309.02,"2021-10-22 15:00:03"
Autodesk,308.38,"2021-10-22 15:45:03"
Autodesk,308.58,"2021-10-22 16:15:03"
Autodesk,308.17,"2021-10-25 09:45:05"
Autodesk,310.37,"2021-10-25 11:00:05"
Autodesk,311.50,"2021-10-25 12:00:04"
Autodesk,311.96,"2021-10-25 13:00:05"
Autodesk,313.35,"2021-10-25 14:00:05"
Autodesk,313.08,"2021-10-25 15:00:02"
Autodesk,312.45,"2021-10-25 15:45:04"
Autodesk,311.79,"2021-10-25 16:15:02"
Autodesk,313.49,"2021-10-26 09:45:05"
Autodesk,313.02,"2021-10-26 11:00:03"
Autodesk,314.33,"2021-10-26 12:00:03"
Autodesk,312.46,"2021-10-26 13:00:02"
Autodesk,313.80,"2021-10-26 14:00:03"
Autodesk,313.86,"2021-10-26 15:00:03"
Autodesk,313.83,"2021-10-26 15:45:03"
Autodesk,313.91,"2021-10-26 16:15:08"
Autodesk,313.42,"2021-10-27 09:45:05"
Autodesk,309.27,"2021-10-27 11:00:03"
Autodesk,308.26,"2021-10-27 12:00:02"
Autodesk,310.20,"2021-10-27 13:00:03"
Autodesk,311.02,"2021-10-27 14:00:05"
Autodesk,311.14,"2021-10-27 15:00:03"
Autodesk,309.78,"2021-10-27 15:45:03"
Autodesk,308.51,"2021-10-27 16:15:02"
Autodesk,310.89,"2021-10-28 09:45:03"
Autodesk,315.17,"2021-10-28 11:00:04"
Autodesk,316.75,"2021-10-28 12:00:03"
Autodesk,315.39,"2021-10-28 13:00:04"
Autodesk,315.60,"2021-10-28 14:00:04"
Autodesk,316.49,"2021-10-28 15:00:03"
Autodesk,316.92,"2021-10-28 15:45:03"
Autodesk,317.10,"2021-10-28 16:15:03"
Autodesk,315.32,"2021-10-29 09:45:04"
Autodesk,315.03,"2021-10-29 11:00:03"
Autodesk,315.63,"2021-10-29 12:00:02"
Autodesk,316.66,"2021-10-29 13:00:02"
Autodesk,316.05,"2021-10-29 14:00:05"
Autodesk,315.40,"2021-10-29 15:00:04"
Autodesk,315.67,"2021-10-29 15:45:02"
Autodesk,317.61,"2021-10-29 16:15:09"
Autodesk,318.01,"2021-11-01 09:45:03"
Autodesk,315.78,"2021-11-01 11:00:02"
Autodesk,314.37,"2021-11-01 12:00:03"
Autodesk,314.22,"2021-11-01 13:00:04"
Autodesk,313.63,"2021-11-01 14:00:03"
Autodesk,313.23,"2021-11-01 15:00:04"
Autodesk,314.09,"2021-11-01 15:45:05"
Autodesk,315.01,"2021-11-01 16:15:05"
Autodesk,315.66,"2021-11-02 09:45:05"
Autodesk,317.11,"2021-11-02 11:00:02"
Autodesk,316.70,"2021-11-02 12:00:05"
Autodesk,316.83,"2021-11-02 13:00:03"
Autodesk,316.47,"2021-11-02 14:00:02"
Autodesk,313.74,"2021-11-02 15:00:05"
Autodesk,314.64,"2021-11-02 15:45:02"
Autodesk,309.33,"2021-11-03 09:45:03"
Autodesk,303.57,"2021-11-03 11:00:05"
Autodesk,307.41,"2021-11-03 12:00:04"
Autodesk,305.63,"2021-11-03 13:00:03"
Autodesk,308.85,"2021-11-03 14:00:04"
Autodesk,309.11,"2021-11-03 15:00:02"
Autodesk,309.46,"2021-11-03 15:45:05"
Autodesk,308.37,"2021-11-03 16:15:03"
Autodesk,310.45,"2021-11-04 09:45:04"
Autodesk,314.86,"2021-11-04 11:00:05"
Autodesk,314.26,"2021-11-04 12:00:02"
Autodesk,315.71,"2021-11-04 13:00:04"
Autodesk,316.55,"2021-11-04 14:00:02"
Autodesk,317.39,"2021-11-04 15:00:03"
Autodesk,318.76,"2021-11-04 15:45:05"
Autodesk,318.97,"2021-11-04 16:15:05"
Autodesk,324.53,"2021-11-05 09:45:03"
Autodesk,320.73,"2021-11-05 11:00:03"
Autodesk,323.89,"2021-11-05 12:00:04"
Autodesk,324.52,"2021-11-05 13:00:02"
Autodesk,324.89,"2021-11-05 14:00:05"
Autodesk,325.27,"2021-11-05 15:00:05"
Autodesk,322.92,"2021-11-05 15:45:06"
Autodesk,324.52,"2021-11-05 16:15:02"
Autodesk,326.18,"2021-11-08 09:45:05"
Autodesk,328.31,"2021-11-08 11:00:02"
Autodesk,327.61,"2021-11-08 12:00:05"
Autodesk,326.73,"2021-11-08 13:00:05"
Autodesk,328.69,"2021-11-08 14:00:04"
Autodesk,329.31,"2021-11-08 15:00:03"
Autodesk,328.36,"2021-11-08 15:45:05"
Autodesk,329.07,"2021-11-08 16:15:03"
Autodesk,334.25,"2021-11-09 09:45:02"
Autodesk,331.44,"2021-11-09 11:00:02"
Autodesk,330.95,"2021-11-09 12:00:03"
Autodesk,330.47,"2021-11-09 13:00:03"
Autodesk,329.45,"2021-11-09 14:00:03"
Autodesk,328.98,"2021-11-09 15:00:02"
Autodesk,329.22,"2021-11-09 15:45:02"
Autodesk,329.40,"2021-11-09 16:15:09"
Autodesk,327.75,"2021-11-10 09:45:03"
Autodesk,325.92,"2021-11-10 11:00:04"
Autodesk,324.15,"2021-11-10 12:00:03"
Autodesk,324.76,"2021-11-10 13:00:03"
Autodesk,321.76,"2021-11-10 14:00:03"
Autodesk,320.24,"2021-11-10 15:00:04"
Autodesk,320.55,"2021-11-10 15:45:04"
Autodesk,320.53,"2021-11-10 16:15:09"
Autodesk,322.84,"2021-11-11 09:45:03"
Autodesk,326.78,"2021-11-11 11:00:03"
Autodesk,326.42,"2021-11-11 12:00:04"
Autodesk,327.13,"2021-11-11 13:00:03"
Autodesk,326.48,"2021-11-11 14:00:03"
Autodesk,325.17,"2021-11-11 15:00:03"
Autodesk,324.99,"2021-11-11 15:45:03"
Autodesk,325.21,"2021-11-11 16:15:09"
Autodesk,326.98,"2021-11-12 09:45:04"
Autodesk,329.67,"2021-11-12 11:00:04"
Autodesk,328.36,"2021-11-12 12:00:03"
Autodesk,327.55,"2021-11-12 13:00:04"
Autodesk,328.58,"2021-11-12 14:00:03"
Autodesk,328.56,"2021-11-12 15:00:04"
Autodesk,329.24,"2021-11-12 15:45:04"
Autodesk,329.32,"2021-11-12 16:15:03"
Autodesk,330.76,"2021-11-15 09:45:02"
Autodesk,329.03,"2021-11-15 11:00:04"
Autodesk,327.19,"2021-11-15 12:00:04"
Autodesk,326.98,"2021-11-15 13:00:04"
Autodesk,327.43,"2021-11-15 14:00:03"
Autodesk,327.10,"2021-11-15 15:00:02"
Autodesk,326.68,"2021-11-15 15:45:04"
Autodesk,325.93,"2021-11-15 16:15:09"
Autodesk,329.66,"2021-11-16 09:45:03"
Autodesk,330.51,"2021-11-16 11:00:04"
Autodesk,331.86,"2021-11-16 12:00:03"
Autodesk,332.75,"2021-11-16 13:00:04"
Autodesk,333.22,"2021-11-16 14:00:03"
Autodesk,333.89,"2021-11-16 15:00:04"
Autodesk,333.88,"2021-11-16 15:45:02"
Autodesk,333.64,"2021-11-16 16:15:03"
Autodesk,332.99,"2021-11-17 09:45:03"
Autodesk,333.00,"2021-11-17 11:00:03"
Autodesk,333.86,"2021-11-17 12:00:03"
Autodesk,329.44,"2021-11-17 13:00:03"
Autodesk,331.16,"2021-11-17 14:00:03"
Autodesk,330.89,"2021-11-17 15:00:03"
Autodesk,331.26,"2021-11-17 15:45:03"
Autodesk,330.55,"2021-11-17 16:15:08"
Autodesk,325.34,"2021-11-18 09:45:04"
Autodesk,323.62,"2021-11-18 11:00:03"
Autodesk,323.73,"2021-11-18 12:00:03"
Autodesk,323.69,"2021-11-18 13:00:03"
Autodesk,322.41,"2021-11-18 14:00:04"
Autodesk,321.55,"2021-11-18 15:00:03"
Autodesk,322.55,"2021-11-18 15:45:04"
Autodesk,322.18,"2021-11-18 16:15:02"
Autodesk,324.63,"2021-11-19 09:45:04"
Autodesk,325.21,"2021-11-19 11:00:03"
Autodesk,322.59,"2021-11-19 12:00:04"
Autodesk,324.83,"2021-11-19 13:00:03"
Autodesk,323.04,"2021-11-19 14:00:04"
Autodesk,322.61,"2021-11-19 15:00:03"
Autodesk,322.62,"2021-11-19 15:45:03"
Autodesk,322.52,"2021-11-19 16:15:08"
Autodesk,320.77,"2021-11-22 09:45:03"
Autodesk,318.54,"2021-11-22 11:00:03"
Autodesk,311.72,"2021-11-22 12:00:04"
Autodesk,313.18,"2021-11-22 13:00:03"
Autodesk,313.87,"2021-11-22 14:00:03"
Autodesk,315.78,"2021-11-22 15:00:02"
Autodesk,314.16,"2021-11-22 15:45:03"
Autodesk,310.48,"2021-11-22 16:15:02"
Autodesk,306.10,"2021-11-23 09:45:03"
Autodesk,300.80,"2021-11-23 11:00:03"
Autodesk,301.77,"2021-11-23 12:00:03"
Autodesk,300.32,"2021-11-23 13:00:02"
Autodesk,299.62,"2021-11-23 14:00:03"
Autodesk,300.94,"2021-11-23 15:00:04"
Autodesk,302.84,"2021-11-23 15:45:04"
Autodesk,304.00,"2021-11-23 16:15:04"
Autodesk,254.44,"2021-11-24 09:45:03"
Autodesk,252.14,"2021-11-24 11:00:02"
Autodesk,252.64,"2021-11-24 12:00:05"
Autodesk,253.23,"2021-11-24 13:00:03"
Autodesk,252.67,"2021-11-24 14:00:03"
Autodesk,253.15,"2021-11-24 15:00:04"
Autodesk,254.34,"2021-11-24 15:45:03"
Autodesk,256.90,"2021-11-24 16:15:03"
Autodesk,256.90,"2021-11-25 09:45:03"
Autodesk,256.90,"2021-11-25 11:00:04"
Autodesk,256.90,"2021-11-25 12:00:03"
Autodesk,256.90,"2021-11-25 13:00:03"
Autodesk,256.90,"2021-11-25 14:00:03"
Autodesk,256.90,"2021-11-25 15:00:01"
Autodesk,256.90,"2021-11-25 15:45:04"
Autodesk,256.90,"2021-11-25 16:15:03"
Autodesk,253.29,"2021-11-26 09:45:04"
Autodesk,256.65,"2021-11-26 11:00:03"
Autodesk,254.46,"2021-11-26 12:00:03"
Autodesk,254.00,"2021-11-26 13:00:03"
Autodesk,254.17,"2021-11-26 14:00:03"
Autodesk,254.17,"2021-11-26 15:00:03"
Autodesk,254.17,"2021-11-26 15:45:03"
Autodesk,254.17,"2021-11-26 16:15:03"
Autodesk,255.49,"2021-11-29 09:45:04"
Autodesk,257.06,"2021-11-29 11:00:04"
Autodesk,259.08,"2021-11-29 12:00:02"
Autodesk,264.24,"2021-11-29 13:00:03"
Autodesk,264.01,"2021-11-29 14:00:03"
Autodesk,262.20,"2021-11-29 15:00:04"
Autodesk,262.21,"2021-11-29 15:45:02"
Autodesk,261.15,"2021-11-29 16:15:03"
Autodesk,260.47,"2021-11-30 09:45:02"
Autodesk,256.58,"2021-11-30 11:00:03"
Autodesk,256.30,"2021-11-30 12:00:03"
Autodesk,255.02,"2021-11-30 13:00:03"
Autodesk,254.27,"2021-11-30 14:00:03"
Autodesk,253.22,"2021-11-30 15:00:04"
Autodesk,254.24,"2021-11-30 15:45:03"
Autodesk,254.19,"2021-11-30 16:15:03"
Autodesk,264.21,"2021-12-01 09:45:03"
Autodesk,259.89,"2021-12-01 11:00:03"
Autodesk,259.46,"2021-12-01 12:00:03"
Autodesk,257.31,"2021-12-01 13:00:03"
Autodesk,255.23,"2021-12-01 14:00:03"
Autodesk,252.93,"2021-12-01 15:00:04"
Autodesk,251.54,"2021-12-01 15:45:04"
Autodesk,249.68,"2021-12-01 16:15:03"
Autodesk,255.60,"2021-12-02 09:45:02"
Autodesk,253.06,"2021-12-02 11:00:02"
Autodesk,254.40,"2021-12-02 12:00:03"
Autodesk,255.88,"2021-12-02 13:00:03"
Autodesk,256.66,"2021-12-02 14:00:03"
Autodesk,256.68,"2021-12-02 15:00:02"
Autodesk,258.30,"2021-12-02 15:45:03"
Autodesk,257.66,"2021-12-02 16:15:04"
Autodesk,260.78,"2021-12-03 09:45:02"
Autodesk,256.85,"2021-12-03 11:00:05"
Autodesk,253.64,"2021-12-03 12:00:02"
Autodesk,255.02,"2021-12-03 13:00:04"
Autodesk,255.94,"2021-12-03 14:00:02"
Autodesk,256.19,"2021-12-03 15:00:04"
Autodesk,257.51,"2021-12-03 15:45:04"
Autodesk,259.02,"2021-12-03 16:15:05"
Autodesk,255.73,"2021-12-06 09:45:02"
Autodesk,259.51,"2021-12-06 11:00:03"
Autodesk,261.54,"2021-12-06 12:00:03"
Autodesk,264.10,"2021-12-06 13:00:01"
Autodesk,264.62,"2021-12-06 14:00:03"
Autodesk,263.91,"2021-12-06 15:00:03"
Autodesk,265.73,"2021-12-06 15:45:03"
Autodesk,265.56,"2021-12-06 16:15:02"
Autodesk,268.27,"2021-12-07 09:45:02"
Autodesk,274.92,"2021-12-07 11:00:05"
Autodesk,275.20,"2021-12-07 12:00:03"
Autodesk,275.94,"2021-12-07 13:00:03"
Autodesk,275.43,"2021-12-07 14:00:03"
Autodesk,274.56,"2021-12-07 15:00:02"
Autodesk,275.38,"2021-12-07 15:45:03"
Autodesk,276.70,"2021-12-07 16:15:02"
Autodesk,276.61,"2021-12-08 09:45:05"
Autodesk,274.99,"2021-12-08 11:00:03"
Autodesk,275.00,"2021-12-08 12:00:03"
Autodesk,278.10,"2021-12-08 13:00:02"
Autodesk,277.89,"2021-12-08 14:00:05"
Autodesk,278.02,"2021-12-08 15:00:04"
Autodesk,276.63,"2021-12-08 15:45:04"
Autodesk,276.29,"2021-12-08 16:15:05"
Autodesk,276.57,"2021-12-09 09:45:03"
Autodesk,271.50,"2021-12-09 11:00:02"
Autodesk,271.67,"2021-12-09 12:00:03"
Autodesk,273.34,"2021-12-09 13:00:03"
Autodesk,270.44,"2021-12-09 14:00:03"
Autodesk,270.86,"2021-12-09 15:00:03"
Autodesk,269.03,"2021-12-09 15:45:02"
Autodesk,267.67,"2021-12-09 16:15:03"
Autodesk,271.48,"2021-12-10 09:45:02"
Autodesk,268.28,"2021-12-10 11:00:04"
Autodesk,269.14,"2021-12-10 12:00:03"
Autodesk,269.60,"2021-12-10 13:00:04"
Autodesk,268.59,"2021-12-10 14:00:03"
Autodesk,267.95,"2021-12-10 15:00:02"
Autodesk,269.15,"2021-12-10 15:45:04"
Autodesk,269.00,"2021-12-10 16:15:03"
Autodesk,269.60,"2021-12-13 09:45:03"
Autodesk,271.59,"2021-12-13 11:00:03"
Autodesk,270.12,"2021-12-13 12:00:04"
Autodesk,268.77,"2021-12-13 13:00:05"
Autodesk,270.27,"2021-12-13 14:00:03"
Autodesk,270.05,"2021-12-13 15:00:03"
