Centene,58.47,"2021-03-01 03:05:50"
Centene,59.69,"2021-03-01 13:01:03"
Centene,59.75,"2021-03-01 13:35:25"
Centene,59.71,"2021-03-01 13:56:41"
Centene,59.69,"2021-03-01 14:00:03"
Centene,59.75,"2021-03-01 15:00:05"
Centene,59.37,"2021-03-01 15:45:04"
Centene,59.39,"2021-03-01 16:15:02"
Centene,60.00,"2021-03-02 09:45:02"
Centene,59.99,"2021-03-02 11:00:06"
Centene,59.82,"2021-03-02 12:00:06"
Centene,59.67,"2021-03-02 13:00:06"
Centene,59.69,"2021-03-02 14:00:04"
Centene,59.39,"2021-03-02 15:00:06"
Centene,59.27,"2021-03-02 15:45:03"
Centene,59.57,"2021-03-02 16:15:03"
Centene,58.54,"2021-03-03 09:45:03"
Centene,58.60,"2021-03-03 11:00:05"
Centene,58.92,"2021-03-03 12:00:07"
Centene,58.75,"2021-03-03 13:00:02"
Centene,59.13,"2021-03-03 14:00:06"
Centene,59.06,"2021-03-03 15:00:06"
Centene,58.86,"2021-03-03 15:45:02"
Centene,58.86,"2021-03-03 16:15:03"
Centene,59.24,"2021-03-04 09:45:01"
Centene,59.73,"2021-03-04 11:00:06"
Centene,60.16,"2021-03-04 12:00:05"
Centene,59.19,"2021-03-04 13:00:05"
Centene,58.75,"2021-03-04 14:00:05"
Centene,59.60,"2021-03-04 15:00:07"
Centene,58.99,"2021-03-04 15:45:03"
Centene,59.29,"2021-03-04 16:15:03"
Centene,59.96,"2021-03-05 09:45:02"
Centene,59.50,"2021-03-05 11:00:09"
Centene,59.30,"2021-03-05 12:00:07"
Centene,59.45,"2021-03-05 13:00:06"
Centene,59.80,"2021-03-05 14:00:06"
Centene,60.50,"2021-03-05 15:00:06"
Centene,60.61,"2021-03-05 15:45:02"
Centene,60.52,"2021-03-05 16:15:02"
Centene,60.55,"2021-03-08 09:45:02"
Centene,60.87,"2021-03-08 11:00:07"
Centene,60.72,"2021-03-08 12:00:07"
Centene,61.60,"2021-03-08 13:00:05"
Centene,61.65,"2021-03-08 14:00:03"
Centene,61.38,"2021-03-08 15:00:05"
Centene,61.87,"2021-03-08 15:45:03"
Centene,61.72,"2021-03-08 16:15:01"
Centene,61.98,"2021-03-09 09:45:03"
Centene,62.41,"2021-03-09 11:00:05"
Centene,61.82,"2021-03-09 12:00:06"
Centene,62.08,"2021-03-09 13:00:03"
Centene,61.68,"2021-03-09 14:00:06"
Centene,61.62,"2021-03-09 15:00:04"
Centene,61.80,"2021-03-09 15:45:04"
Centene,61.49,"2021-03-09 16:15:02"
Centene,61.23,"2021-03-10 09:45:01"
Centene,61.72,"2021-03-10 11:00:04"
Centene,62.13,"2021-03-10 12:00:02"
Centene,62.25,"2021-03-10 13:00:03"
Centene,61.87,"2021-03-10 14:00:03"
Centene,61.99,"2021-03-10 15:00:02"
Centene,61.68,"2021-03-10 15:45:02"
Centene,61.59,"2021-03-10 16:15:03"
Centene,62.04,"2021-03-11 09:45:03"
Centene,62.37,"2021-03-11 11:00:02"
Centene,62.64,"2021-03-11 12:00:03"
Centene,62.88,"2021-03-11 13:00:04"
Centene,62.64,"2021-03-11 14:00:02"
Centene,62.04,"2021-03-11 15:00:03"
Centene,61.97,"2021-03-11 15:45:03"
Centene,61.89,"2021-03-11 16:15:03"
Centene,61.92,"2021-03-12 09:45:04"
Centene,62.21,"2021-03-12 11:00:03"
Centene,62.18,"2021-03-12 12:00:03"
Centene,62.15,"2021-03-12 13:00:02"
Centene,62.42,"2021-03-12 14:00:01"
Centene,62.54,"2021-03-12 15:00:02"
Centene,62.85,"2021-03-12 15:45:03"
Centene,62.90,"2021-03-12 16:15:02"
Centene,63.22,"2021-03-15 09:45:01"
Centene,62.47,"2021-03-15 11:00:03"
Centene,61.94,"2021-03-15 12:00:03"
Centene,62.32,"2021-03-15 13:00:02"
Centene,62.50,"2021-03-15 14:00:03"
Centene,62.82,"2021-03-15 15:00:02"
Centene,62.53,"2021-03-15 15:45:09"
Centene,62.84,"2021-03-15 16:15:02"
Centene,62.68,"2021-03-16 09:45:03"
Centene,62.15,"2021-03-16 11:00:03"
Centene,62.24,"2021-03-16 12:00:04"
Centene,62.53,"2021-03-16 13:00:04"
Centene,62.80,"2021-03-16 14:00:03"
Centene,63.11,"2021-03-16 15:00:04"
Centene,63.20,"2021-03-16 15:45:09"
Centene,62.97,"2021-03-16 16:15:03"
Centene,63.24,"2021-03-17 09:45:02"
Centene,62.69,"2021-03-17 11:00:04"
Centene,62.87,"2021-03-17 12:00:03"
Centene,62.73,"2021-03-17 13:00:04"
Centene,62.63,"2021-03-17 14:00:04"
Centene,61.92,"2021-03-17 15:00:02"
Centene,61.98,"2021-03-17 15:45:03"
Centene,61.89,"2021-03-17 16:15:01"
Centene,62.23,"2021-03-18 09:45:04"
Centene,62.94,"2021-03-18 11:00:02"
Centene,63.32,"2021-03-18 12:00:03"
Centene,63.66,"2021-03-18 13:00:03"
Centene,64.07,"2021-03-18 14:00:02"
Centene,63.82,"2021-03-18 15:00:03"
Centene,63.65,"2021-03-18 15:45:01"
Centene,63.57,"2021-03-18 16:15:04"
Centene,63.74,"2021-03-19 09:45:03"
Centene,64.62,"2021-03-19 11:00:03"
Centene,64.81,"2021-03-19 12:00:03"
Centene,64.72,"2021-03-19 13:00:03"
Centene,64.78,"2021-03-19 14:00:05"
Centene,64.73,"2021-03-19 15:00:03"
Centene,64.55,"2021-03-19 15:45:03"
Centene,64.18,"2021-03-19 16:15:04"
Centene,63.76,"2021-03-22 09:45:03"
Centene,64.06,"2021-03-22 11:00:01"
Centene,64.53,"2021-03-22 12:00:02"
Centene,64.17,"2021-03-22 13:00:03"
Centene,64.36,"2021-03-22 14:00:03"
Centene,64.35,"2021-03-22 15:00:02"
Centene,64.51,"2021-03-22 15:45:04"
Centene,64.46,"2021-03-22 16:15:02"
Centene,64.17,"2021-03-23 09:45:04"
Centene,64.19,"2021-03-23 11:00:03"
Centene,64.63,"2021-03-23 12:00:03"
Centene,64.72,"2021-03-23 13:00:04"
Centene,64.72,"2021-03-23 14:00:02"
Centene,64.31,"2021-03-23 15:00:03"
Centene,63.93,"2021-03-23 15:45:03"
Centene,64.06,"2021-03-23 16:15:03"
Centene,64.90,"2021-03-24 09:45:02"
Centene,64.96,"2021-03-24 11:00:02"
Centene,64.85,"2021-03-24 12:00:04"
Centene,64.86,"2021-03-24 13:00:02"
Centene,64.72,"2021-03-24 14:00:04"
Centene,64.88,"2021-03-24 15:00:03"
Centene,64.70,"2021-03-24 15:45:02"
Centene,64.94,"2021-03-24 16:15:03"
Centene,63.74,"2021-03-25 09:45:04"
Centene,63.73,"2021-03-25 11:00:03"
Centene,63.90,"2021-03-25 12:00:04"
Centene,63.92,"2021-03-25 13:00:03"
Centene,64.21,"2021-03-25 14:00:03"
Centene,64.41,"2021-03-25 15:00:04"
Centene,64.76,"2021-03-25 15:45:02"
Centene,64.94,"2021-03-25 16:15:03"
Centene,64.82,"2021-03-26 09:45:04"
Centene,64.59,"2021-03-26 11:00:03"
Centene,64.52,"2021-03-26 12:00:03"
Centene,64.84,"2021-03-26 13:00:02"
Centene,64.52,"2021-03-26 14:00:02"
Centene,64.81,"2021-03-26 15:00:04"
Centene,64.75,"2021-03-26 15:45:02"
Centene,64.17,"2021-03-26 16:15:04"
Centene,65.83,"2021-03-29 09:45:01"
Centene,65.39,"2021-03-29 11:00:04"
Centene,65.75,"2021-03-29 12:00:04"
Centene,65.85,"2021-03-29 13:00:05"
Centene,65.55,"2021-03-29 14:00:03"
Centene,65.73,"2021-03-29 15:00:01"
Centene,65.74,"2021-03-29 15:45:03"
Centene,65.64,"2021-03-29 16:15:02"
Centene,65.63,"2021-03-30 09:45:02"
Centene,65.75,"2021-03-30 11:00:04"
Centene,65.66,"2021-03-30 12:00:02"
Centene,65.73,"2021-03-30 13:00:03"
Centene,65.76,"2021-03-30 14:00:03"
Centene,65.42,"2021-03-30 15:00:05"
Centene,65.19,"2021-03-30 15:45:01"
Centene,65.38,"2021-03-30 16:15:02"
Centene,64.45,"2021-03-31 09:45:03"
Centene,64.43,"2021-03-31 11:00:02"
Centene,64.35,"2021-03-31 12:00:02"
Centene,64.35,"2021-03-31 13:00:04"
Centene,64.34,"2021-03-31 14:00:02"
Centene,63.95,"2021-03-31 15:00:07"
Centene,64.01,"2021-03-31 15:45:03"
Centene,63.91,"2021-03-31 16:15:02"
Centene,62.59,"2021-04-01 09:45:02"
Centene,63.10,"2021-04-01 11:00:02"
Centene,63.39,"2021-04-01 12:00:02"
Centene,63.47,"2021-04-01 13:00:04"
Centene,63.17,"2021-04-01 14:00:03"
Centene,62.93,"2021-04-01 15:00:04"
Centene,63.29,"2021-04-01 15:45:03"
Centene,63.25,"2021-04-01 16:15:01"
Centene,63.25,"2021-04-02 09:45:03"
Centene,63.25,"2021-04-02 11:00:03"
Centene,63.25,"2021-04-02 12:00:04"
Centene,63.25,"2021-04-02 13:00:04"
Centene,63.25,"2021-04-02 14:00:03"
Centene,63.25,"2021-04-02 15:00:04"
Centene,63.25,"2021-04-02 15:45:02"
Centene,63.25,"2021-04-02 16:15:03"
Centene,63.94,"2021-04-05 09:45:02"
Centene,64.36,"2021-04-05 11:00:03"
Centene,64.37,"2021-04-05 12:00:03"
Centene,64.42,"2021-04-05 13:00:03"
Centene,63.90,"2021-04-05 14:00:03"
Centene,63.81,"2021-04-05 15:00:03"
Centene,63.72,"2021-04-05 15:45:02"
Centene,63.25,"2021-04-05 16:15:03"
Centene,63.23,"2021-04-06 09:45:03"
Centene,62.69,"2021-04-06 11:00:03"
Centene,63.12,"2021-04-06 12:00:02"
Centene,63.12,"2021-04-06 13:00:03"
Centene,63.25,"2021-04-06 14:00:03"
Centene,62.93,"2021-04-06 15:00:02"
Centene,62.56,"2021-04-06 15:45:02"
Centene,62.64,"2021-04-06 16:15:01"
Centene,62.88,"2021-04-07 09:45:03"
Centene,62.67,"2021-04-07 11:00:02"
Centene,62.57,"2021-04-07 12:00:04"
Centene,62.44,"2021-04-07 13:00:03"
Centene,62.59,"2021-04-07 14:00:04"
Centene,62.38,"2021-04-07 15:00:05"
Centene,62.43,"2021-04-07 15:45:03"
Centene,62.62,"2021-04-07 16:15:02"
Centene,62.00,"2021-04-08 09:45:05"
Centene,61.80,"2021-04-08 11:00:02"
Centene,61.46,"2021-04-08 12:00:06"
Centene,61.58,"2021-04-08 13:00:05"
Centene,61.35,"2021-04-08 14:00:02"
Centene,61.82,"2021-04-08 15:00:03"
Centene,61.70,"2021-04-08 15:45:03"
Centene,61.54,"2021-04-08 16:15:03"
Centene,61.73,"2021-04-09 09:45:03"
Centene,61.89,"2021-04-09 11:00:07"
Centene,61.73,"2021-04-09 12:00:05"
Centene,61.80,"2021-04-09 13:00:02"
Centene,61.65,"2021-04-09 14:00:02"
Centene,61.89,"2021-04-09 15:00:02"
Centene,62.56,"2021-04-09 15:45:03"
Centene,62.61,"2021-04-09 16:15:03"
Centene,62.83,"2021-04-12 09:45:03"
Centene,63.07,"2021-04-12 11:00:04"
Centene,63.23,"2021-04-12 12:00:01"
Centene,63.00,"2021-04-12 13:00:02"
Centene,62.90,"2021-04-12 14:00:03"
Centene,62.80,"2021-04-12 15:00:02"
Centene,62.48,"2021-04-12 15:45:02"
Centene,62.43,"2021-04-12 16:15:03"
Centene,62.11,"2021-04-13 09:45:02"
Centene,62.37,"2021-04-13 11:00:01"
Centene,62.82,"2021-04-13 12:00:04"
Centene,62.72,"2021-04-13 13:00:02"
Centene,62.48,"2021-04-13 14:00:03"
Centene,62.61,"2021-04-13 15:00:02"
Centene,62.42,"2021-04-13 15:45:02"
Centene,62.23,"2021-04-13 16:15:02"
Centene,62.23,"2021-04-14 09:45:02"
Centene,62.29,"2021-04-14 11:00:02"
Centene,62.72,"2021-04-14 12:00:04"
Centene,62.78,"2021-04-14 13:00:03"
Centene,62.70,"2021-04-14 14:00:05"
Centene,62.61,"2021-04-14 15:00:06"
Centene,62.70,"2021-04-14 15:45:03"
Centene,62.58,"2021-04-14 16:15:02"
Centene,63.39,"2021-04-15 09:45:04"
Centene,63.56,"2021-04-15 11:00:04"
Centene,64.07,"2021-04-15 12:00:02"
Centene,63.86,"2021-04-15 13:00:03"
Centene,64.10,"2021-04-15 14:00:03"
Centene,64.31,"2021-04-15 15:00:05"
Centene,64.04,"2021-04-15 15:45:02"
Centene,64.24,"2021-04-15 16:15:02"
Centene,64.47,"2021-04-16 09:45:02"
Centene,64.60,"2021-04-16 11:00:04"
Centene,64.51,"2021-04-16 12:00:01"
Centene,64.71,"2021-04-16 13:00:03"
Centene,64.78,"2021-04-16 14:00:03"
Centene,64.89,"2021-04-16 15:00:03"
Centene,65.09,"2021-04-16 15:45:02"
Centene,64.96,"2021-04-16 16:15:02"
Centene,64.73,"2021-04-19 09:45:02"
Centene,65.36,"2021-04-19 11:00:04"
Centene,65.23,"2021-04-19 12:00:02"
Centene,65.40,"2021-04-19 13:00:04"
Centene,65.41,"2021-04-19 14:00:03"
Centene,65.65,"2021-04-19 15:00:04"
Centene,65.32,"2021-04-19 15:45:03"
Centene,65.38,"2021-04-19 16:15:03"
Centene,65.99,"2021-04-20 09:45:05"
Centene,65.69,"2021-04-20 11:00:07"
Centene,65.35,"2021-04-20 12:00:03"
Centene,65.69,"2021-04-20 13:00:03"
Centene,65.78,"2021-04-20 14:00:03"
Centene,65.63,"2021-04-20 15:00:03"
Centene,65.46,"2021-04-20 15:45:02"
Centene,65.43,"2021-04-20 16:15:02"
Centene,65.57,"2021-04-21 09:45:03"
Centene,65.24,"2021-04-21 11:00:05"
Centene,65.16,"2021-04-21 12:00:03"
Centene,65.31,"2021-04-21 13:00:02"
Centene,65.31,"2021-04-21 14:00:04"
Centene,65.53,"2021-04-21 15:00:03"
Centene,65.54,"2021-04-21 15:45:03"
Centene,65.49,"2021-04-21 16:15:03"
Centene,64.33,"2021-04-22 09:45:02"
Centene,64.61,"2021-04-22 11:00:03"
Centene,65.02,"2021-04-22 12:00:05"
Centene,65.08,"2021-04-22 13:00:04"
Centene,64.33,"2021-04-22 14:00:03"
Centene,64.71,"2021-04-22 15:00:04"
Centene,64.59,"2021-04-22 15:45:02"
Centene,64.64,"2021-04-22 16:15:02"
Centene,64.48,"2021-04-23 09:45:04"
Centene,64.94,"2021-04-23 11:00:08"
Centene,64.90,"2021-04-23 12:00:04"
Centene,65.14,"2021-04-23 13:00:04"
Centene,65.27,"2021-04-23 14:00:04"
Centene,65.42,"2021-04-23 15:00:03"
Centene,65.48,"2021-04-23 15:45:03"
Centene,65.37,"2021-04-23 16:15:01"
Centene,65.57,"2021-04-26 09:45:02"
Centene,66.30,"2021-04-26 11:00:02"
Centene,66.34,"2021-04-26 12:00:06"
Centene,66.57,"2021-04-26 13:00:04"
Centene,66.55,"2021-04-26 14:00:02"
Centene,66.54,"2021-04-26 15:00:02"
Centene,66.25,"2021-04-26 15:45:02"
Centene,66.00,"2021-04-26 16:15:03"
Centene,63.32,"2021-04-27 09:45:04"
Centene,62.05,"2021-04-27 11:00:04"
Centene,62.20,"2021-04-27 12:00:02"
Centene,62.53,"2021-04-27 13:00:02"
Centene,62.66,"2021-04-27 14:00:02"
Centene,62.16,"2021-04-27 15:00:02"
Centene,61.79,"2021-04-27 15:45:03"
Centene,61.31,"2021-04-27 16:15:02"
Centene,60.85,"2021-04-28 09:45:04"
Centene,60.53,"2021-04-28 11:00:02"
Centene,60.22,"2021-04-28 12:00:03"
Centene,60.17,"2021-04-28 13:00:02"
Centene,59.96,"2021-04-28 14:00:02"
Centene,59.38,"2021-04-28 15:00:03"
Centene,59.57,"2021-04-28 15:45:02"
Centene,59.49,"2021-04-28 16:15:03"
Centene,59.89,"2021-04-29 09:45:03"
Centene,59.93,"2021-04-29 11:00:02"
Centene,60.63,"2021-04-29 12:00:02"
Centene,60.67,"2021-04-29 13:00:02"
Centene,60.26,"2021-04-29 14:00:03"
Centene,60.50,"2021-04-29 15:00:05"
Centene,60.50,"2021-04-29 15:45:02"
Centene,60.59,"2021-04-29 16:15:03"
Centene,60.31,"2021-04-30 09:45:02"
Centene,60.85,"2021-04-30 11:00:05"
Centene,61.14,"2021-04-30 12:00:04"
Centene,61.09,"2021-04-30 13:00:02"
Centene,61.33,"2021-04-30 14:00:02"
Centene,61.44,"2021-04-30 15:00:02"
Centene,61.68,"2021-04-30 15:45:02"
Centene,61.74,"2021-04-30 16:15:04"
Centene,62.12,"2021-05-03 09:45:04"
Centene,62.81,"2021-05-03 11:00:05"
Centene,63.01,"2021-05-03 12:00:04"
Centene,62.61,"2021-05-03 13:00:03"
Centene,62.69,"2021-05-03 14:00:02"
Centene,62.52,"2021-05-03 15:00:02"
Centene,62.46,"2021-05-03 15:45:02"
Centene,62.39,"2021-05-03 16:15:02"
Centene,62.70,"2021-05-04 09:45:01"
Centene,63.04,"2021-05-04 11:00:04"
Centene,63.49,"2021-05-04 12:00:03"
Centene,64.02,"2021-05-04 13:00:01"
Centene,63.91,"2021-05-04 14:00:04"
Centene,64.02,"2021-05-04 15:00:02"
Centene,64.21,"2021-05-04 15:45:03"
Centene,64.58,"2021-05-04 16:15:03"
Centene,63.84,"2021-05-05 09:45:03"
Centene,65.13,"2021-05-05 11:00:03"
Centene,65.17,"2021-05-05 12:00:03"
Centene,64.82,"2021-05-05 13:00:02"
Centene,65.15,"2021-05-05 14:00:03"
Centene,65.37,"2021-05-05 15:00:03"
Centene,64.98,"2021-05-05 15:45:03"
Centene,65.41,"2021-05-05 16:15:04"
Centene,65.53,"2021-05-06 09:45:04"
Centene,64.46,"2021-05-06 11:00:02"
Centene,64.31,"2021-05-06 12:00:03"
Centene,64.43,"2021-05-06 13:00:01"
Centene,64.58,"2021-05-06 14:00:02"
Centene,64.51,"2021-05-06 15:00:02"
Centene,64.70,"2021-05-06 15:45:02"
Centene,65.19,"2021-05-06 16:15:03"
Centene,68.22,"2021-05-07 09:45:04"
Centene,68.46,"2021-05-07 11:00:02"
Centene,69.16,"2021-05-07 12:00:03"
Centene,68.82,"2021-05-07 13:00:05"
Centene,69.39,"2021-05-07 14:00:03"
Centene,69.74,"2021-05-07 15:00:02"
Centene,70.00,"2021-05-07 15:45:03"
Centene,70.45,"2021-05-07 16:15:02"
Centene,70.59,"2021-05-10 09:45:04"
Centene,70.34,"2021-05-10 11:00:03"
Centene,70.88,"2021-05-10 12:00:02"
Centene,70.57,"2021-05-10 13:00:03"
Centene,70.39,"2021-05-10 14:00:02"
Centene,70.06,"2021-05-10 15:00:04"
Centene,69.84,"2021-05-10 15:45:03"
Centene,69.56,"2021-05-10 16:15:03"
Centene,73.51,"2021-07-11 11:54:29"
Centene,73.50,"2021-07-12 09:45:04"
Centene,74.84,"2021-07-12 11:00:04"
Centene,74.63,"2021-07-12 12:00:03"
Centene,74.67,"2021-07-12 13:00:03"
Centene,74.75,"2021-07-12 14:00:03"
Centene,74.61,"2021-07-12 15:00:02"
Centene,74.78,"2021-07-12 15:45:02"
Centene,74.70,"2021-07-12 16:15:03"
Centene,75.06,"2021-07-13 09:45:02"
Centene,74.44,"2021-07-13 11:00:02"
Centene,74.63,"2021-07-13 12:00:02"
Centene,74.55,"2021-07-13 13:00:02"
Centene,74.60,"2021-07-13 14:00:02"
Centene,74.62,"2021-07-13 15:00:02"
Centene,74.71,"2021-07-13 15:45:02"
Centene,75.00,"2021-07-13 16:15:02"
Centene,74.36,"2021-07-14 09:45:02"
Centene,74.24,"2021-07-14 11:00:04"
Centene,74.01,"2021-07-14 12:00:04"
Centene,73.96,"2021-07-14 13:00:03"
Centene,73.87,"2021-07-14 14:00:02"
Centene,73.93,"2021-07-14 15:00:02"
Centene,73.60,"2021-07-14 15:45:02"
Centene,73.77,"2021-07-14 16:15:02"
Centene,72.93,"2021-07-15 09:45:03"
Centene,72.84,"2021-07-15 11:00:02"
Centene,73.20,"2021-07-15 12:00:03"
Centene,73.70,"2021-07-15 13:00:02"
Centene,73.51,"2021-07-15 14:00:02"
Centene,73.69,"2021-07-15 15:00:02"
Centene,73.34,"2021-07-15 15:45:03"
Centene,73.30,"2021-07-15 16:15:02"
Centene,73.11,"2021-07-16 09:45:02"
Centene,73.27,"2021-07-16 11:00:03"
Centene,73.23,"2021-07-16 12:00:03"
Centene,73.13,"2021-07-16 13:00:02"
Centene,73.11,"2021-07-16 14:00:03"
Centene,72.76,"2021-07-16 15:00:03"
Centene,72.67,"2021-07-16 15:45:03"
Centene,72.66,"2021-07-16 16:15:02"
Centene,72.51,"2021-07-19 09:45:03"
Centene,71.93,"2021-07-19 11:00:03"
Centene,71.88,"2021-07-19 12:00:02"
Centene,70.99,"2021-07-19 13:00:03"
Centene,71.02,"2021-07-19 14:00:02"
Centene,71.11,"2021-07-19 15:00:03"
Centene,71.25,"2021-07-19 15:45:02"
Centene,71.99,"2021-07-19 16:15:02"
Centene,72.40,"2021-07-20 09:45:02"
Centene,72.64,"2021-07-20 11:00:03"
Centene,72.31,"2021-07-20 12:00:03"
Centene,72.16,"2021-07-20 13:00:03"
Centene,71.59,"2021-07-20 14:00:03"
Centene,71.56,"2021-07-20 15:00:02"
Centene,71.72,"2021-07-20 15:45:04"
Centene,71.67,"2021-07-20 16:15:02"
Centene,71.58,"2021-07-21 09:45:02"
Centene,72.36,"2021-07-21 11:00:02"
Centene,72.25,"2021-07-21 12:00:02"
Centene,72.43,"2021-07-21 13:00:03"
Centene,72.39,"2021-07-21 14:00:04"
Centene,72.47,"2021-07-21 15:00:03"
Centene,72.69,"2021-07-21 15:45:03"
Centene,73.25,"2021-07-21 16:15:02"
Centene,73.36,"2021-07-22 09:45:02"
Centene,73.27,"2021-07-22 11:00:02"
Centene,72.87,"2021-07-22 13:00:03"
Centene,72.67,"2021-07-22 14:00:02"
Centene,72.93,"2021-07-22 15:00:02"
Centene,73.07,"2021-07-22 15:45:02"
Centene,73.15,"2021-07-22 16:15:03"
Centene,73.35,"2021-07-23 09:45:02"
Centene,73.42,"2021-07-23 11:00:02"
Centene,73.60,"2021-07-23 12:00:04"
Centene,73.62,"2021-07-23 13:00:02"
Centene,73.61,"2021-07-23 14:00:02"
Centene,73.48,"2021-07-23 15:00:02"
Centene,73.35,"2021-07-23 15:45:03"
Centene,73.46,"2021-07-23 16:15:02"
Centene,73.37,"2021-07-26 09:45:02"
Centene,72.69,"2021-07-26 11:00:03"
Centene,72.22,"2021-07-26 12:00:03"
Centene,72.15,"2021-07-26 13:00:03"
Centene,72.37,"2021-07-26 14:00:03"
Centene,72.43,"2021-07-26 15:00:02"
Centene,72.65,"2021-07-26 15:45:03"
Centene,72.67,"2021-07-26 16:15:04"
Centene,70.00,"2021-07-27 09:45:02"
Centene,70.05,"2021-07-27 11:00:04"
Centene,69.58,"2021-07-27 12:00:02"
Centene,70.10,"2021-07-27 13:00:03"
Centene,69.80,"2021-07-27 14:00:02"
Centene,70.16,"2021-07-27 15:00:03"
Centene,70.18,"2021-07-27 15:45:02"
Centene,70.47,"2021-07-27 16:15:03"
Centene,70.05,"2021-07-28 09:45:05"
Centene,69.76,"2021-07-28 11:00:02"
Centene,70.25,"2021-07-28 12:00:02"
Centene,69.68,"2021-07-28 13:00:02"
Centene,69.71,"2021-07-28 14:00:03"
Centene,70.11,"2021-07-28 15:00:02"
Centene,69.79,"2021-07-28 15:45:04"
Centene,69.73,"2021-07-28 16:15:02"
Centene,69.46,"2021-07-29 09:45:03"
Centene,69.58,"2021-07-29 11:00:02"
Centene,69.61,"2021-07-29 12:00:02"
Centene,69.59,"2021-07-29 13:00:04"
Centene,69.50,"2021-07-29 14:00:01"
Centene,69.14,"2021-07-29 15:00:03"
Centene,69.17,"2021-07-29 15:45:03"
Centene,69.08,"2021-07-29 16:15:03"
Centene,68.91,"2021-07-30 09:45:02"
Centene,68.79,"2021-07-30 11:00:02"
Centene,69.22,"2021-07-30 12:00:02"
Centene,69.08,"2021-07-30 13:00:03"
Centene,69.10,"2021-07-30 14:00:03"
Centene,69.16,"2021-07-30 15:00:02"
Centene,68.74,"2021-07-30 15:45:03"
Centene,68.61,"2021-07-30 16:15:01"
Centene,68.86,"2021-08-02 09:45:03"
Centene,69.57,"2021-08-02 11:00:02"
Centene,69.93,"2021-08-02 12:00:04"
Centene,70.30,"2021-08-02 13:00:02"
Centene,70.22,"2021-08-02 14:00:02"
Centene,70.20,"2021-08-02 15:00:02"
Centene,70.29,"2021-08-02 15:45:03"
Centene,70.31,"2021-08-02 16:15:02"
Centene,69.92,"2021-08-03 09:45:02"
Centene,69.65,"2021-08-03 11:00:02"
Centene,69.12,"2021-08-03 12:00:03"
Centene,69.18,"2021-08-03 13:00:02"
Centene,69.29,"2021-08-03 14:00:03"
Centene,69.26,"2021-08-03 15:00:04"
Centene,69.33,"2021-08-03 15:45:02"
Centene,69.33,"2021-08-03 16:15:02"
Centene,69.20,"2021-08-04 09:45:02"
Centene,68.91,"2021-08-04 11:00:04"
Centene,68.97,"2021-08-04 12:00:04"
Centene,68.91,"2021-08-04 13:00:03"
Centene,69.05,"2021-08-04 14:00:03"
Centene,68.92,"2021-08-04 15:00:03"
Centene,68.99,"2021-08-04 15:45:01"
Centene,69.09,"2021-08-04 16:15:02"
Centene,68.08,"2021-08-05 09:45:03"
Centene,65.67,"2021-08-05 11:00:04"
Centene,65.93,"2021-08-05 12:00:02"
Centene,65.99,"2021-08-05 13:00:02"
Centene,66.29,"2021-08-05 14:00:03"
Centene,66.80,"2021-08-05 15:00:02"
Centene,66.99,"2021-08-05 15:45:04"
Centene,67.50,"2021-08-05 16:15:01"
Centene,67.74,"2021-08-06 09:45:03"
Centene,66.69,"2021-08-06 11:00:02"
Centene,66.39,"2021-08-06 12:00:02"
Centene,66.30,"2021-08-06 13:00:01"
Centene,66.88,"2021-08-06 14:00:03"
Centene,66.86,"2021-08-06 15:00:02"
Centene,66.58,"2021-08-06 15:45:03"
Centene,66.80,"2021-08-06 16:15:03"
Centene,66.63,"2021-08-09 09:45:02"
Centene,66.59,"2021-08-09 11:00:02"
Centene,66.39,"2021-08-09 12:00:02"
Centene,66.30,"2021-08-09 13:00:01"
Centene,66.20,"2021-08-09 14:00:04"
Centene,66.30,"2021-08-09 15:00:03"
Centene,66.38,"2021-08-09 15:45:03"
Centene,66.19,"2021-08-09 16:15:04"
Centene,66.01,"2021-08-10 09:45:03"
Centene,65.58,"2021-08-10 11:00:03"
Centene,65.65,"2021-08-10 12:00:02"
Centene,65.35,"2021-08-10 13:00:03"
Centene,65.24,"2021-08-10 14:00:03"
Centene,65.10,"2021-08-10 15:00:04"
Centene,65.08,"2021-08-10 15:45:03"
Centene,64.99,"2021-08-10 16:15:03"
Centene,64.93,"2021-08-11 09:45:02"
Centene,64.70,"2021-08-11 11:00:02"
Centene,64.84,"2021-08-11 12:00:02"
Centene,65.00,"2021-08-11 13:00:04"
Centene,65.01,"2021-08-11 14:00:03"
Centene,64.97,"2021-08-11 15:00:02"
Centene,64.55,"2021-08-11 15:45:04"
Centene,64.45,"2021-08-11 16:15:04"
Centene,64.37,"2021-08-12 09:45:04"
Centene,63.77,"2021-08-12 11:00:03"
Centene,63.51,"2021-08-12 12:00:02"
Centene,63.49,"2021-08-12 13:00:03"
Centene,63.33,"2021-08-12 14:00:03"
Centene,63.24,"2021-08-12 15:00:03"
Centene,63.16,"2021-08-12 15:45:04"
Centene,63.11,"2021-08-12 16:15:03"
Centene,63.20,"2021-08-13 09:45:03"
Centene,62.63,"2021-08-13 11:00:02"
Centene,63.18,"2021-08-13 12:00:03"
Centene,62.97,"2021-08-13 13:00:03"
Centene,62.92,"2021-08-13 14:00:02"
Centene,63.05,"2021-08-13 15:00:02"
Centene,63.01,"2021-08-13 15:45:02"
Centene,63.07,"2021-08-13 16:15:03"
Centene,62.56,"2021-08-16 09:45:02"
Centene,63.40,"2021-08-16 11:00:02"
Centene,63.10,"2021-08-16 12:00:03"
Centene,63.26,"2021-08-16 13:00:03"
Centene,63.73,"2021-08-16 14:00:02"
Centene,63.89,"2021-08-16 15:00:04"
Centene,63.91,"2021-08-16 15:45:06"
Centene,64.08,"2021-08-16 16:15:03"
Centene,63.93,"2021-08-17 09:45:02"
Centene,64.52,"2021-08-17 11:00:03"
Centene,64.62,"2021-08-17 12:00:02"
Centene,64.73,"2021-08-17 13:00:02"
Centene,65.25,"2021-08-17 14:00:04"
Centene,65.30,"2021-08-17 15:00:04"
Centene,65.30,"2021-08-17 15:45:02"
Centene,65.41,"2021-08-17 16:15:03"
Centene,65.35,"2021-08-18 09:45:03"
Centene,64.73,"2021-08-18 11:00:03"
Centene,64.81,"2021-08-18 12:00:03"
Centene,64.30,"2021-08-18 13:00:02"
Centene,64.26,"2021-08-18 14:00:02"
Centene,64.15,"2021-08-18 15:00:04"
Centene,64.13,"2021-08-18 15:45:03"
Centene,63.82,"2021-08-18 16:15:03"
Centene,63.84,"2021-08-19 09:45:03"
Centene,64.45,"2021-08-19 11:00:03"
Centene,64.46,"2021-08-19 12:00:02"
Centene,64.16,"2021-08-19 13:00:03"
Centene,63.76,"2021-08-19 14:00:03"
Centene,63.87,"2021-08-19 15:00:03"
Centene,63.85,"2021-08-19 15:45:02"
Centene,63.72,"2021-08-19 16:15:08"
Centene,63.99,"2021-08-20 09:45:03"
Centene,63.86,"2021-08-20 11:00:04"
Centene,63.95,"2021-08-20 12:00:03"
Centene,63.94,"2021-08-20 13:00:03"
Centene,64.06,"2021-08-20 14:00:02"
Centene,63.98,"2021-08-20 15:00:04"
Centene,64.28,"2021-08-20 15:45:03"
Centene,64.31,"2021-08-20 16:15:03"
Centene,64.63,"2021-08-23 09:45:03"
Centene,64.77,"2021-08-23 11:00:03"
Centene,64.98,"2021-08-23 12:00:02"
Centene,65.00,"2021-08-23 13:00:02"
Centene,64.80,"2021-08-23 14:00:03"
Centene,64.85,"2021-08-23 15:00:03"
Centene,64.76,"2021-08-23 15:45:03"
Centene,64.48,"2021-08-23 16:15:08"
Centene,64.49,"2021-08-24 09:45:03"
Centene,64.55,"2021-08-24 11:00:02"
Centene,64.59,"2021-08-24 12:00:03"
Centene,64.50,"2021-08-24 13:00:03"
Centene,64.91,"2021-08-24 14:00:03"
Centene,64.88,"2021-08-24 15:00:03"
Centene,64.70,"2021-08-24 15:45:03"
Centene,64.58,"2021-08-24 16:15:03"
Centene,63.94,"2021-08-25 09:45:03"
Centene,63.84,"2021-08-25 11:00:04"
Centene,63.58,"2021-08-25 12:00:02"
Centene,63.51,"2021-08-25 13:00:04"
Centene,63.49,"2021-08-25 14:00:03"
Centene,63.57,"2021-08-25 15:00:03"
Centene,63.53,"2021-08-25 15:45:03"
Centene,63.51,"2021-08-25 16:15:08"
Centene,63.61,"2021-08-26 09:45:03"
Centene,63.53,"2021-08-26 11:00:02"
Centene,63.63,"2021-08-26 12:00:03"
Centene,63.70,"2021-08-26 13:00:03"
Centene,63.74,"2021-08-26 14:00:02"
Centene,63.74,"2021-08-26 15:00:04"
Centene,63.70,"2021-08-26 15:45:03"
Centene,63.63,"2021-08-26 16:15:08"
Centene,63.81,"2021-08-27 09:45:03"
Centene,63.69,"2021-08-27 11:00:02"
Centene,63.83,"2021-08-27 12:00:03"
Centene,64.40,"2021-08-27 13:00:04"
Centene,64.07,"2021-08-27 14:00:02"
Centene,64.05,"2021-08-27 15:00:04"
Centene,64.15,"2021-08-27 15:45:03"
Centene,63.98,"2021-08-27 16:15:09"
Centene,63.72,"2021-08-30 09:45:03"
Centene,63.65,"2021-08-30 11:00:02"
Centene,63.36,"2021-08-30 12:00:02"
Centene,63.36,"2021-08-30 13:00:04"
Centene,63.43,"2021-08-30 14:00:03"
Centene,63.41,"2021-08-30 15:00:03"
Centene,63.28,"2021-08-30 15:45:03"
Centene,63.23,"2021-08-30 16:15:03"
Centene,63.38,"2021-08-31 09:45:03"
Centene,63.68,"2021-08-31 11:00:04"
Centene,63.73,"2021-08-31 12:00:03"
Centene,63.28,"2021-08-31 13:00:02"
Centene,63.08,"2021-08-31 14:00:04"
Centene,62.71,"2021-08-31 15:00:04"
Centene,63.02,"2021-08-31 15:45:03"
Centene,63.07,"2021-08-31 16:15:08"
Centene,62.53,"2021-09-01 09:45:02"
Centene,62.43,"2021-09-01 11:00:02"
Centene,62.56,"2021-09-01 12:00:04"
Centene,62.97,"2021-09-01 13:00:02"
Centene,63.02,"2021-09-01 14:00:04"
Centene,62.97,"2021-09-01 15:00:02"
Centene,62.70,"2021-09-01 15:45:02"
Centene,62.71,"2021-09-01 16:15:02"
Centene,63.28,"2021-09-02 09:45:03"
Centene,64.01,"2021-09-02 11:00:02"
Centene,64.33,"2021-09-02 12:00:02"
Centene,64.37,"2021-09-02 13:00:03"
Centene,64.53,"2021-09-02 14:00:02"
Centene,64.80,"2021-09-02 15:00:03"
Centene,64.52,"2021-09-02 15:45:03"
Centene,64.61,"2021-09-02 16:15:09"
Centene,64.26,"2021-09-03 09:45:03"
Centene,64.52,"2021-09-03 11:00:03"
Centene,64.26,"2021-09-03 12:00:04"
Centene,64.27,"2021-09-03 13:00:03"
Centene,64.46,"2021-09-03 14:00:03"
Centene,64.36,"2021-09-03 15:00:02"
Centene,64.38,"2021-09-03 15:45:04"
Centene,64.51,"2021-09-03 16:15:02"
Centene,64.37,"2021-09-06 09:45:03"
Centene,64.37,"2021-09-06 11:00:04"
Centene,64.37,"2021-09-06 12:00:03"
Centene,64.37,"2021-09-06 13:00:03"
Centene,64.37,"2021-09-06 14:00:04"
Centene,64.37,"2021-09-06 15:00:02"
Centene,64.37,"2021-09-06 15:45:03"
Centene,64.37,"2021-09-06 16:15:03"
Centene,63.93,"2021-09-07 09:45:02"
Centene,63.77,"2021-09-07 11:00:03"
Centene,63.42,"2021-09-07 12:00:03"
Centene,63.76,"2021-09-07 13:00:02"
Centene,63.77,"2021-09-07 14:00:02"
Centene,63.90,"2021-09-07 15:00:03"
Centene,63.78,"2021-09-07 15:45:03"
Centene,63.79,"2021-09-07 16:15:03"
Centene,63.46,"2021-09-08 09:45:03"
Centene,63.55,"2021-09-08 11:00:03"
Centene,63.01,"2021-09-08 12:00:04"
Centene,62.82,"2021-09-08 13:00:03"
Centene,62.68,"2021-09-08 14:00:02"
Centene,62.87,"2021-09-08 15:00:02"
Centene,62.75,"2021-09-08 15:45:03"
Centene,62.81,"2021-09-08 16:15:09"
Centene,62.66,"2021-09-09 09:45:03"
Centene,62.89,"2021-09-09 11:00:03"
Centene,62.37,"2021-09-09 12:00:04"
Centene,62.43,"2021-09-09 13:00:02"
Centene,61.92,"2021-09-09 14:00:03"
Centene,62.15,"2021-09-09 15:00:03"
Centene,62.16,"2021-09-09 15:45:04"
Centene,61.88,"2021-09-09 16:15:08"
Centene,60.87,"2021-09-10 09:45:03"
Centene,59.80,"2021-09-10 11:00:02"
Centene,60.52,"2021-09-10 12:00:04"
Centene,60.45,"2021-09-10 13:00:02"
Centene,60.22,"2021-09-10 14:00:04"
Centene,60.05,"2021-09-10 15:00:03"
Centene,60.01,"2021-09-10 15:45:10"
Centene,59.73,"2021-09-10 16:15:08"
Centene,60.77,"2021-09-13 09:45:03"
Centene,62.00,"2021-09-13 11:00:03"
Centene,63.35,"2021-09-13 12:00:03"
Centene,64.06,"2021-09-13 13:00:03"
Centene,62.99,"2021-09-13 14:00:04"
Centene,62.54,"2021-09-13 15:00:03"
Centene,62.84,"2021-09-13 15:45:04"
Centene,62.90,"2021-09-13 16:15:03"
Centene,61.99,"2021-09-14 09:45:04"
Centene,60.98,"2021-09-14 11:00:03"
Centene,60.97,"2021-09-14 12:00:03"
Centene,61.09,"2021-09-14 13:00:04"
Centene,60.98,"2021-09-14 14:00:06"
Centene,60.90,"2021-09-14 15:00:03"
Centene,60.91,"2021-09-14 15:45:03"
Centene,60.80,"2021-09-14 16:15:08"
Centene,61.07,"2021-09-15 09:45:04"
Centene,61.84,"2021-09-15 11:00:03"
Centene,61.89,"2021-09-15 12:00:04"
Centene,61.75,"2021-09-15 13:00:04"
Centene,62.00,"2021-09-15 14:00:04"
Centene,61.63,"2021-09-15 15:00:03"
Centene,61.93,"2021-09-15 15:45:02"
Centene,61.62,"2021-09-15 16:15:08"
Centene,62.18,"2021-09-16 09:45:03"
Centene,61.21,"2021-09-16 11:00:03"
Centene,61.43,"2021-09-16 12:00:04"
Centene,61.35,"2021-09-16 13:00:03"
Centene,61.59,"2021-09-16 14:00:04"
Centene,61.67,"2021-09-16 15:00:03"
Centene,61.84,"2021-09-16 15:45:02"
Centene,61.59,"2021-09-16 16:15:08"
Centene,62.42,"2021-09-17 09:45:03"
Centene,63.52,"2021-09-17 11:00:04"
Centene,64.08,"2021-09-17 12:00:02"
Centene,63.92,"2021-09-17 13:00:04"
Centene,64.29,"2021-09-17 14:00:03"
Centene,64.45,"2021-09-17 15:00:03"
Centene,64.55,"2021-09-17 15:45:03"
Centene,64.64,"2021-09-17 16:15:04"
Centene,63.73,"2021-09-20 09:45:09"
Centene,64.68,"2021-09-20 11:00:03"
Centene,64.60,"2021-09-20 12:00:03"
Centene,64.44,"2021-09-20 13:00:06"
Centene,64.36,"2021-09-20 14:00:03"
Centene,64.25,"2021-09-20 15:00:02"
Centene,64.34,"2021-09-20 15:45:04"
Centene,64.35,"2021-09-20 16:15:02"
Centene,64.61,"2021-09-21 09:45:03"
Centene,63.71,"2021-09-21 11:00:02"
Centene,63.83,"2021-09-21 12:00:03"
Centene,63.31,"2021-09-21 13:00:04"
Centene,63.22,"2021-09-21 14:00:04"
Centene,63.11,"2021-09-21 15:00:04"
Centene,63.24,"2021-09-21 15:45:03"
Centene,63.09,"2021-09-21 16:15:11"
Centene,63.24,"2021-09-22 09:45:03"
Centene,63.92,"2021-09-22 11:00:03"
Centene,63.54,"2021-09-22 12:00:03"
Centene,63.61,"2021-09-22 13:00:04"
Centene,63.75,"2021-09-22 14:00:09"
Centene,63.14,"2021-09-22 15:00:04"
Centene,63.01,"2021-09-22 15:45:04"
Centene,62.94,"2021-09-22 16:15:03"
Centene,62.83,"2021-09-23 09:45:04"
Centene,63.36,"2021-09-23 11:00:04"
Centene,63.11,"2021-09-23 12:00:04"
Centene,63.02,"2021-09-23 13:00:04"
Centene,63.25,"2021-09-23 14:00:03"
Centene,63.19,"2021-09-23 15:00:03"
Centene,62.80,"2021-09-23 15:45:04"
Centene,63.20,"2021-09-23 16:15:04"
Centene,62.41,"2021-09-24 09:45:03"
Centene,62.40,"2021-09-24 11:00:02"
Centene,62.51,"2021-09-24 12:00:03"
Centene,62.57,"2021-09-24 13:00:03"
Centene,62.61,"2021-09-24 14:00:03"
Centene,62.78,"2021-09-24 15:00:01"
Centene,62.90,"2021-09-24 15:45:03"
Centene,62.82,"2021-09-24 16:15:08"
Centene,63.88,"2021-09-27 09:45:03"
Centene,64.51,"2021-09-27 11:00:03"
Centene,64.62,"2021-09-27 12:00:02"
Centene,64.56,"2021-09-27 13:00:04"
Centene,64.88,"2021-09-27 14:00:03"
Centene,63.96,"2021-09-27 15:00:03"
Centene,63.77,"2021-09-27 15:45:03"
Centene,63.83,"2021-09-27 16:15:09"
Centene,63.98,"2021-09-28 09:45:03"
Centene,63.04,"2021-09-28 11:00:03"
Centene,63.53,"2021-09-28 12:00:04"
Centene,63.21,"2021-09-28 13:00:02"
Centene,63.52,"2021-09-28 14:00:03"
Centene,63.62,"2021-09-28 15:00:04"
Centene,63.57,"2021-09-28 15:45:02"
Centene,63.50,"2021-09-28 16:15:02"
Centene,63.12,"2021-09-29 09:45:03"
Centene,63.62,"2021-09-29 11:00:04"
Centene,63.56,"2021-09-29 12:00:03"
Centene,63.31,"2021-09-29 13:00:04"
Centene,63.24,"2021-09-29 14:00:05"
Centene,63.45,"2021-09-29 15:00:02"
Centene,63.33,"2021-09-29 15:45:02"
Centene,63.26,"2021-09-29 16:15:02"
Centene,63.42,"2021-09-30 09:45:03"
Centene,63.00,"2021-09-30 11:00:02"
Centene,62.58,"2021-09-30 12:00:04"
Centene,62.09,"2021-09-30 13:00:02"
Centene,62.44,"2021-09-30 14:00:04"
Centene,62.84,"2021-09-30 15:00:02"
Centene,62.57,"2021-09-30 15:45:02"
Centene,62.31,"2021-09-30 16:15:09"
Centene,61.50,"2021-10-01 09:45:03"
Centene,61.70,"2021-10-01 11:00:02"
Centene,62.25,"2021-10-01 12:00:03"
Centene,62.42,"2021-10-01 13:00:04"
Centene,62.75,"2021-10-01 14:00:03"
Centene,62.96,"2021-10-01 15:00:03"
Centene,63.29,"2021-10-01 15:45:02"
Centene,63.38,"2021-10-04 09:45:03"
Centene,62.97,"2021-10-04 11:00:03"
Centene,62.82,"2021-10-04 12:00:03"
Centene,62.80,"2021-10-04 13:00:03"
Centene,62.61,"2021-10-04 14:00:04"
Centene,62.44,"2021-10-04 15:00:02"
Centene,62.52,"2021-10-04 15:45:03"
Centene,62.53,"2021-10-04 16:15:03"
Centene,62.33,"2021-10-05 09:45:03"
Centene,62.87,"2021-10-05 11:00:03"
Centene,62.39,"2021-10-05 12:00:04"
Centene,62.04,"2021-10-05 13:00:03"
Centene,62.51,"2021-10-05 14:00:03"
Centene,62.73,"2021-10-05 15:00:02"
Centene,62.71,"2021-10-05 15:45:04"
Centene,62.71,"2021-10-05 16:15:04"
Centene,61.25,"2021-10-06 09:45:03"
Centene,61.58,"2021-10-06 11:00:02"
Centene,62.25,"2021-10-06 12:00:02"
Centene,62.26,"2021-10-06 13:00:03"
Centene,62.62,"2021-10-06 14:00:04"
Centene,62.81,"2021-10-06 15:00:03"
Centene,62.99,"2021-10-06 15:45:04"
Centene,63.04,"2021-10-06 16:15:03"
Centene,64.05,"2021-10-07 09:45:03"
Centene,64.18,"2021-10-07 11:00:02"
Centene,64.21,"2021-10-07 12:00:03"
Centene,64.41,"2021-10-07 13:00:03"
Centene,64.47,"2021-10-07 14:00:02"
Centene,63.94,"2021-10-07 15:00:02"
Centene,63.92,"2021-10-07 15:45:03"
Centene,63.97,"2021-10-07 16:15:04"
Centene,63.82,"2021-10-08 09:45:02"
Centene,64.00,"2021-10-08 11:00:04"
Centene,64.22,"2021-10-08 12:00:02"
Centene,64.26,"2021-10-08 13:00:02"
Centene,64.28,"2021-10-08 14:00:03"
Centene,64.49,"2021-10-08 15:00:03"
Centene,64.28,"2021-10-08 15:45:03"
Centene,64.33,"2021-10-08 16:15:04"
Centene,64.18,"2021-10-11 09:45:03"
Centene,64.17,"2021-10-11 11:00:02"
Centene,64.25,"2021-10-11 12:00:03"
Centene,63.94,"2021-10-11 13:00:03"
Centene,63.86,"2021-10-11 14:00:03"
Centene,63.47,"2021-10-11 15:00:03"
Centene,63.26,"2021-10-11 15:45:02"
Centene,63.10,"2021-10-11 16:15:03"
Centene,63.59,"2021-10-12 09:45:03"
Centene,63.34,"2021-10-12 11:00:03"
Centene,63.30,"2021-10-12 12:00:03"
Centene,63.15,"2021-10-12 13:00:03"
Centene,63.06,"2021-10-12 14:00:04"
Centene,63.46,"2021-10-12 15:00:02"
Centene,63.12,"2021-10-12 15:45:03"
Centene,63.04,"2021-10-12 16:15:02"
Centene,62.54,"2021-10-13 09:45:04"
Centene,61.46,"2021-10-13 11:00:02"
Centene,62.37,"2021-10-13 12:00:03"
Centene,62.33,"2021-10-13 13:00:04"
Centene,62.35,"2021-10-13 14:00:02"
Centene,62.20,"2021-10-13 15:00:03"
Centene,61.98,"2021-10-13 15:45:03"
Centene,61.92,"2021-10-13 16:15:02"
Centene,64.02,"2021-10-14 09:45:03"
Centene,63.61,"2021-10-14 11:00:03"
Centene,63.08,"2021-10-14 12:00:02"
Centene,63.04,"2021-10-14 13:00:03"
Centene,63.53,"2021-10-14 14:00:03"
Centene,63.18,"2021-10-14 15:00:02"
Centene,63.15,"2021-10-14 15:45:03"
Centene,63.16,"2021-10-14 16:15:04"
Centene,63.55,"2021-10-15 09:45:02"
Centene,64.06,"2021-10-15 11:00:04"
Centene,65.03,"2021-10-15 12:00:02"
Centene,64.75,"2021-10-15 13:00:04"
Centene,65.11,"2021-10-15 14:00:03"
Centene,65.26,"2021-10-15 15:00:06"
Centene,65.24,"2021-10-15 15:45:04"
Centene,65.36,"2021-10-15 16:15:02"
Centene,64.72,"2021-10-18 09:45:03"
Centene,64.68,"2021-10-18 11:00:05"
Centene,64.54,"2021-10-18 12:00:02"
Centene,64.32,"2021-10-18 13:00:05"
Centene,64.33,"2021-10-18 14:00:02"
Centene,64.32,"2021-10-18 15:00:03"
Centene,64.11,"2021-10-18 15:45:05"
Centene,64.08,"2021-10-18 16:15:03"
Centene,64.38,"2021-10-19 09:45:02"
Centene,64.42,"2021-10-19 11:00:02"
Centene,64.43,"2021-10-19 12:00:03"
Centene,64.53,"2021-10-19 13:00:02"
Centene,64.62,"2021-10-19 14:00:05"
Centene,64.75,"2021-10-19 15:00:02"
Centene,64.69,"2021-10-19 15:45:03"
Centene,64.69,"2021-10-19 16:15:02"
Centene,66.80,"2021-10-20 09:45:03"
Centene,66.49,"2021-10-20 11:00:05"
Centene,66.97,"2021-10-20 12:00:04"
Centene,67.00,"2021-10-20 13:00:05"
Centene,67.59,"2021-10-20 14:00:02"
Centene,67.62,"2021-10-20 15:00:03"
Centene,68.25,"2021-10-20 15:45:04"
Centene,68.16,"2021-10-20 16:15:05"
Centene,68.03,"2021-10-21 09:45:04"
Centene,68.55,"2021-10-21 11:00:05"
Centene,68.76,"2021-10-21 12:00:04"
Centene,68.60,"2021-10-21 13:00:03"
Centene,68.51,"2021-10-21 14:00:04"
Centene,68.24,"2021-10-21 15:00:02"
Centene,68.89,"2021-10-21 15:45:05"
Centene,69.07,"2021-10-21 16:15:05"
Centene,69.16,"2021-10-22 09:45:03"
Centene,69.01,"2021-10-22 11:00:04"
Centene,69.03,"2021-10-22 12:00:04"
Centene,69.20,"2021-10-22 13:00:04"
Centene,69.31,"2021-10-22 14:00:02"
Centene,69.28,"2021-10-22 15:00:03"
Centene,69.35,"2021-10-22 15:45:03"
Centene,69.21,"2021-10-22 16:15:03"
Centene,68.94,"2021-10-25 09:45:05"
Centene,68.79,"2021-10-25 11:00:05"
Centene,68.57,"2021-10-25 12:00:04"
Centene,68.36,"2021-10-25 13:00:05"
Centene,68.32,"2021-10-25 14:00:05"
Centene,68.31,"2021-10-25 15:00:02"
Centene,67.95,"2021-10-25 15:45:04"
Centene,67.91,"2021-10-25 16:15:02"
Centene,69.10,"2021-10-26 09:45:05"
Centene,69.96,"2021-10-26 11:00:03"
Centene,70.34,"2021-10-26 12:00:03"
Centene,70.03,"2021-10-26 13:00:02"
Centene,69.96,"2021-10-26 14:00:03"
Centene,70.42,"2021-10-26 15:00:03"
Centene,71.23,"2021-10-26 15:45:03"
Centene,71.45,"2021-10-26 16:15:08"
Centene,71.44,"2021-10-27 09:45:05"
Centene,72.54,"2021-10-27 11:00:03"
Centene,71.52,"2021-10-27 12:00:02"
Centene,71.55,"2021-10-27 13:00:03"
Centene,71.38,"2021-10-27 14:00:05"
Centene,71.45,"2021-10-27 15:00:03"
Centene,71.14,"2021-10-27 15:45:03"
Centene,70.55,"2021-10-27 16:15:02"
Centene,69.77,"2021-10-28 09:45:03"
Centene,70.72,"2021-10-28 11:00:04"
Centene,70.91,"2021-10-28 12:00:03"
Centene,70.71,"2021-10-28 13:00:04"
Centene,71.12,"2021-10-28 14:00:04"
Centene,71.32,"2021-10-28 15:00:03"
Centene,71.56,"2021-10-28 15:45:03"
Centene,71.59,"2021-10-28 16:15:03"
Centene,71.05,"2021-10-29 09:45:04"
Centene,71.55,"2021-10-29 11:00:03"
Centene,71.38,"2021-10-29 12:00:02"
Centene,71.44,"2021-10-29 13:00:02"
Centene,71.72,"2021-10-29 14:00:05"
Centene,71.46,"2021-10-29 15:00:04"
Centene,71.37,"2021-10-29 15:45:02"
Centene,71.23,"2021-10-29 16:15:09"
Centene,71.72,"2021-11-01 09:45:03"
Centene,71.67,"2021-11-01 11:00:02"
Centene,71.04,"2021-11-01 12:00:03"
Centene,70.80,"2021-11-01 13:00:04"
Centene,70.57,"2021-11-01 14:00:03"
Centene,71.35,"2021-11-01 15:00:04"
Centene,71.82,"2021-11-01 15:45:05"
Centene,71.77,"2021-11-01 16:15:05"
Centene,70.72,"2021-11-02 09:45:05"
Centene,70.18,"2021-11-02 11:00:02"
Centene,70.05,"2021-11-02 12:00:05"
Centene,69.86,"2021-11-02 13:00:03"
Centene,69.34,"2021-11-02 14:00:02"
Centene,69.09,"2021-11-02 15:00:05"
Centene,69.11,"2021-11-02 15:45:02"
Centene,68.99,"2021-11-03 09:45:03"
Centene,69.71,"2021-11-03 11:00:05"
Centene,70.06,"2021-11-03 12:00:04"
Centene,70.12,"2021-11-03 13:00:03"
Centene,70.42,"2021-11-03 14:00:04"
Centene,70.97,"2021-11-03 15:00:02"
Centene,74.24,"2021-11-03 15:45:05"
Centene,73.92,"2021-11-03 16:15:03"
Centene,74.15,"2021-11-04 09:45:04"
Centene,73.91,"2021-11-04 11:00:05"
Centene,74.11,"2021-11-04 12:00:02"
Centene,74.16,"2021-11-04 13:00:04"
Centene,74.28,"2021-11-04 14:00:02"
Centene,73.93,"2021-11-04 15:00:03"
Centene,73.80,"2021-11-04 15:45:05"
Centene,73.76,"2021-11-04 16:15:05"
Centene,74.21,"2021-11-05 09:45:03"
Centene,74.64,"2021-11-05 11:00:03"
Centene,74.10,"2021-11-05 12:00:04"
Centene,74.21,"2021-11-05 13:00:02"
Centene,73.79,"2021-11-05 14:00:05"
Centene,73.87,"2021-11-05 15:00:05"
Centene,74.00,"2021-11-05 15:45:06"
Centene,74.19,"2021-11-05 16:15:02"
Centene,73.77,"2021-11-08 09:45:05"
Centene,74.17,"2021-11-08 11:00:02"
Centene,73.92,"2021-11-08 12:00:05"
Centene,73.95,"2021-11-08 13:00:05"
Centene,73.94,"2021-11-08 14:00:04"
Centene,73.90,"2021-11-08 15:00:03"
Centene,74.06,"2021-11-08 15:45:05"
Centene,74.09,"2021-11-08 16:15:03"
Centene,73.85,"2021-11-09 09:45:02"
Centene,74.08,"2021-11-09 11:00:02"
Centene,74.10,"2021-11-09 12:00:03"
Centene,74.46,"2021-11-09 13:00:03"
Centene,74.42,"2021-11-09 14:00:03"
Centene,74.46,"2021-11-09 15:00:02"
Centene,74.72,"2021-11-09 15:45:02"
Centene,74.77,"2021-11-09 16:15:09"
Centene,75.29,"2021-11-10 09:45:03"
Centene,74.78,"2021-11-10 11:00:04"
Centene,75.26,"2021-11-10 12:00:03"
Centene,75.35,"2021-11-10 13:00:03"
Centene,75.21,"2021-11-10 14:00:03"
Centene,74.94,"2021-11-10 15:00:04"
Centene,75.01,"2021-11-10 15:45:04"
Centene,75.10,"2021-11-10 16:15:09"
Centene,75.02,"2021-11-11 09:45:03"
Centene,75.20,"2021-11-11 11:00:03"
Centene,75.22,"2021-11-11 12:00:04"
Centene,75.38,"2021-11-11 13:00:03"
Centene,75.30,"2021-11-11 14:00:03"
Centene,75.34,"2021-11-11 15:00:03"
Centene,75.29,"2021-11-11 15:45:03"
Centene,75.30,"2021-11-11 16:15:09"
Centene,75.60,"2021-11-12 09:45:04"
Centene,75.10,"2021-11-12 11:00:04"
Centene,75.27,"2021-11-12 12:00:03"
Centene,75.20,"2021-11-12 13:00:04"
Centene,75.39,"2021-11-12 14:00:03"
Centene,75.73,"2021-11-12 15:00:04"
Centene,76.09,"2021-11-12 15:45:04"
Centene,75.84,"2021-11-12 16:15:03"
Centene,75.83,"2021-11-15 09:45:02"
Centene,75.53,"2021-11-15 11:00:04"
Centene,75.36,"2021-11-15 12:00:04"
Centene,75.38,"2021-11-15 13:00:04"
Centene,75.03,"2021-11-15 14:00:03"
Centene,74.91,"2021-11-15 15:00:02"
Centene,75.00,"2021-11-15 15:45:04"
Centene,75.06,"2021-11-15 16:15:09"
Centene,74.93,"2021-11-16 09:45:03"
Centene,74.70,"2021-11-16 11:00:04"
Centene,74.89,"2021-11-16 12:00:03"
Centene,75.05,"2021-11-16 13:00:04"
Centene,75.35,"2021-11-16 14:00:03"
Centene,75.29,"2021-11-16 15:00:04"
Centene,75.17,"2021-11-16 15:45:02"
Centene,74.97,"2021-11-16 16:15:03"
Centene,75.39,"2021-11-17 09:45:03"
Centene,75.78,"2021-11-17 11:00:03"
Centene,76.20,"2021-11-17 12:00:03"
Centene,76.37,"2021-11-17 13:00:03"
Centene,76.28,"2021-11-17 14:00:03"
Centene,76.59,"2021-11-17 15:00:03"
Centene,76.50,"2021-11-17 15:45:03"
Centene,76.25,"2021-11-17 16:15:08"
Centene,76.91,"2021-11-18 09:45:04"
Centene,77.33,"2021-11-18 11:00:03"
Centene,77.34,"2021-11-18 12:00:03"
Centene,76.84,"2021-11-18 13:00:03"
Centene,75.60,"2021-11-18 14:00:04"
Centene,75.73,"2021-11-18 15:00:03"
Centene,75.33,"2021-11-18 15:45:04"
Centene,75.35,"2021-11-18 16:15:02"
Centene,74.57,"2021-11-19 09:45:04"
Centene,73.90,"2021-11-19 11:00:03"
Centene,73.53,"2021-11-19 12:00:04"
Centene,74.24,"2021-11-19 13:00:03"
Centene,74.17,"2021-11-19 14:00:04"
Centene,73.55,"2021-11-19 15:00:03"
Centene,72.75,"2021-11-19 15:45:03"
Centene,72.99,"2021-11-19 16:15:08"
Centene,72.56,"2021-11-22 09:45:03"
Centene,74.02,"2021-11-22 11:00:03"
Centene,74.17,"2021-11-22 12:00:04"
Centene,74.19,"2021-11-22 13:00:03"
Centene,74.23,"2021-11-22 14:00:03"
Centene,74.11,"2021-11-22 15:00:02"
Centene,74.22,"2021-11-22 15:45:03"
Centene,74.07,"2021-11-22 16:15:02"
Centene,74.57,"2021-11-23 09:45:03"
Centene,75.01,"2021-11-23 11:00:03"
Centene,75.96,"2021-11-23 12:00:03"
Centene,76.00,"2021-11-23 13:00:02"
Centene,76.13,"2021-11-23 14:00:03"
Centene,76.19,"2021-11-23 15:00:04"
Centene,75.95,"2021-11-23 15:45:04"
Centene,76.04,"2021-11-23 16:15:04"
Centene,75.82,"2021-11-24 09:45:03"
Centene,75.87,"2021-11-24 11:00:02"
Centene,75.71,"2021-11-24 12:00:05"
Centene,75.73,"2021-11-24 13:00:03"
Centene,75.78,"2021-11-24 14:00:03"
Centene,75.58,"2021-11-24 15:00:04"
Centene,75.61,"2021-11-24 15:45:03"
Centene,75.60,"2021-11-24 16:15:03"
Centene,75.60,"2021-11-25 09:45:03"
Centene,75.60,"2021-11-25 11:00:04"
Centene,75.60,"2021-11-25 12:00:03"
Centene,75.60,"2021-11-25 13:00:03"
Centene,75.60,"2021-11-25 14:00:03"
Centene,75.60,"2021-11-25 15:00:01"
Centene,75.60,"2021-11-25 15:45:04"
Centene,75.60,"2021-11-25 16:15:03"
Centene,74.38,"2021-11-26 09:45:04"
Centene,73.04,"2021-11-26 11:00:03"
Centene,73.17,"2021-11-26 12:00:03"
Centene,73.67,"2021-11-26 13:00:03"
Centene,73.84,"2021-11-26 14:00:03"
Centene,73.84,"2021-11-26 15:00:03"
Centene,73.84,"2021-11-26 15:45:03"
Centene,73.84,"2021-11-26 16:15:03"
Centene,73.47,"2021-11-29 09:45:04"
Centene,73.57,"2021-11-29 11:00:04"
Centene,73.95,"2021-11-29 12:00:02"
Centene,74.22,"2021-11-29 13:00:03"
Centene,74.00,"2021-11-29 14:00:03"
Centene,74.16,"2021-11-29 15:00:04"
Centene,73.90,"2021-11-29 15:45:02"
Centene,73.74,"2021-11-29 16:15:03"
Centene,72.84,"2021-11-30 09:45:02"
Centene,72.73,"2021-11-30 11:00:03"
Centene,72.88,"2021-11-30 12:00:03"
Centene,72.84,"2021-11-30 13:00:03"
Centene,72.58,"2021-11-30 14:00:03"
Centene,72.16,"2021-11-30 15:00:04"
Centene,71.63,"2021-11-30 15:45:03"
Centene,71.47,"2021-11-30 16:15:03"
Centene,72.65,"2021-12-01 09:45:03"
Centene,72.70,"2021-12-01 11:00:03"
Centene,72.42,"2021-12-01 12:00:03"
Centene,71.64,"2021-12-01 13:00:03"
Centene,71.35,"2021-12-01 14:00:03"
Centene,71.25,"2021-12-01 15:00:04"
Centene,70.74,"2021-12-01 15:45:04"
Centene,70.22,"2021-12-01 16:15:03"
Centene,70.53,"2021-12-02 09:45:02"
Centene,70.30,"2021-12-02 11:00:02"
Centene,71.04,"2021-12-02 12:00:03"
Centene,70.98,"2021-12-02 13:00:03"
Centene,71.58,"2021-12-02 14:00:03"
Centene,71.44,"2021-12-02 15:00:02"
Centene,71.65,"2021-12-02 15:45:03"
Centene,71.39,"2021-12-02 16:15:04"
Centene,72.21,"2021-12-03 09:45:03"
Centene,70.74,"2021-12-03 11:00:05"
Centene,70.66,"2021-12-03 12:00:02"
Centene,70.95,"2021-12-03 13:00:04"
Centene,71.18,"2021-12-03 14:00:02"
Centene,70.62,"2021-12-03 15:00:04"
Centene,70.57,"2021-12-03 15:45:04"
Centene,71.06,"2021-12-03 16:15:05"
Centene,72.12,"2021-12-06 09:45:02"
Centene,73.29,"2021-12-06 11:00:03"
Centene,72.23,"2021-12-06 12:00:03"
Centene,72.26,"2021-12-06 13:00:01"
Centene,72.29,"2021-12-06 14:00:03"
Centene,71.92,"2021-12-06 15:00:04"
Centene,71.80,"2021-12-06 15:45:03"
Centene,71.78,"2021-12-06 16:15:02"
Centene,72.07,"2021-12-07 09:45:02"
Centene,72.94,"2021-12-07 11:00:05"
Centene,72.64,"2021-12-07 12:00:03"
Centene,73.07,"2021-12-07 13:00:03"
Centene,72.87,"2021-12-07 14:00:03"
Centene,73.24,"2021-12-07 15:00:02"
Centene,73.60,"2021-12-07 15:45:03"
Centene,73.60,"2021-12-07 16:15:02"
Centene,73.72,"2021-12-08 09:45:05"
Centene,74.09,"2021-12-08 11:00:03"
Centene,73.84,"2021-12-08 12:00:03"
Centene,73.50,"2021-12-08 13:00:03"
Centene,73.84,"2021-12-08 14:00:05"
Centene,73.74,"2021-12-08 15:00:04"
Centene,73.87,"2021-12-08 15:45:04"
Centene,73.88,"2021-12-08 16:15:05"
Centene,73.40,"2021-12-09 09:45:03"
Centene,74.61,"2021-12-09 11:00:02"
Centene,74.51,"2021-12-09 12:00:03"
Centene,74.55,"2021-12-09 13:00:03"
Centene,74.94,"2021-12-09 14:00:03"
Centene,74.88,"2021-12-09 15:00:03"
Centene,74.90,"2021-12-09 15:45:02"
Centene,74.86,"2021-12-09 16:15:03"
Centene,78.30,"2021-12-10 09:45:02"
Centene,79.30,"2021-12-10 11:00:04"
Centene,78.63,"2021-12-10 12:00:03"
Centene,78.30,"2021-12-10 13:00:04"
Centene,78.07,"2021-12-10 14:00:03"
Centene,78.39,"2021-12-10 15:00:02"
Centene,78.43,"2021-12-10 15:45:04"
Centene,78.45,"2021-12-10 16:15:03"
Centene,78.74,"2021-12-13 09:45:03"
Centene,78.09,"2021-12-13 11:00:03"
Centene,77.85,"2021-12-13 12:00:04"
Centene,78.25,"2021-12-13 13:00:05"
Centene,78.17,"2021-12-13 14:00:03"
Centene,78.46,"2021-12-13 15:00:03"
