eBay,56.42,"2021-03-01 03:06:18"
eBay,58.23,"2021-03-01 13:01:11"
eBay,58.25,"2021-03-01 13:35:28"
eBay,58.42,"2021-03-01 13:56:46"
eBay,58.42,"2021-03-01 14:00:06"
eBay,58.66,"2021-03-01 15:00:05"
eBay,58.48,"2021-03-01 15:45:03"
eBay,58.48,"2021-03-01 16:15:03"
eBay,58.10,"2021-03-02 09:45:02"
eBay,57.71,"2021-03-02 11:00:07"
eBay,57.10,"2021-03-02 12:00:08"
eBay,57.67,"2021-03-02 13:00:07"
eBay,57.67,"2021-03-02 14:00:05"
eBay,57.69,"2021-03-02 15:00:06"
eBay,57.27,"2021-03-02 15:45:03"
eBay,56.99,"2021-03-02 16:15:04"
eBay,56.13,"2021-03-03 09:45:05"
eBay,55.25,"2021-03-03 11:00:07"
eBay,55.70,"2021-03-03 12:00:07"
eBay,55.23,"2021-03-03 13:00:05"
eBay,54.94,"2021-03-03 14:00:05"
eBay,54.81,"2021-03-03 15:00:06"
eBay,54.71,"2021-03-03 15:45:03"
eBay,54.60,"2021-03-03 16:15:02"
eBay,54.64,"2021-03-04 09:45:02"
eBay,53.98,"2021-03-04 11:00:05"
eBay,54.62,"2021-03-04 12:00:08"
eBay,52.98,"2021-03-04 13:00:06"
eBay,52.52,"2021-03-04 14:00:06"
eBay,53.40,"2021-03-04 15:00:07"
eBay,53.56,"2021-03-04 15:45:02"
eBay,53.35,"2021-03-04 16:15:03"
eBay,53.22,"2021-03-05 09:45:03"
eBay,52.57,"2021-03-05 11:00:09"
eBay,52.57,"2021-03-05 12:00:03"
eBay,53.01,"2021-03-05 13:00:06"
eBay,53.34,"2021-03-05 14:00:06"
eBay,53.89,"2021-03-05 15:00:07"
eBay,53.83,"2021-03-05 15:45:03"
eBay,53.84,"2021-03-05 16:15:04"
eBay,54.23,"2021-03-08 09:45:02"
eBay,54.95,"2021-03-08 11:00:03"
eBay,54.55,"2021-03-08 12:00:04"
eBay,54.58,"2021-03-08 13:00:05"
eBay,54.30,"2021-03-08 14:00:03"
eBay,53.98,"2021-03-08 15:00:03"
eBay,53.84,"2021-03-08 15:45:03"
eBay,53.49,"2021-03-08 16:15:03"
eBay,55.13,"2021-03-09 09:45:03"
eBay,56.06,"2021-03-09 11:00:03"
eBay,56.64,"2021-03-09 12:00:05"
eBay,56.68,"2021-03-09 13:00:03"
eBay,56.85,"2021-03-09 14:00:07"
eBay,56.75,"2021-03-09 15:00:02"
eBay,56.35,"2021-03-09 15:45:02"
eBay,56.51,"2021-03-09 16:15:03"
eBay,55.74,"2021-03-10 09:45:05"
eBay,54.88,"2021-03-10 11:00:03"
eBay,55.39,"2021-03-10 12:00:04"
eBay,55.42,"2021-03-10 13:00:02"
eBay,55.06,"2021-03-10 14:00:03"
eBay,55.46,"2021-03-10 15:00:01"
eBay,55.19,"2021-03-10 15:45:03"
eBay,55.34,"2021-03-10 16:15:02"
eBay,55.71,"2021-03-11 09:45:04"
eBay,55.93,"2021-03-11 11:00:02"
eBay,56.19,"2021-03-11 12:00:04"
eBay,56.25,"2021-03-11 13:00:03"
eBay,56.29,"2021-03-11 14:00:03"
eBay,56.38,"2021-03-11 15:00:03"
eBay,56.41,"2021-03-11 15:45:02"
eBay,56.38,"2021-03-11 16:15:03"
eBay,55.66,"2021-03-12 09:45:03"
eBay,55.26,"2021-03-12 11:00:04"
eBay,55.28,"2021-03-12 12:00:02"
eBay,55.65,"2021-03-12 13:00:01"
eBay,55.52,"2021-03-12 14:00:03"
eBay,55.68,"2021-03-12 15:00:06"
eBay,55.72,"2021-03-12 15:45:03"
eBay,55.98,"2021-03-12 16:15:02"
eBay,55.98,"2021-03-15 09:45:02"
eBay,56.47,"2021-03-15 11:00:03"
eBay,56.61,"2021-03-15 12:00:02"
eBay,56.82,"2021-03-15 13:00:03"
eBay,56.82,"2021-03-15 14:00:02"
eBay,57.25,"2021-03-15 15:00:03"
eBay,57.27,"2021-03-15 15:45:10"
eBay,57.67,"2021-03-15 16:15:02"
eBay,57.56,"2021-03-16 09:45:03"
eBay,57.71,"2021-03-16 11:00:02"
eBay,57.78,"2021-03-16 12:00:03"
eBay,57.89,"2021-03-16 13:00:04"
eBay,57.91,"2021-03-16 14:00:02"
eBay,57.20,"2021-03-16 15:00:04"
eBay,57.43,"2021-03-16 15:45:03"
eBay,57.42,"2021-03-16 16:15:04"
eBay,57.21,"2021-03-17 09:45:04"
eBay,57.32,"2021-03-17 11:00:03"
eBay,57.60,"2021-03-17 12:00:03"
eBay,58.08,"2021-03-17 13:00:02"
eBay,58.31,"2021-03-17 14:00:02"
eBay,59.36,"2021-03-17 15:00:04"
eBay,59.04,"2021-03-17 15:45:04"
eBay,59.16,"2021-03-17 16:15:03"
eBay,58.56,"2021-03-18 09:45:04"
eBay,59.91,"2021-03-18 11:00:03"
eBay,59.91,"2021-03-18 12:00:04"
eBay,59.07,"2021-03-18 13:00:03"
eBay,59.34,"2021-03-18 14:00:03"
eBay,58.89,"2021-03-18 15:00:04"
eBay,58.74,"2021-03-18 15:45:02"
eBay,58.92,"2021-03-18 16:15:03"
eBay,59.28,"2021-03-19 09:45:02"
eBay,59.60,"2021-03-19 11:00:03"
eBay,59.45,"2021-03-19 12:00:01"
eBay,59.50,"2021-03-19 13:00:03"
eBay,59.60,"2021-03-19 14:00:02"
eBay,59.87,"2021-03-19 15:00:03"
eBay,59.86,"2021-03-19 15:45:03"
eBay,59.73,"2021-03-19 16:15:04"
eBay,59.75,"2021-03-22 09:45:03"
eBay,60.18,"2021-03-22 11:00:02"
eBay,59.85,"2021-03-22 12:00:02"
eBay,60.48,"2021-03-22 13:00:02"
eBay,60.43,"2021-03-22 14:00:03"
eBay,60.75,"2021-03-22 15:00:02"
eBay,60.50,"2021-03-22 15:45:03"
eBay,60.14,"2021-03-22 16:15:04"
eBay,60.60,"2021-03-23 09:45:03"
eBay,60.80,"2021-03-23 11:00:02"
eBay,60.47,"2021-03-23 12:00:03"
eBay,60.57,"2021-03-23 13:00:04"
eBay,60.40,"2021-03-23 14:00:02"
eBay,60.51,"2021-03-23 15:00:01"
eBay,60.44,"2021-03-23 15:45:04"
eBay,60.47,"2021-03-23 16:15:02"
eBay,60.35,"2021-03-24 09:45:02"
eBay,59.29,"2021-03-24 11:00:03"
eBay,58.55,"2021-03-24 12:00:05"
eBay,59.02,"2021-03-24 13:00:03"
eBay,58.57,"2021-03-24 14:00:03"
eBay,58.47,"2021-03-24 15:00:03"
eBay,58.06,"2021-03-24 15:45:03"
eBay,57.64,"2021-03-24 16:15:02"
eBay,57.78,"2021-03-25 09:45:03"
eBay,57.24,"2021-03-25 11:00:04"
eBay,57.39,"2021-03-25 12:00:03"
eBay,58.14,"2021-03-25 13:00:03"
eBay,57.81,"2021-03-25 14:00:03"
eBay,58.35,"2021-03-25 15:00:03"
eBay,58.30,"2021-03-25 15:45:02"
eBay,58.94,"2021-03-25 16:15:03"
eBay,58.26,"2021-03-26 09:45:04"
eBay,59.02,"2021-03-26 11:00:03"
eBay,59.51,"2021-03-26 12:00:03"
eBay,59.41,"2021-03-26 13:00:02"
eBay,59.26,"2021-03-26 14:00:02"
eBay,60.14,"2021-03-26 15:00:04"
eBay,60.16,"2021-03-26 15:45:02"
eBay,60.10,"2021-03-26 16:15:03"
eBay,60.77,"2021-03-29 09:45:02"
eBay,59.88,"2021-03-29 11:00:02"
eBay,60.22,"2021-03-29 12:00:04"
eBay,60.25,"2021-03-29 13:00:05"
eBay,60.08,"2021-03-29 14:00:03"
eBay,59.45,"2021-03-29 15:00:05"
eBay,59.80,"2021-03-29 15:45:04"
eBay,59.85,"2021-03-29 16:15:03"
eBay,59.17,"2021-03-30 09:45:04"
eBay,59.82,"2021-03-30 11:00:02"
eBay,59.84,"2021-03-30 12:00:02"
eBay,60.11,"2021-03-30 13:00:04"
eBay,60.10,"2021-03-30 14:00:02"
eBay,60.45,"2021-03-30 15:00:01"
eBay,60.59,"2021-03-30 15:45:03"
eBay,59.91,"2021-03-30 16:15:03"
eBay,61.75,"2021-03-31 09:45:02"
eBay,62.36,"2021-03-31 11:00:02"
eBay,62.51,"2021-03-31 12:00:03"
eBay,62.18,"2021-03-31 13:00:03"
eBay,62.07,"2021-03-31 14:00:04"
eBay,61.90,"2021-03-31 15:00:03"
eBay,61.55,"2021-03-31 15:45:03"
eBay,61.48,"2021-03-31 16:15:02"
eBay,62.19,"2021-04-01 09:45:02"
eBay,62.75,"2021-04-01 11:00:04"
eBay,62.89,"2021-04-01 12:00:01"
eBay,63.21,"2021-04-01 13:00:03"
eBay,62.77,"2021-04-01 14:00:03"
eBay,62.73,"2021-04-01 15:00:03"
eBay,62.98,"2021-04-01 15:45:04"
eBay,63.03,"2021-04-01 16:15:03"
eBay,63.24,"2021-04-02 09:45:03"
eBay,63.24,"2021-04-02 11:00:03"
eBay,63.24,"2021-04-02 12:00:03"
eBay,63.24,"2021-04-02 13:00:03"
eBay,63.24,"2021-04-02 14:00:04"
eBay,63.24,"2021-04-02 15:00:04"
eBay,63.24,"2021-04-02 15:45:03"
eBay,63.24,"2021-04-02 16:15:02"
eBay,62.87,"2021-04-05 09:45:03"
eBay,63.43,"2021-04-05 11:00:03"
eBay,63.87,"2021-04-05 12:00:02"
eBay,63.69,"2021-04-05 13:00:04"
eBay,63.63,"2021-04-05 14:00:02"
eBay,63.71,"2021-04-05 15:00:04"
eBay,63.80,"2021-04-05 15:45:02"
eBay,63.69,"2021-04-05 16:15:03"
eBay,62.89,"2021-04-06 09:45:03"
eBay,62.48,"2021-04-06 11:00:03"
eBay,62.72,"2021-04-06 12:00:03"
eBay,62.86,"2021-04-06 13:00:02"
eBay,62.67,"2021-04-06 14:00:03"
eBay,62.54,"2021-04-06 15:00:03"
eBay,62.33,"2021-04-06 15:45:03"
eBay,63.22,"2021-04-06 16:15:02"
eBay,61.69,"2021-04-07 09:45:03"
eBay,61.65,"2021-04-07 11:00:02"
eBay,61.61,"2021-04-07 12:00:04"
eBay,61.78,"2021-04-07 13:00:03"
eBay,61.63,"2021-04-07 14:00:03"
eBay,61.72,"2021-04-07 15:00:05"
eBay,61.70,"2021-04-07 15:45:03"
eBay,61.76,"2021-04-07 16:15:01"
eBay,62.30,"2021-04-08 09:45:06"
eBay,62.18,"2021-04-08 11:00:05"
eBay,62.43,"2021-04-08 12:00:06"
eBay,62.43,"2021-04-08 13:00:06"
eBay,62.37,"2021-04-08 14:00:03"
eBay,62.30,"2021-04-08 15:00:03"
eBay,62.21,"2021-04-08 15:45:01"
eBay,62.22,"2021-04-08 16:15:03"
eBay,61.97,"2021-04-09 09:45:02"
eBay,61.94,"2021-04-09 11:00:05"
eBay,61.97,"2021-04-09 12:00:05"
eBay,62.07,"2021-04-09 13:00:04"
eBay,61.96,"2021-04-09 14:00:02"
eBay,62.10,"2021-04-09 15:00:06"
eBay,62.19,"2021-04-09 15:45:03"
eBay,62.47,"2021-04-09 16:15:02"
eBay,62.55,"2021-04-12 09:45:04"
eBay,62.46,"2021-04-12 11:00:04"
eBay,62.44,"2021-04-12 12:00:05"
eBay,62.66,"2021-04-12 13:00:02"
eBay,62.51,"2021-04-12 14:00:02"
eBay,62.38,"2021-04-12 15:00:06"
eBay,62.58,"2021-04-12 15:45:03"
eBay,62.63,"2021-04-12 16:15:03"
eBay,63.31,"2021-04-13 09:45:02"
eBay,63.48,"2021-04-13 11:00:05"
eBay,63.51,"2021-04-13 12:00:05"
eBay,63.43,"2021-04-13 13:00:02"
eBay,63.54,"2021-04-13 14:00:05"
eBay,63.77,"2021-04-13 15:00:02"
eBay,63.78,"2021-04-13 15:45:02"
eBay,63.92,"2021-04-13 16:15:02"
eBay,63.24,"2021-04-14 09:45:04"
eBay,64.00,"2021-04-14 11:00:02"
eBay,63.77,"2021-04-14 12:00:03"
eBay,64.06,"2021-04-14 13:00:03"
eBay,63.95,"2021-04-14 14:00:02"
eBay,63.01,"2021-04-14 15:00:05"
eBay,62.84,"2021-04-14 15:45:03"
eBay,62.79,"2021-04-14 16:15:03"
eBay,63.81,"2021-04-15 09:45:02"
eBay,64.22,"2021-04-15 11:00:04"
eBay,64.10,"2021-04-15 12:00:05"
eBay,64.29,"2021-04-15 13:00:02"
eBay,64.13,"2021-04-15 14:00:03"
eBay,64.14,"2021-04-15 15:00:05"
eBay,64.30,"2021-04-15 15:45:03"
eBay,64.36,"2021-04-15 16:15:03"
eBay,64.87,"2021-04-16 09:45:04"
eBay,64.90,"2021-04-16 11:00:02"
eBay,64.47,"2021-04-16 12:00:03"
eBay,64.52,"2021-04-16 13:00:03"
eBay,64.54,"2021-04-16 14:00:03"
eBay,64.77,"2021-04-16 15:00:04"
eBay,64.85,"2021-04-16 15:45:02"
eBay,64.98,"2021-04-16 16:15:02"
eBay,64.53,"2021-04-19 09:45:02"
eBay,64.48,"2021-04-19 11:00:03"
eBay,64.22,"2021-04-19 12:00:02"
eBay,63.90,"2021-04-19 13:00:03"
eBay,64.04,"2021-04-19 14:00:02"
eBay,63.83,"2021-04-19 15:00:04"
eBay,63.81,"2021-04-19 15:45:03"
eBay,63.72,"2021-04-19 16:15:03"
eBay,62.54,"2021-04-20 09:45:03"
eBay,61.76,"2021-04-20 11:00:05"
eBay,61.49,"2021-04-20 12:00:02"
eBay,61.43,"2021-04-20 13:00:04"
eBay,61.47,"2021-04-20 14:00:03"
eBay,61.36,"2021-04-20 15:00:03"
eBay,61.82,"2021-04-20 15:45:04"
eBay,61.79,"2021-04-20 16:15:02"
eBay,61.11,"2021-04-21 09:45:04"
eBay,61.56,"2021-04-21 11:00:06"
eBay,61.76,"2021-04-21 12:00:03"
eBay,61.61,"2021-04-21 13:00:02"
eBay,61.76,"2021-04-21 14:00:02"
eBay,61.55,"2021-04-21 15:00:03"
eBay,61.82,"2021-04-21 15:45:02"
eBay,62.15,"2021-04-21 16:15:03"
eBay,61.18,"2021-04-22 09:45:03"
eBay,61.36,"2021-04-22 11:00:03"
eBay,61.37,"2021-04-22 12:00:03"
eBay,61.50,"2021-04-22 13:00:04"
eBay,60.86,"2021-04-22 14:00:04"
eBay,60.76,"2021-04-22 15:00:04"
eBay,60.70,"2021-04-22 15:45:01"
eBay,60.54,"2021-04-22 16:15:02"
eBay,60.79,"2021-04-23 09:45:02"
eBay,60.91,"2021-04-23 11:00:07"
eBay,61.03,"2021-04-23 12:00:03"
eBay,61.02,"2021-04-23 13:00:02"
eBay,61.06,"2021-04-23 14:00:02"
eBay,60.88,"2021-04-23 15:00:07"
eBay,60.91,"2021-04-23 15:45:03"
eBay,60.91,"2021-04-23 16:15:04"
eBay,61.07,"2021-04-26 09:45:05"
eBay,61.36,"2021-04-26 11:00:02"
eBay,61.34,"2021-04-26 12:00:07"
eBay,61.12,"2021-04-26 13:00:02"
eBay,61.09,"2021-04-26 14:00:02"
eBay,61.49,"2021-04-26 15:00:02"
eBay,61.54,"2021-04-26 15:45:02"
eBay,61.69,"2021-04-26 16:15:03"
eBay,62.00,"2021-04-27 09:45:02"
eBay,61.74,"2021-04-27 11:00:05"
eBay,61.87,"2021-04-27 12:00:03"
eBay,61.69,"2021-04-27 13:00:04"
eBay,61.69,"2021-04-27 14:00:02"
eBay,61.77,"2021-04-27 15:00:02"
eBay,61.80,"2021-04-27 15:45:03"
eBay,61.75,"2021-04-27 16:15:03"
eBay,61.94,"2021-04-28 09:45:02"
eBay,62.71,"2021-04-28 11:00:02"
eBay,62.57,"2021-04-28 12:00:03"
eBay,62.75,"2021-04-28 13:00:02"
eBay,62.38,"2021-04-28 14:00:02"
eBay,62.76,"2021-04-28 15:00:08"
eBay,62.64,"2021-04-28 15:45:02"
eBay,59.90,"2021-04-28 16:15:02"
eBay,55.53,"2021-04-29 09:45:04"
eBay,55.32,"2021-04-29 11:00:05"
eBay,55.64,"2021-04-29 12:00:04"
eBay,55.59,"2021-04-29 13:00:02"
eBay,55.91,"2021-04-29 14:00:02"
eBay,55.99,"2021-04-29 15:00:02"
eBay,55.94,"2021-04-29 15:45:01"
eBay,56.07,"2021-04-29 16:15:02"
eBay,56.54,"2021-04-30 09:45:03"
eBay,56.10,"2021-04-30 11:00:03"
eBay,56.10,"2021-04-30 12:00:03"
eBay,55.90,"2021-04-30 13:00:02"
eBay,55.91,"2021-04-30 14:00:03"
eBay,55.93,"2021-04-30 15:00:06"
eBay,55.84,"2021-04-30 15:45:02"
eBay,55.81,"2021-04-30 16:15:04"
eBay,56.45,"2021-05-03 09:45:03"
eBay,56.79,"2021-05-03 11:00:02"
eBay,56.91,"2021-05-03 12:00:04"
eBay,56.92,"2021-05-03 13:00:03"
eBay,57.43,"2021-05-03 14:00:02"
eBay,58.32,"2021-05-03 15:00:02"
eBay,58.35,"2021-05-03 15:45:02"
eBay,58.01,"2021-05-03 16:15:03"
eBay,57.34,"2021-05-04 09:45:02"
eBay,57.65,"2021-05-04 11:00:02"
eBay,57.52,"2021-05-04 12:00:12"
eBay,57.66,"2021-05-04 13:00:02"
eBay,57.55,"2021-05-04 14:00:03"
eBay,57.50,"2021-05-04 15:00:02"
eBay,57.67,"2021-05-04 15:45:03"
eBay,57.69,"2021-05-04 16:15:03"
eBay,58.65,"2021-05-05 09:45:04"
eBay,58.40,"2021-05-05 11:00:04"
eBay,58.62,"2021-05-05 12:00:04"
eBay,58.45,"2021-05-05 13:00:02"
eBay,58.58,"2021-05-05 14:00:01"
eBay,58.86,"2021-05-05 15:00:02"
eBay,58.40,"2021-05-05 15:45:02"
eBay,58.24,"2021-05-05 16:15:03"
eBay,58.71,"2021-05-06 09:45:02"
eBay,58.32,"2021-05-06 11:00:02"
eBay,58.27,"2021-05-06 12:00:03"
eBay,58.53,"2021-05-06 13:00:02"
eBay,58.19,"2021-05-06 14:00:03"
eBay,58.47,"2021-05-06 15:00:08"
eBay,58.78,"2021-05-06 15:45:02"
eBay,58.59,"2021-05-06 16:15:04"
eBay,58.65,"2021-05-07 09:45:02"
eBay,59.21,"2021-05-07 11:00:02"
eBay,59.86,"2021-05-07 12:00:04"
eBay,59.82,"2021-05-07 13:00:02"
eBay,59.81,"2021-05-07 14:00:03"
eBay,59.92,"2021-05-07 15:00:06"
eBay,59.84,"2021-05-07 15:45:02"
eBay,59.69,"2021-05-07 16:15:03"
eBay,60.01,"2021-05-10 09:45:03"
eBay,60.86,"2021-05-10 11:00:03"
eBay,61.64,"2021-05-10 12:00:02"
eBay,61.66,"2021-05-10 13:00:03"
eBay,62.04,"2021-05-10 14:00:03"
eBay,61.39,"2021-05-10 15:00:02"
eBay,61.58,"2021-05-10 15:45:04"
eBay,61.45,"2021-05-10 16:15:03"
eBay,69.60,"2021-07-11 11:54:51"
eBay,70.09,"2021-07-12 09:45:02"
eBay,69.02,"2021-07-12 11:00:04"
eBay,69.31,"2021-07-12 12:00:03"
eBay,69.00,"2021-07-12 13:00:04"
eBay,69.29,"2021-07-12 14:00:02"
eBay,69.12,"2021-07-12 15:00:03"
eBay,68.93,"2021-07-12 15:45:03"
eBay,69.22,"2021-07-12 16:15:03"
eBay,68.88,"2021-07-13 09:45:03"
eBay,69.23,"2021-07-13 11:00:02"
eBay,69.37,"2021-07-13 12:00:04"
eBay,69.11,"2021-07-13 13:00:03"
eBay,68.84,"2021-07-13 14:00:02"
eBay,68.67,"2021-07-13 15:00:02"
eBay,68.78,"2021-07-13 15:45:02"
eBay,69.30,"2021-07-13 16:15:01"
eBay,70.15,"2021-07-14 09:45:01"
eBay,68.78,"2021-07-14 11:00:04"
eBay,68.15,"2021-07-14 12:00:03"
eBay,68.37,"2021-07-14 13:00:02"
eBay,68.35,"2021-07-14 14:00:02"
eBay,68.14,"2021-07-14 15:00:02"
eBay,68.05,"2021-07-14 15:45:03"
eBay,67.90,"2021-07-14 16:15:03"
eBay,67.84,"2021-07-15 09:45:02"
eBay,68.22,"2021-07-15 11:00:02"
eBay,67.85,"2021-07-15 12:00:03"
eBay,67.89,"2021-07-15 13:00:03"
eBay,67.80,"2021-07-15 14:00:03"
eBay,68.34,"2021-07-15 15:00:02"
eBay,68.14,"2021-07-15 15:45:04"
eBay,68.14,"2021-07-15 16:15:04"
eBay,68.53,"2021-07-16 09:45:02"
eBay,68.69,"2021-07-16 11:00:02"
eBay,68.51,"2021-07-16 12:00:03"
eBay,68.70,"2021-07-16 13:00:04"
eBay,68.67,"2021-07-16 14:00:03"
eBay,68.44,"2021-07-16 15:00:03"
eBay,68.25,"2021-07-16 15:45:02"
eBay,68.41,"2021-07-16 16:15:02"
eBay,67.80,"2021-07-19 09:45:03"
eBay,68.69,"2021-07-19 11:00:04"
eBay,68.63,"2021-07-19 12:00:02"
eBay,68.18,"2021-07-19 13:00:03"
eBay,68.15,"2021-07-19 14:00:03"
eBay,68.12,"2021-07-19 15:00:03"
eBay,68.14,"2021-07-19 15:45:04"
eBay,68.48,"2021-07-19 16:15:03"
eBay,68.91,"2021-07-20 09:45:04"
eBay,69.25,"2021-07-20 11:00:03"
eBay,68.94,"2021-07-20 12:00:03"
eBay,68.91,"2021-07-20 13:00:02"
eBay,68.98,"2021-07-20 14:00:04"
eBay,69.29,"2021-07-20 15:00:03"
eBay,69.44,"2021-07-20 15:45:03"
eBay,69.57,"2021-07-20 16:15:02"
eBay,69.76,"2021-07-21 09:45:02"
eBay,69.83,"2021-07-21 11:00:02"
eBay,69.99,"2021-07-21 12:00:02"
eBay,69.88,"2021-07-21 13:00:04"
eBay,69.76,"2021-07-21 14:00:04"
eBay,69.84,"2021-07-21 15:00:04"
eBay,69.72,"2021-07-21 15:45:03"
eBay,69.87,"2021-07-21 16:15:03"
eBay,69.90,"2021-07-22 09:45:03"
eBay,71.63,"2021-07-22 11:00:02"
eBay,72.00,"2021-07-22 13:00:02"
eBay,71.99,"2021-07-22 14:00:03"
eBay,72.04,"2021-07-22 15:00:02"
eBay,71.98,"2021-07-22 15:45:03"
eBay,72.06,"2021-07-22 16:15:03"
eBay,71.87,"2021-07-23 09:45:04"
eBay,72.63,"2021-07-23 11:00:03"
eBay,73.03,"2021-07-23 12:00:03"
eBay,73.14,"2021-07-23 13:00:03"
eBay,73.32,"2021-07-23 14:00:03"
eBay,73.55,"2021-07-23 15:00:03"
eBay,73.68,"2021-07-23 15:45:02"
eBay,73.54,"2021-07-23 16:15:02"
eBay,73.09,"2021-07-26 09:45:03"
eBay,73.41,"2021-07-26 11:00:02"
eBay,73.40,"2021-07-26 12:00:03"
eBay,73.09,"2021-07-26 13:00:02"
eBay,73.12,"2021-07-26 14:00:03"
eBay,73.35,"2021-07-26 15:00:03"
eBay,73.30,"2021-07-26 15:45:04"
eBay,73.38,"2021-07-26 16:15:04"
eBay,73.08,"2021-07-27 09:45:04"
eBay,71.89,"2021-07-27 11:00:02"
eBay,71.77,"2021-07-27 12:00:02"
eBay,71.77,"2021-07-27 13:00:02"
eBay,71.85,"2021-07-27 14:00:02"
eBay,72.05,"2021-07-27 15:00:04"
eBay,72.02,"2021-07-27 15:45:03"
eBay,72.29,"2021-07-27 16:15:03"
eBay,72.69,"2021-07-28 09:45:02"
eBay,72.85,"2021-07-28 11:00:02"
eBay,72.88,"2021-07-28 12:00:01"
eBay,73.00,"2021-07-28 13:00:03"
eBay,72.93,"2021-07-28 14:00:02"
eBay,73.37,"2021-07-28 15:00:02"
eBay,73.40,"2021-07-28 15:45:03"
eBay,72.91,"2021-07-28 16:15:02"
eBay,73.43,"2021-07-29 09:45:01"
eBay,73.51,"2021-07-29 11:00:03"
eBay,73.66,"2021-07-29 12:00:02"
eBay,73.73,"2021-07-29 13:00:03"
eBay,73.70,"2021-07-29 14:00:01"
eBay,73.54,"2021-07-29 15:00:03"
eBay,73.47,"2021-07-29 15:45:03"
eBay,72.90,"2021-07-29 16:15:02"
eBay,70.02,"2021-07-30 09:45:03"
eBay,69.46,"2021-07-30 11:00:04"
eBay,69.03,"2021-07-30 12:00:03"
eBay,68.40,"2021-07-30 13:00:02"
eBay,68.56,"2021-07-30 14:00:03"
eBay,68.23,"2021-07-30 15:00:01"
eBay,68.33,"2021-07-30 15:45:03"
eBay,68.33,"2021-07-30 16:15:02"
eBay,68.33,"2021-08-02 09:45:03"
eBay,68.24,"2021-08-02 11:00:02"
eBay,68.83,"2021-08-02 12:00:03"
eBay,69.06,"2021-08-02 13:00:02"
eBay,69.11,"2021-08-02 14:00:03"
eBay,68.96,"2021-08-02 15:00:02"
eBay,68.60,"2021-08-02 15:45:03"
eBay,68.63,"2021-08-02 16:15:01"
eBay,68.76,"2021-08-03 09:45:02"
eBay,68.09,"2021-08-03 11:00:03"
eBay,68.23,"2021-08-03 12:00:02"
eBay,67.76,"2021-08-03 13:00:02"
eBay,67.99,"2021-08-03 14:00:03"
eBay,68.05,"2021-08-03 15:00:03"
eBay,68.00,"2021-08-03 15:45:02"
eBay,68.13,"2021-08-03 16:15:03"
eBay,68.03,"2021-08-04 09:45:02"
eBay,68.19,"2021-08-04 11:00:02"
eBay,68.60,"2021-08-04 12:00:03"
eBay,68.34,"2021-08-04 13:00:02"
eBay,68.26,"2021-08-04 14:00:02"
eBay,68.13,"2021-08-04 15:00:03"
eBay,68.10,"2021-08-04 15:45:03"
eBay,67.05,"2021-08-04 16:15:04"
eBay,65.83,"2021-08-05 09:45:03"
eBay,66.82,"2021-08-05 11:00:03"
eBay,66.92,"2021-08-05 12:00:04"
eBay,66.79,"2021-08-05 13:00:03"
eBay,67.23,"2021-08-05 14:00:03"
eBay,67.44,"2021-08-05 15:00:05"
eBay,67.40,"2021-08-05 15:45:03"
eBay,67.28,"2021-08-05 16:15:02"
eBay,66.48,"2021-08-06 09:45:02"
eBay,66.19,"2021-08-06 11:00:03"
eBay,66.11,"2021-08-06 12:00:02"
eBay,65.86,"2021-08-06 13:00:03"
eBay,65.73,"2021-08-06 14:00:02"
eBay,65.36,"2021-08-06 15:00:02"
eBay,65.52,"2021-08-06 15:45:03"
eBay,65.60,"2021-08-06 16:15:03"
eBay,65.90,"2021-08-09 09:45:02"
eBay,65.68,"2021-08-09 11:00:03"
eBay,65.33,"2021-08-09 12:00:03"
eBay,65.29,"2021-08-09 13:00:02"
eBay,65.33,"2021-08-09 14:00:03"
eBay,65.51,"2021-08-09 15:00:02"
eBay,65.29,"2021-08-09 15:45:04"
eBay,65.10,"2021-08-09 16:15:02"
eBay,65.95,"2021-08-10 09:45:02"
eBay,66.18,"2021-08-10 11:00:02"
eBay,66.75,"2021-08-10 12:00:03"
eBay,67.56,"2021-08-10 13:00:03"
eBay,67.16,"2021-08-10 14:00:04"
eBay,67.25,"2021-08-10 15:00:04"
eBay,67.31,"2021-08-10 15:45:02"
eBay,67.29,"2021-08-10 16:15:03"
eBay,67.53,"2021-08-11 09:45:03"
eBay,67.80,"2021-08-11 11:00:03"
eBay,67.76,"2021-08-11 12:00:04"
eBay,67.72,"2021-08-11 13:00:03"
eBay,68.22,"2021-08-11 14:00:04"
eBay,67.90,"2021-08-11 15:00:02"
eBay,67.90,"2021-08-11 15:45:04"
eBay,68.57,"2021-08-11 16:15:04"
eBay,67.48,"2021-08-12 09:45:04"
eBay,67.20,"2021-08-12 11:00:02"
eBay,68.28,"2021-08-12 12:00:01"
eBay,67.87,"2021-08-12 13:00:02"
eBay,67.99,"2021-08-12 14:00:03"
eBay,68.66,"2021-08-12 15:00:03"
eBay,68.82,"2021-08-12 15:45:02"
eBay,68.90,"2021-08-12 16:15:02"
eBay,69.54,"2021-08-13 09:45:02"
eBay,70.89,"2021-08-13 11:00:02"
eBay,72.36,"2021-08-13 12:00:03"
eBay,72.87,"2021-08-13 13:00:04"
eBay,73.20,"2021-08-13 14:00:03"
eBay,73.41,"2021-08-13 15:00:02"
eBay,73.61,"2021-08-13 15:45:02"
eBay,73.91,"2021-08-13 16:15:01"
eBay,75.71,"2021-08-16 09:45:03"
eBay,74.96,"2021-08-16 11:00:02"
eBay,74.90,"2021-08-16 12:00:03"
eBay,75.16,"2021-08-16 13:00:03"
eBay,75.66,"2021-08-16 14:00:03"
eBay,75.69,"2021-08-16 15:00:03"
eBay,75.36,"2021-08-16 15:45:02"
eBay,75.45,"2021-08-16 16:15:03"
eBay,74.24,"2021-08-17 09:45:02"
eBay,73.50,"2021-08-17 11:00:03"
eBay,73.56,"2021-08-17 12:00:04"
eBay,73.03,"2021-08-17 13:00:03"
eBay,73.08,"2021-08-17 14:00:03"
eBay,72.76,"2021-08-17 15:00:02"
eBay,72.90,"2021-08-17 15:45:03"
eBay,72.84,"2021-08-17 16:15:02"
eBay,72.50,"2021-08-18 09:45:02"
eBay,73.66,"2021-08-18 11:00:03"
eBay,73.76,"2021-08-18 12:00:03"
eBay,73.97,"2021-08-18 13:00:02"
eBay,73.90,"2021-08-18 14:00:01"
eBay,73.57,"2021-08-18 15:00:04"
eBay,73.38,"2021-08-18 15:45:02"
eBay,72.83,"2021-08-18 16:15:02"
eBay,72.28,"2021-08-19 09:45:02"
eBay,72.75,"2021-08-19 11:00:02"
eBay,73.42,"2021-08-19 12:00:03"
eBay,73.33,"2021-08-19 13:00:03"
eBay,72.94,"2021-08-19 14:00:03"
eBay,72.96,"2021-08-19 15:00:03"
eBay,72.98,"2021-08-19 15:45:03"
eBay,72.83,"2021-08-19 16:15:08"
eBay,73.25,"2021-08-20 09:45:02"
eBay,73.50,"2021-08-20 11:00:04"
eBay,73.05,"2021-08-20 12:00:03"
eBay,73.20,"2021-08-20 13:00:02"
eBay,72.96,"2021-08-20 14:00:03"
eBay,73.06,"2021-08-20 15:00:04"
eBay,73.28,"2021-08-20 15:45:04"
eBay,73.46,"2021-08-20 16:15:02"
eBay,72.35,"2021-08-23 09:45:03"
eBay,73.13,"2021-08-23 11:00:03"
eBay,72.88,"2021-08-23 12:00:02"
eBay,73.15,"2021-08-23 13:00:03"
eBay,73.20,"2021-08-23 14:00:04"
eBay,73.33,"2021-08-23 15:00:04"
eBay,73.35,"2021-08-23 15:45:03"
eBay,73.20,"2021-08-23 16:15:08"
eBay,73.53,"2021-08-24 09:45:04"
eBay,73.08,"2021-08-24 11:00:03"
eBay,72.99,"2021-08-24 12:00:02"
eBay,72.97,"2021-08-24 13:00:03"
eBay,72.80,"2021-08-24 14:00:02"
eBay,72.68,"2021-08-24 15:00:01"
eBay,72.91,"2021-08-24 15:45:03"
eBay,73.00,"2021-08-24 16:15:03"
eBay,73.32,"2021-08-25 09:45:02"
eBay,73.85,"2021-08-25 11:00:04"
eBay,74.41,"2021-08-25 12:00:03"
eBay,74.41,"2021-08-25 13:00:04"
eBay,74.23,"2021-08-25 14:00:03"
eBay,74.10,"2021-08-25 15:00:03"
eBay,74.14,"2021-08-25 15:45:04"
eBay,74.13,"2021-08-25 16:15:08"
eBay,74.66,"2021-08-26 09:45:03"
eBay,74.90,"2021-08-26 11:00:02"
eBay,75.45,"2021-08-26 12:00:03"
eBay,75.35,"2021-08-26 13:00:03"
eBay,75.74,"2021-08-26 14:00:02"
eBay,75.67,"2021-08-26 15:00:03"
eBay,75.64,"2021-08-26 15:45:03"
eBay,75.70,"2021-08-26 16:15:08"
eBay,75.48,"2021-08-27 09:45:03"
eBay,75.86,"2021-08-27 11:00:03"
eBay,76.15,"2021-08-27 12:00:03"
eBay,76.38,"2021-08-27 13:00:04"
eBay,76.47,"2021-08-27 14:00:04"
eBay,76.25,"2021-08-27 15:00:03"
eBay,76.52,"2021-08-27 15:45:04"
eBay,76.48,"2021-08-27 16:15:09"
eBay,76.15,"2021-08-30 09:45:02"
eBay,76.68,"2021-08-30 11:00:02"
eBay,77.13,"2021-08-30 12:00:03"
eBay,77.48,"2021-08-30 13:00:04"
eBay,77.73,"2021-08-30 14:00:03"
eBay,77.69,"2021-08-30 15:00:03"
eBay,77.66,"2021-08-30 15:45:02"
eBay,77.54,"2021-08-30 16:15:03"
eBay,76.98,"2021-08-31 09:45:03"
eBay,77.24,"2021-08-31 11:00:03"
eBay,77.08,"2021-08-31 12:00:03"
eBay,76.87,"2021-08-31 13:00:04"
eBay,76.74,"2021-08-31 14:00:03"
eBay,76.98,"2021-08-31 15:00:03"
eBay,76.85,"2021-08-31 15:45:03"
eBay,76.74,"2021-08-31 16:15:08"
eBay,76.18,"2021-09-01 09:45:02"
eBay,76.20,"2021-09-01 11:00:04"
eBay,76.72,"2021-09-01 12:00:02"
eBay,76.69,"2021-09-01 13:00:02"
eBay,76.75,"2021-09-01 14:00:03"
eBay,76.47,"2021-09-01 15:00:03"
eBay,76.37,"2021-09-01 15:45:02"
eBay,76.15,"2021-09-01 16:15:02"
eBay,76.36,"2021-09-02 09:45:03"
eBay,77.08,"2021-09-02 11:00:02"
eBay,76.86,"2021-09-02 12:00:03"
eBay,76.65,"2021-09-02 13:00:03"
eBay,76.55,"2021-09-02 14:00:03"
eBay,76.56,"2021-09-02 15:00:03"
eBay,76.67,"2021-09-02 15:45:03"
eBay,76.47,"2021-09-03 09:45:03"
eBay,76.22,"2021-09-03 11:00:03"
eBay,76.35,"2021-09-03 12:00:03"
eBay,76.68,"2021-09-03 13:00:02"
eBay,76.89,"2021-09-03 14:00:02"
eBay,76.62,"2021-09-03 15:00:02"
eBay,76.45,"2021-09-03 15:45:03"
eBay,76.53,"2021-09-03 16:15:02"
eBay,76.53,"2021-09-06 09:45:03"
eBay,76.53,"2021-09-06 11:00:03"
eBay,76.53,"2021-09-06 12:00:04"
eBay,76.53,"2021-09-06 13:00:03"
eBay,76.53,"2021-09-06 14:00:04"
eBay,76.53,"2021-09-06 15:00:01"
eBay,76.53,"2021-09-06 15:45:03"
eBay,76.53,"2021-09-06 16:15:09"
eBay,75.73,"2021-09-07 09:45:02"
eBay,75.12,"2021-09-07 11:00:03"
eBay,75.13,"2021-09-07 12:00:04"
eBay,75.14,"2021-09-07 13:00:02"
eBay,74.92,"2021-09-07 14:00:03"
eBay,74.83,"2021-09-07 15:00:04"
eBay,74.80,"2021-09-07 15:45:04"
eBay,76.00,"2021-09-07 16:15:03"
eBay,74.35,"2021-09-08 09:45:02"
eBay,74.05,"2021-09-08 11:00:02"
eBay,73.85,"2021-09-08 12:00:02"
eBay,73.92,"2021-09-08 13:00:03"
eBay,74.00,"2021-09-08 14:00:03"
eBay,73.83,"2021-09-08 15:00:02"
eBay,73.74,"2021-09-08 15:45:03"
eBay,73.88,"2021-09-08 16:15:09"
eBay,73.92,"2021-09-09 09:45:03"
eBay,73.52,"2021-09-09 11:00:02"
eBay,73.55,"2021-09-09 12:00:04"
eBay,73.56,"2021-09-09 13:00:03"
eBay,73.57,"2021-09-09 14:00:03"
eBay,73.35,"2021-09-09 15:00:02"
eBay,73.30,"2021-09-09 15:45:03"
eBay,73.85,"2021-09-10 09:45:03"
eBay,73.63,"2021-09-10 11:00:02"
eBay,73.62,"2021-09-10 12:00:03"
eBay,73.80,"2021-09-10 13:00:03"
eBay,73.66,"2021-09-10 14:00:04"
eBay,73.13,"2021-09-10 15:00:03"
eBay,72.80,"2021-09-10 15:45:03"
eBay,72.77,"2021-09-10 16:15:08"
eBay,72.34,"2021-09-13 09:45:02"
eBay,72.67,"2021-09-13 11:00:04"
eBay,72.58,"2021-09-13 12:00:03"
eBay,72.74,"2021-09-13 13:00:02"
eBay,72.53,"2021-09-13 14:00:04"
eBay,72.40,"2021-09-13 15:00:03"
eBay,72.57,"2021-09-13 15:45:04"
eBay,72.67,"2021-09-13 16:15:09"
eBay,72.84,"2021-09-14 09:45:03"
eBay,72.27,"2021-09-14 11:00:02"
eBay,72.34,"2021-09-14 12:00:04"
eBay,71.95,"2021-09-14 13:00:04"
eBay,72.02,"2021-09-14 14:00:05"
eBay,71.40,"2021-09-14 15:00:03"
eBay,71.27,"2021-09-14 15:45:03"
eBay,71.27,"2021-09-14 16:15:08"
eBay,74.11,"2021-09-15 09:45:03"
eBay,74.70,"2021-09-15 11:00:03"
eBay,74.39,"2021-09-15 12:00:04"
eBay,74.76,"2021-09-15 13:00:03"
eBay,74.16,"2021-09-15 14:00:03"
eBay,73.93,"2021-09-15 15:00:03"
eBay,74.40,"2021-09-15 15:45:03"
eBay,73.99,"2021-09-15 16:15:08"
eBay,73.72,"2021-09-16 09:45:03"
eBay,74.07,"2021-09-16 11:00:02"
eBay,74.12,"2021-09-16 12:00:03"
eBay,74.01,"2021-09-16 13:00:03"
eBay,74.04,"2021-09-16 14:00:04"
eBay,74.43,"2021-09-16 15:00:04"
eBay,74.60,"2021-09-16 15:45:02"
eBay,74.43,"2021-09-16 16:15:09"
eBay,74.10,"2021-09-17 09:45:04"
eBay,73.96,"2021-09-17 11:00:03"
eBay,73.88,"2021-09-17 12:00:03"
eBay,74.44,"2021-09-17 13:00:04"
eBay,74.24,"2021-09-17 14:00:03"
eBay,74.19,"2021-09-17 15:00:02"
eBay,74.29,"2021-09-17 15:45:03"
eBay,73.96,"2021-09-17 16:15:05"
eBay,72.35,"2021-09-20 09:45:03"
eBay,71.42,"2021-09-20 11:00:03"
eBay,70.97,"2021-09-20 12:00:03"
eBay,71.18,"2021-09-20 13:00:03"
eBay,71.85,"2021-09-20 14:00:06"
eBay,71.66,"2021-09-20 15:00:02"
eBay,72.58,"2021-09-20 15:45:04"
eBay,72.87,"2021-09-20 16:15:08"
eBay,73.28,"2021-09-21 09:45:03"
eBay,72.51,"2021-09-21 11:00:04"
eBay,73.07,"2021-09-21 12:00:04"
eBay,72.40,"2021-09-21 13:00:04"
eBay,72.41,"2021-09-21 14:00:04"
eBay,72.56,"2021-09-21 15:00:03"
eBay,72.49,"2021-09-21 15:45:03"
eBay,72.11,"2021-09-21 16:15:02"
eBay,72.61,"2021-09-22 09:45:04"
eBay,72.86,"2021-09-22 11:00:03"
eBay,73.32,"2021-09-22 12:00:04"
eBay,73.37,"2021-09-22 13:00:04"
eBay,73.17,"2021-09-22 14:00:03"
eBay,73.14,"2021-09-22 15:00:03"
eBay,73.16,"2021-09-22 15:45:04"
eBay,73.21,"2021-09-22 16:15:03"
eBay,73.89,"2021-09-23 09:45:04"
eBay,74.14,"2021-09-23 11:00:03"
eBay,73.89,"2021-09-23 12:00:04"
eBay,73.61,"2021-09-23 13:00:03"
eBay,73.63,"2021-09-23 14:00:03"
eBay,73.58,"2021-09-23 15:00:02"
eBay,73.69,"2021-09-23 15:45:03"
eBay,74.05,"2021-09-23 16:15:03"
eBay,73.07,"2021-09-24 09:45:04"
eBay,72.78,"2021-09-24 11:00:03"
eBay,73.04,"2021-09-24 12:00:02"
eBay,73.03,"2021-09-24 13:00:04"
eBay,72.81,"2021-09-24 14:00:03"
eBay,73.11,"2021-09-24 15:00:03"
eBay,73.13,"2021-09-24 15:45:03"
eBay,72.99,"2021-09-24 16:15:09"
eBay,72.97,"2021-09-27 09:45:02"
eBay,73.27,"2021-09-27 11:00:02"
eBay,73.34,"2021-09-27 12:00:02"
eBay,73.37,"2021-09-27 13:00:04"
eBay,73.67,"2021-09-27 14:00:04"
eBay,73.30,"2021-09-27 15:00:03"
eBay,73.63,"2021-09-27 15:45:04"
eBay,73.68,"2021-09-27 16:15:09"
eBay,72.76,"2021-09-28 09:45:03"
eBay,71.95,"2021-09-28 11:00:02"
eBay,71.23,"2021-09-28 12:00:04"
eBay,70.89,"2021-09-28 13:00:03"
eBay,71.26,"2021-09-28 14:00:02"
eBay,71.52,"2021-09-28 15:00:04"
eBay,71.39,"2021-09-28 15:45:03"
eBay,71.42,"2021-09-28 16:15:08"
eBay,71.11,"2021-09-29 09:45:02"
eBay,71.06,"2021-09-29 11:00:04"
eBay,70.48,"2021-09-29 12:00:02"
eBay,70.09,"2021-09-29 13:00:04"
eBay,69.88,"2021-09-29 14:00:04"
eBay,70.42,"2021-09-29 15:00:02"
eBay,70.06,"2021-09-29 15:45:03"
eBay,69.89,"2021-09-29 16:15:08"
eBay,70.23,"2021-09-30 09:45:03"
eBay,70.23,"2021-09-30 11:00:03"
eBay,70.22,"2021-09-30 12:00:02"
eBay,70.17,"2021-09-30 13:00:04"
eBay,70.25,"2021-09-30 14:00:03"
eBay,70.38,"2021-09-30 15:00:04"
eBay,69.97,"2021-09-30 15:45:03"
eBay,69.78,"2021-09-30 16:15:09"
eBay,70.05,"2021-10-01 09:45:03"
eBay,69.33,"2021-10-01 11:00:02"
eBay,69.78,"2021-10-01 12:00:03"
eBay,69.76,"2021-10-01 13:00:03"
eBay,70.00,"2021-10-01 14:00:02"
eBay,70.22,"2021-10-01 15:00:03"
eBay,69.87,"2021-10-01 15:45:04"
eBay,69.93,"2021-10-01 16:15:08"
eBay,69.15,"2021-10-04 09:45:03"
eBay,68.92,"2021-10-04 11:00:02"
eBay,69.06,"2021-10-04 12:00:03"
eBay,68.74,"2021-10-04 13:00:03"
eBay,68.70,"2021-10-04 14:00:03"
eBay,68.76,"2021-10-04 15:00:03"
eBay,68.57,"2021-10-04 15:45:04"
eBay,68.73,"2021-10-04 16:15:03"
eBay,68.86,"2021-10-05 09:45:04"
eBay,70.25,"2021-10-05 11:00:02"
eBay,70.34,"2021-10-05 12:00:03"
eBay,70.48,"2021-10-05 13:00:02"
eBay,70.52,"2021-10-05 14:00:03"
eBay,70.19,"2021-10-05 15:00:03"
eBay,70.16,"2021-10-05 15:45:04"
eBay,70.48,"2021-10-05 16:15:04"
eBay,70.40,"2021-10-06 09:45:04"
eBay,70.95,"2021-10-06 11:00:02"
eBay,70.91,"2021-10-06 12:00:02"
eBay,70.64,"2021-10-06 13:00:02"
eBay,70.95,"2021-10-06 14:00:03"
eBay,71.24,"2021-10-06 15:00:03"
eBay,71.33,"2021-10-06 15:45:04"
eBay,70.77,"2021-10-06 16:15:02"
eBay,74.03,"2021-10-07 09:45:04"
eBay,74.86,"2021-10-07 11:00:03"
eBay,74.94,"2021-10-07 12:00:03"
eBay,74.95,"2021-10-07 13:00:02"
eBay,75.11,"2021-10-07 14:00:03"
eBay,74.51,"2021-10-07 15:00:03"
eBay,74.40,"2021-10-07 15:45:03"
eBay,74.80,"2021-10-07 16:15:04"
eBay,74.70,"2021-10-08 09:45:03"
eBay,74.67,"2021-10-08 11:00:04"
eBay,74.64,"2021-10-08 12:00:02"
eBay,74.98,"2021-10-08 13:00:03"
eBay,75.32,"2021-10-08 14:00:03"
eBay,75.79,"2021-10-08 15:00:03"
eBay,75.27,"2021-10-08 15:45:03"
eBay,75.05,"2021-10-08 16:15:03"
eBay,74.50,"2021-10-11 09:45:02"
eBay,74.31,"2021-10-11 11:00:02"
eBay,74.62,"2021-10-11 12:00:02"
eBay,74.54,"2021-10-11 13:00:03"
eBay,74.62,"2021-10-11 14:00:04"
eBay,74.65,"2021-10-11 15:00:03"
eBay,74.65,"2021-10-11 15:45:02"
eBay,74.50,"2021-10-11 16:15:03"
eBay,75.01,"2021-10-12 09:45:03"
eBay,74.84,"2021-10-12 11:00:03"
eBay,75.08,"2021-10-12 12:00:03"
eBay,74.70,"2021-10-12 13:00:02"
eBay,74.76,"2021-10-12 14:00:02"
eBay,74.68,"2021-10-12 15:00:02"
eBay,74.69,"2021-10-12 15:45:03"
eBay,74.59,"2021-10-12 16:15:02"
eBay,74.98,"2021-10-13 09:45:04"
eBay,74.67,"2021-10-13 11:00:03"
eBay,74.72,"2021-10-13 12:00:03"
eBay,74.75,"2021-10-13 13:00:03"
eBay,75.06,"2021-10-13 14:00:03"
eBay,74.99,"2021-10-13 15:00:03"
eBay,74.91,"2021-10-13 15:45:04"
eBay,74.90,"2021-10-13 16:15:03"
eBay,75.00,"2021-10-14 09:45:02"
eBay,74.74,"2021-10-14 11:00:02"
eBay,74.75,"2021-10-14 12:00:04"
eBay,74.80,"2021-10-14 13:00:04"
eBay,74.68,"2021-10-14 14:00:03"
eBay,74.92,"2021-10-14 15:00:03"
eBay,74.66,"2021-10-14 15:45:02"
eBay,74.68,"2021-10-14 16:15:03"
eBay,74.66,"2021-10-15 09:45:02"
eBay,75.13,"2021-10-15 11:00:02"
eBay,75.04,"2021-10-15 12:00:04"
eBay,75.02,"2021-10-15 13:00:04"
eBay,75.01,"2021-10-15 14:00:05"
eBay,75.06,"2021-10-15 15:00:05"
eBay,74.86,"2021-10-15 15:45:04"
eBay,74.90,"2021-10-15 16:15:04"
eBay,74.83,"2021-10-18 09:45:04"
eBay,74.22,"2021-10-18 11:00:03"
eBay,74.48,"2021-10-18 12:00:02"
eBay,74.70,"2021-10-18 13:00:02"
eBay,74.60,"2021-10-18 14:00:02"
eBay,74.47,"2021-10-18 15:00:05"
eBay,74.34,"2021-10-18 15:45:02"
eBay,74.25,"2021-10-18 16:15:04"
eBay,74.71,"2021-10-19 09:45:04"
eBay,75.36,"2021-10-19 11:00:04"
eBay,74.96,"2021-10-19 12:00:05"
eBay,74.90,"2021-10-19 13:00:02"
eBay,74.78,"2021-10-19 14:00:03"
eBay,74.72,"2021-10-19 15:00:04"
eBay,74.60,"2021-10-19 15:45:02"
eBay,74.72,"2021-10-19 16:15:04"
eBay,75.13,"2021-10-20 09:45:03"
eBay,76.29,"2021-10-20 11:00:05"
eBay,75.27,"2021-10-20 12:00:04"
eBay,75.15,"2021-10-20 13:00:02"
eBay,74.81,"2021-10-20 14:00:04"
eBay,75.32,"2021-10-20 15:00:05"
eBay,75.76,"2021-10-20 15:45:04"
eBay,75.97,"2021-10-20 16:15:05"
eBay,76.09,"2021-10-21 09:45:04"
eBay,75.76,"2021-10-21 11:00:03"
eBay,75.66,"2021-10-21 12:00:04"
eBay,76.08,"2021-10-21 13:00:05"
eBay,75.83,"2021-10-21 14:00:05"
eBay,75.81,"2021-10-21 15:00:04"
eBay,76.08,"2021-10-21 15:45:04"
eBay,76.21,"2021-10-21 16:15:04"
eBay,77.92,"2021-10-22 09:45:02"
eBay,78.84,"2021-10-22 11:00:04"
eBay,78.49,"2021-10-22 12:00:04"
eBay,79.18,"2021-10-22 13:00:03"
eBay,79.56,"2021-10-22 14:00:02"
eBay,80.53,"2021-10-22 15:00:03"
eBay,81.06,"2021-10-22 15:45:03"
eBay,80.59,"2021-10-22 16:15:04"
eBay,80.78,"2021-10-25 09:45:03"
eBay,80.46,"2021-10-25 11:00:05"
eBay,80.87,"2021-10-25 12:00:04"
eBay,80.72,"2021-10-25 13:00:05"
eBay,80.75,"2021-10-25 14:00:03"
eBay,80.50,"2021-10-25 15:00:03"
eBay,80.49,"2021-10-25 15:45:04"
eBay,80.31,"2021-10-25 16:15:02"
eBay,79.84,"2021-10-26 09:45:05"
eBay,79.80,"2021-10-26 11:00:06"
eBay,78.81,"2021-10-26 12:00:05"
eBay,78.92,"2021-10-26 13:00:02"
eBay,79.02,"2021-10-26 14:00:03"
eBay,78.87,"2021-10-26 15:00:04"
eBay,78.96,"2021-10-26 15:45:03"
eBay,78.50,"2021-10-26 16:15:02"
eBay,78.16,"2021-10-27 09:45:05"
eBay,77.83,"2021-10-27 11:00:03"
eBay,77.55,"2021-10-27 12:00:04"
eBay,77.47,"2021-10-27 13:00:02"
eBay,77.71,"2021-10-27 14:00:05"
eBay,77.96,"2021-10-27 15:00:03"
eBay,77.82,"2021-10-27 15:45:05"
eBay,77.66,"2021-10-27 16:15:02"
eBay,72.77,"2021-10-28 09:45:05"
eBay,72.73,"2021-10-28 11:00:04"
eBay,71.90,"2021-10-28 12:00:05"
eBay,72.49,"2021-10-28 13:00:04"
eBay,72.60,"2021-10-28 14:00:04"
eBay,71.93,"2021-10-28 15:00:03"
eBay,72.05,"2021-10-28 15:45:02"
eBay,73.74,"2021-10-29 09:45:02"
eBay,75.36,"2021-10-29 11:00:05"
eBay,75.75,"2021-10-29 12:00:02"
eBay,76.02,"2021-10-29 13:00:05"
eBay,76.35,"2021-10-29 14:00:05"
eBay,76.68,"2021-10-29 15:00:05"
eBay,76.97,"2021-10-29 15:45:05"
eBay,76.72,"2021-10-29 16:15:09"
eBay,76.72,"2021-11-01 09:45:05"
eBay,75.96,"2021-11-01 11:00:05"
eBay,76.28,"2021-11-01 12:00:05"
eBay,76.18,"2021-11-01 13:00:04"
eBay,76.21,"2021-11-01 14:00:02"
eBay,75.97,"2021-11-01 15:00:04"
eBay,75.99,"2021-11-01 15:45:02"
eBay,76.30,"2021-11-01 16:15:05"
eBay,75.92,"2021-11-02 09:45:03"
eBay,75.07,"2021-11-02 11:00:02"
eBay,74.55,"2021-11-02 12:00:06"
eBay,74.83,"2021-11-02 13:00:05"
eBay,74.90,"2021-11-02 14:00:03"
eBay,75.38,"2021-11-02 15:00:03"
eBay,75.05,"2021-11-02 15:45:03"
eBay,74.90,"2021-11-02 16:15:12"
eBay,75.01,"2021-11-03 09:45:05"
eBay,75.85,"2021-11-03 11:00:03"
eBay,75.28,"2021-11-03 12:00:04"
eBay,75.47,"2021-11-03 13:00:05"
eBay,75.09,"2021-11-03 14:00:04"
eBay,75.65,"2021-11-03 15:00:05"
eBay,75.75,"2021-11-03 15:45:05"
eBay,75.45,"2021-11-03 16:15:03"
eBay,75.36,"2021-11-04 09:45:05"
eBay,75.95,"2021-11-04 11:00:04"
eBay,76.34,"2021-11-04 12:00:03"
eBay,76.14,"2021-11-04 13:00:04"
eBay,76.45,"2021-11-04 14:00:02"
eBay,76.35,"2021-11-04 15:00:05"
eBay,76.10,"2021-11-04 15:45:05"
eBay,76.28,"2021-11-04 16:15:05"
eBay,76.21,"2021-11-05 09:45:05"
eBay,76.77,"2021-11-05 11:00:03"
eBay,76.34,"2021-11-05 12:00:04"
eBay,76.56,"2021-11-05 13:00:04"
eBay,76.37,"2021-11-05 14:00:05"
eBay,75.82,"2021-11-05 15:00:02"
eBay,75.71,"2021-11-05 15:45:05"
eBay,75.57,"2021-11-05 16:15:02"
eBay,75.49,"2021-11-08 09:45:04"
eBay,74.74,"2021-11-08 11:00:04"
eBay,74.46,"2021-11-08 12:00:05"
eBay,74.20,"2021-11-08 13:00:05"
eBay,73.96,"2021-11-08 14:00:03"
eBay,73.93,"2021-11-08 15:00:05"
eBay,73.76,"2021-11-08 15:45:03"
eBay,73.81,"2021-11-08 16:15:11"
eBay,74.70,"2021-11-09 09:45:03"
eBay,74.79,"2021-11-09 11:00:02"
eBay,74.17,"2021-11-09 12:00:02"
eBay,74.39,"2021-11-09 13:00:03"
eBay,73.95,"2021-11-09 14:00:03"
eBay,74.34,"2021-11-09 15:00:04"
eBay,74.15,"2021-11-09 15:45:03"
eBay,74.00,"2021-11-09 16:15:15"
eBay,73.04,"2021-11-10 09:45:03"
eBay,73.98,"2021-11-10 11:00:04"
eBay,74.40,"2021-11-10 12:00:04"
eBay,74.48,"2021-11-10 13:00:03"
eBay,73.82,"2021-11-10 14:00:04"
eBay,73.45,"2021-11-10 15:00:04"
eBay,73.09,"2021-11-10 15:45:04"
eBay,73.23,"2021-11-10 16:15:09"
eBay,74.03,"2021-11-11 09:45:03"
eBay,74.65,"2021-11-11 11:00:02"
eBay,74.61,"2021-11-11 12:00:04"
eBay,74.08,"2021-11-11 13:00:03"
eBay,73.89,"2021-11-11 14:00:03"
eBay,73.60,"2021-11-11 15:00:04"
eBay,73.78,"2021-11-11 15:45:03"
eBay,73.30,"2021-11-11 16:15:09"
eBay,73.15,"2021-11-12 09:45:04"
eBay,73.09,"2021-11-12 11:00:04"
eBay,73.31,"2021-11-12 12:00:03"
eBay,73.61,"2021-11-12 13:00:04"
eBay,74.02,"2021-11-12 14:00:03"
eBay,73.85,"2021-11-12 15:00:03"
eBay,73.93,"2021-11-12 15:45:03"
eBay,73.91,"2021-11-12 16:15:03"
eBay,75.55,"2021-11-15 09:45:03"
eBay,75.46,"2021-11-15 11:00:04"
eBay,75.07,"2021-11-15 12:00:04"
eBay,74.51,"2021-11-15 13:00:04"
eBay,74.49,"2021-11-15 14:00:03"
eBay,74.12,"2021-11-15 15:00:02"
eBay,74.10,"2021-11-15 15:45:03"
eBay,74.21,"2021-11-15 16:15:02"
eBay,74.92,"2021-11-16 09:45:04"
eBay,76.11,"2021-11-16 11:00:03"
eBay,76.17,"2021-11-16 12:00:03"
eBay,76.10,"2021-11-16 13:00:03"
eBay,76.38,"2021-11-16 14:00:03"
eBay,76.32,"2021-11-16 15:00:04"
eBay,76.24,"2021-11-16 15:45:04"
eBay,75.89,"2021-11-16 16:15:04"
eBay,74.88,"2021-11-17 09:45:03"
eBay,74.22,"2021-11-17 11:00:03"
eBay,74.55,"2021-11-17 12:00:03"
eBay,73.62,"2021-11-17 13:00:04"
eBay,73.69,"2021-11-17 14:00:04"
eBay,73.17,"2021-11-17 15:00:04"
eBay,73.51,"2021-11-17 15:45:04"
eBay,73.38,"2021-11-17 16:15:14"
eBay,74.56,"2021-11-18 09:45:04"
eBay,74.45,"2021-11-18 11:00:03"
eBay,74.74,"2021-11-18 12:00:03"
eBay,74.14,"2021-11-18 13:00:04"
eBay,74.59,"2021-11-18 14:00:03"
eBay,74.79,"2021-11-18 15:00:04"
eBay,74.91,"2021-11-18 15:45:04"
eBay,74.72,"2021-11-18 16:15:02"
eBay,75.83,"2021-11-19 09:45:04"
eBay,75.53,"2021-11-19 11:00:03"
eBay,75.36,"2021-11-19 12:00:03"
eBay,75.52,"2021-11-19 13:00:04"
eBay,75.30,"2021-11-19 14:00:04"
eBay,74.60,"2021-11-19 15:00:02"
eBay,74.69,"2021-11-19 15:45:03"
eBay,74.63,"2021-11-19 16:15:14"
eBay,74.42,"2021-11-22 09:45:03"
eBay,74.36,"2021-11-22 11:00:02"
eBay,73.82,"2021-11-22 12:00:03"
eBay,74.55,"2021-11-22 13:00:03"
eBay,74.18,"2021-11-22 14:00:03"
eBay,74.19,"2021-11-22 15:00:02"
eBay,74.14,"2021-11-22 15:45:03"
eBay,73.57,"2021-11-22 16:15:02"
eBay,72.80,"2021-11-23 09:45:03"
eBay,71.46,"2021-11-23 11:00:03"
eBay,71.35,"2021-11-23 12:00:03"
eBay,71.30,"2021-11-23 13:00:03"
eBay,71.63,"2021-11-23 14:00:03"
eBay,71.34,"2021-11-23 15:00:05"
eBay,71.64,"2021-11-23 15:45:02"
eBay,71.65,"2021-11-23 16:15:03"
eBay,71.29,"2021-11-24 09:45:03"
eBay,72.29,"2021-11-24 11:00:02"
eBay,72.76,"2021-11-24 12:00:02"
eBay,72.74,"2021-11-24 13:00:04"
eBay,72.47,"2021-11-24 14:00:03"
eBay,72.55,"2021-11-24 15:00:04"
eBay,72.59,"2021-11-24 15:45:03"
eBay,72.66,"2021-11-24 16:15:02"
eBay,72.66,"2021-11-25 09:45:03"
eBay,72.66,"2021-11-25 11:00:03"
eBay,72.66,"2021-11-25 12:00:02"
eBay,72.66,"2021-11-25 13:00:03"
eBay,72.66,"2021-11-25 14:00:03"
eBay,72.66,"2021-11-25 15:00:02"
eBay,72.66,"2021-11-25 15:45:03"
eBay,72.66,"2021-11-25 16:15:03"
eBay,72.26,"2021-11-26 09:45:02"
eBay,72.87,"2021-11-26 11:00:03"
eBay,72.54,"2021-11-26 12:00:03"
eBay,72.48,"2021-11-26 13:00:03"
eBay,72.47,"2021-11-26 14:00:03"
eBay,72.47,"2021-11-26 15:00:03"
eBay,72.47,"2021-11-26 15:45:03"
eBay,72.47,"2021-11-26 16:15:03"
eBay,70.31,"2021-11-29 09:45:04"
eBay,70.27,"2021-11-29 11:00:04"
eBay,70.75,"2021-11-29 12:00:04"
eBay,70.89,"2021-11-29 13:00:04"
eBay,70.68,"2021-11-29 14:00:04"
eBay,70.70,"2021-11-29 15:00:04"
eBay,70.68,"2021-11-29 15:45:02"
eBay,70.55,"2021-11-29 16:15:03"
eBay,69.82,"2021-11-30 09:45:03"
eBay,68.36,"2021-11-30 11:00:03"
eBay,68.25,"2021-11-30 12:00:03"
eBay,67.39,"2021-11-30 13:00:04"
eBay,67.31,"2021-11-30 14:00:04"
eBay,67.14,"2021-11-30 15:00:03"
eBay,67.00,"2021-11-30 15:45:02"
eBay,67.46,"2021-11-30 16:15:03"
eBay,67.51,"2021-12-01 09:45:03"
eBay,67.79,"2021-12-01 11:00:05"
eBay,67.50,"2021-12-01 12:00:03"
eBay,67.05,"2021-12-01 13:00:03"
eBay,67.70,"2021-12-01 14:00:04"
eBay,67.69,"2021-12-01 15:00:04"
eBay,67.55,"2021-12-01 15:45:04"
eBay,66.81,"2021-12-01 16:15:03"
eBay,67.47,"2021-12-02 09:45:02"
eBay,67.04,"2021-12-02 11:00:04"
eBay,67.58,"2021-12-02 12:00:02"
eBay,67.40,"2021-12-02 13:00:03"
eBay,67.79,"2021-12-02 14:00:04"
eBay,67.52,"2021-12-02 15:00:02"
eBay,67.79,"2021-12-02 15:45:03"
eBay,67.48,"2021-12-02 16:15:02"
eBay,67.32,"2021-12-03 09:45:02"
eBay,66.67,"2021-12-03 11:00:03"
eBay,66.89,"2021-12-03 12:00:02"
eBay,67.15,"2021-12-03 13:00:03"
eBay,66.57,"2021-12-03 14:00:03"
eBay,66.61,"2021-12-03 15:00:05"
eBay,66.69,"2021-12-03 15:45:03"
eBay,67.05,"2021-12-03 16:15:03"
eBay,66.30,"2021-12-06 09:45:02"
eBay,66.30,"2021-12-06 11:00:04"
eBay,66.42,"2021-12-06 12:00:04"
eBay,66.95,"2021-12-06 13:00:04"
eBay,66.68,"2021-12-06 14:00:03"
eBay,66.17,"2021-12-06 15:00:03"
eBay,66.07,"2021-12-06 15:45:03"
eBay,66.07,"2021-12-06 16:15:03"
eBay,67.03,"2021-12-07 09:45:02"
eBay,67.52,"2021-12-07 11:00:03"
eBay,67.16,"2021-12-07 12:00:03"
eBay,67.06,"2021-12-07 13:00:02"
eBay,67.27,"2021-12-07 14:00:02"
eBay,67.28,"2021-12-07 15:00:04"
eBay,66.90,"2021-12-07 15:45:03"
eBay,67.23,"2021-12-07 16:15:04"
eBay,67.59,"2021-12-08 09:45:03"
eBay,66.46,"2021-12-08 11:00:03"
eBay,66.49,"2021-12-08 12:00:03"
eBay,66.50,"2021-12-08 13:00:03"
eBay,66.89,"2021-12-08 14:00:03"
eBay,67.10,"2021-12-08 15:00:02"
eBay,67.11,"2021-12-08 15:45:03"
eBay,67.16,"2021-12-08 16:15:05"
eBay,67.30,"2021-12-09 09:45:03"
eBay,67.50,"2021-12-09 11:00:03"
eBay,67.25,"2021-12-09 12:00:04"
eBay,67.46,"2021-12-09 13:00:03"
eBay,67.18,"2021-12-09 14:00:03"
eBay,66.82,"2021-12-09 15:00:03"
eBay,66.74,"2021-12-09 15:45:03"
eBay,66.60,"2021-12-09 16:15:03"
eBay,66.56,"2021-12-10 09:45:03"
eBay,66.35,"2021-12-10 11:00:03"
eBay,66.70,"2021-12-10 12:00:03"
eBay,66.54,"2021-12-10 13:00:03"
eBay,66.59,"2021-12-10 14:00:02"
eBay,66.50,"2021-12-10 15:00:03"
eBay,66.92,"2021-12-10 15:45:04"
eBay,66.89,"2021-12-10 16:15:02"
eBay,67.15,"2021-12-13 09:45:03"
eBay,66.88,"2021-12-13 11:00:06"
eBay,66.66,"2021-12-13 12:00:05"
eBay,66.24,"2021-12-13 13:00:02"
eBay,66.75,"2021-12-13 14:00:03"
eBay,67.19,"2021-12-13 15:00:03"
