Fiserv,115.37,"2021-03-01 03:06:18"
Fiserv,117.34,"2021-03-01 13:01:11"
Fiserv,117.06,"2021-03-01 13:35:28"
Fiserv,116.84,"2021-03-01 13:56:46"
Fiserv,116.84,"2021-03-01 14:00:06"
Fiserv,116.66,"2021-03-01 15:00:05"
Fiserv,116.49,"2021-03-01 15:45:03"
Fiserv,116.68,"2021-03-01 16:15:03"
Fiserv,116.11,"2021-03-02 09:45:02"
Fiserv,115.53,"2021-03-02 11:00:07"
Fiserv,116.19,"2021-03-02 12:00:08"
Fiserv,116.34,"2021-03-02 13:00:07"
Fiserv,116.35,"2021-03-02 14:00:05"
Fiserv,116.41,"2021-03-02 15:00:06"
Fiserv,116.25,"2021-03-02 15:45:03"
Fiserv,115.68,"2021-03-02 16:15:04"
Fiserv,115.05,"2021-03-03 09:45:05"
Fiserv,115.07,"2021-03-03 11:00:07"
Fiserv,115.07,"2021-03-03 12:00:07"
Fiserv,115.66,"2021-03-03 13:00:05"
Fiserv,115.94,"2021-03-03 14:00:05"
Fiserv,115.93,"2021-03-03 15:00:06"
Fiserv,116.01,"2021-03-03 15:45:03"
Fiserv,114.65,"2021-03-03 16:15:02"
Fiserv,116.75,"2021-03-04 09:45:02"
Fiserv,116.77,"2021-03-04 11:00:05"
Fiserv,117.67,"2021-03-04 12:00:08"
Fiserv,115.00,"2021-03-04 13:00:06"
Fiserv,114.07,"2021-03-04 14:00:06"
Fiserv,116.17,"2021-03-04 15:00:07"
Fiserv,115.65,"2021-03-04 15:45:02"
Fiserv,116.00,"2021-03-04 16:15:03"
Fiserv,117.83,"2021-03-05 09:45:03"
Fiserv,117.12,"2021-03-05 11:00:09"
Fiserv,116.51,"2021-03-05 12:00:03"
Fiserv,117.81,"2021-03-05 13:00:06"
Fiserv,118.47,"2021-03-05 14:00:06"
Fiserv,118.75,"2021-03-05 15:00:07"
Fiserv,119.71,"2021-03-05 15:45:03"
Fiserv,119.41,"2021-03-05 16:15:04"
Fiserv,121.30,"2021-03-08 09:45:02"
Fiserv,122.46,"2021-03-08 11:00:03"
Fiserv,121.92,"2021-03-08 12:00:04"
Fiserv,122.41,"2021-03-08 13:00:05"
Fiserv,122.22,"2021-03-08 14:00:03"
Fiserv,122.43,"2021-03-08 15:00:03"
Fiserv,122.50,"2021-03-08 15:45:03"
Fiserv,121.50,"2021-03-08 16:15:03"
Fiserv,123.42,"2021-03-09 09:45:03"
Fiserv,123.40,"2021-03-09 11:00:03"
Fiserv,122.65,"2021-03-09 12:00:05"
Fiserv,123.37,"2021-03-09 13:00:03"
Fiserv,123.52,"2021-03-09 14:00:07"
Fiserv,123.06,"2021-03-09 15:00:02"
Fiserv,122.65,"2021-03-09 15:45:02"
Fiserv,122.50,"2021-03-09 16:15:03"
Fiserv,122.55,"2021-03-10 09:45:05"
Fiserv,122.32,"2021-03-10 11:00:03"
Fiserv,122.88,"2021-03-10 12:00:04"
Fiserv,123.07,"2021-03-10 13:00:02"
Fiserv,123.06,"2021-03-10 14:00:03"
Fiserv,123.90,"2021-03-10 15:00:01"
Fiserv,123.88,"2021-03-10 15:45:03"
Fiserv,124.05,"2021-03-10 16:15:02"
Fiserv,124.75,"2021-03-11 09:45:04"
Fiserv,125.86,"2021-03-11 11:00:02"
Fiserv,126.10,"2021-03-11 12:00:04"
Fiserv,125.99,"2021-03-11 13:00:03"
Fiserv,125.47,"2021-03-11 14:00:03"
Fiserv,125.11,"2021-03-11 15:00:03"
Fiserv,124.54,"2021-03-11 15:45:02"
Fiserv,124.11,"2021-03-11 16:15:03"
Fiserv,123.87,"2021-03-12 09:45:03"
Fiserv,123.63,"2021-03-12 11:00:04"
Fiserv,124.72,"2021-03-12 12:00:02"
Fiserv,124.42,"2021-03-12 13:00:02"
Fiserv,124.82,"2021-03-12 14:00:03"
Fiserv,124.29,"2021-03-12 15:00:06"
Fiserv,124.38,"2021-03-12 15:45:03"
Fiserv,124.13,"2021-03-12 16:15:02"
Fiserv,124.50,"2021-03-15 09:45:02"
Fiserv,124.23,"2021-03-15 11:00:03"
Fiserv,123.87,"2021-03-15 12:00:02"
Fiserv,123.95,"2021-03-15 13:00:03"
Fiserv,123.46,"2021-03-15 14:00:02"
Fiserv,123.68,"2021-03-15 15:00:03"
Fiserv,123.86,"2021-03-15 15:45:10"
Fiserv,124.00,"2021-03-15 16:15:02"
Fiserv,124.26,"2021-03-16 09:45:03"
Fiserv,124.46,"2021-03-16 11:00:02"
Fiserv,124.06,"2021-03-16 12:00:03"
Fiserv,124.49,"2021-03-16 13:00:04"
Fiserv,124.43,"2021-03-16 14:00:02"
Fiserv,124.18,"2021-03-16 15:00:04"
Fiserv,124.31,"2021-03-16 15:45:03"
Fiserv,124.12,"2021-03-16 16:15:04"
Fiserv,123.83,"2021-03-17 09:45:04"
Fiserv,124.11,"2021-03-17 11:00:03"
Fiserv,123.88,"2021-03-17 12:00:03"
Fiserv,123.11,"2021-03-17 13:00:02"
Fiserv,123.01,"2021-03-17 14:00:02"
Fiserv,123.98,"2021-03-17 15:00:04"
Fiserv,123.55,"2021-03-17 15:45:04"
Fiserv,124.94,"2021-03-17 16:15:03"
Fiserv,122.92,"2021-03-18 09:45:04"
Fiserv,122.42,"2021-03-18 11:00:03"
Fiserv,122.85,"2021-03-18 12:00:04"
Fiserv,123.12,"2021-03-18 13:00:03"
Fiserv,123.43,"2021-03-18 14:00:03"
Fiserv,122.63,"2021-03-18 15:00:04"
Fiserv,122.73,"2021-03-18 15:45:02"
Fiserv,122.00,"2021-03-18 16:15:03"
Fiserv,122.17,"2021-03-19 09:45:02"
Fiserv,121.60,"2021-03-19 11:00:03"
Fiserv,121.96,"2021-03-19 12:00:01"
Fiserv,122.10,"2021-03-19 13:00:03"
Fiserv,122.39,"2021-03-19 14:00:02"
Fiserv,122.45,"2021-03-19 15:00:03"
Fiserv,122.72,"2021-03-19 15:45:03"
Fiserv,121.87,"2021-03-19 16:15:04"
Fiserv,121.64,"2021-03-22 09:45:03"
Fiserv,122.48,"2021-03-22 11:00:02"
Fiserv,122.17,"2021-03-22 12:00:02"
Fiserv,121.80,"2021-03-22 13:00:02"
Fiserv,121.31,"2021-03-22 14:00:03"
Fiserv,121.58,"2021-03-22 15:00:02"
Fiserv,121.48,"2021-03-22 15:45:03"
Fiserv,121.71,"2021-03-22 16:15:04"
Fiserv,122.15,"2021-03-23 09:45:03"
Fiserv,121.27,"2021-03-23 11:00:02"
Fiserv,121.42,"2021-03-23 12:00:03"
Fiserv,121.38,"2021-03-23 13:00:04"
Fiserv,120.99,"2021-03-23 14:00:02"
Fiserv,121.15,"2021-03-23 15:00:01"
Fiserv,121.10,"2021-03-23 15:45:04"
Fiserv,122.38,"2021-03-23 16:15:02"
Fiserv,123.11,"2021-03-24 09:45:02"
Fiserv,123.86,"2021-03-24 11:00:03"
Fiserv,123.19,"2021-03-24 12:00:05"
Fiserv,123.41,"2021-03-24 13:00:03"
Fiserv,123.61,"2021-03-24 14:00:03"
Fiserv,123.44,"2021-03-24 15:00:03"
Fiserv,123.85,"2021-03-24 15:45:03"
Fiserv,122.96,"2021-03-24 16:15:02"
Fiserv,122.67,"2021-03-25 09:45:03"
Fiserv,121.18,"2021-03-25 11:00:04"
Fiserv,121.54,"2021-03-25 12:00:03"
Fiserv,122.06,"2021-03-25 13:00:03"
Fiserv,122.25,"2021-03-25 14:00:03"
Fiserv,123.08,"2021-03-25 15:00:03"
Fiserv,123.29,"2021-03-25 15:45:02"
Fiserv,122.95,"2021-03-25 16:15:03"
Fiserv,123.18,"2021-03-26 09:45:04"
Fiserv,123.41,"2021-03-26 11:00:03"
Fiserv,123.80,"2021-03-26 12:00:03"
Fiserv,123.90,"2021-03-26 13:00:02"
Fiserv,123.50,"2021-03-26 14:00:03"
Fiserv,122.83,"2021-03-26 15:00:04"
Fiserv,122.83,"2021-03-26 15:45:02"
Fiserv,123.61,"2021-03-26 16:15:03"
Fiserv,121.43,"2021-03-29 09:45:02"
Fiserv,119.22,"2021-03-29 11:00:02"
Fiserv,119.69,"2021-03-29 12:00:04"
Fiserv,120.94,"2021-03-29 13:00:05"
Fiserv,121.54,"2021-03-29 14:00:03"
Fiserv,121.20,"2021-03-29 15:00:05"
Fiserv,121.59,"2021-03-29 15:45:04"
Fiserv,121.49,"2021-03-29 16:15:03"
Fiserv,120.82,"2021-03-30 09:45:04"
Fiserv,120.32,"2021-03-30 11:00:02"
Fiserv,119.96,"2021-03-30 12:00:02"
Fiserv,119.75,"2021-03-30 13:00:04"
Fiserv,120.35,"2021-03-30 14:00:02"
Fiserv,120.68,"2021-03-30 15:00:01"
Fiserv,120.72,"2021-03-30 15:45:03"
Fiserv,120.76,"2021-03-30 16:15:03"
Fiserv,120.40,"2021-03-31 09:45:02"
Fiserv,119.18,"2021-03-31 11:00:02"
Fiserv,118.93,"2021-03-31 12:00:03"
Fiserv,119.09,"2021-03-31 13:00:03"
Fiserv,119.47,"2021-03-31 14:00:04"
Fiserv,119.51,"2021-03-31 15:00:03"
Fiserv,119.32,"2021-03-31 15:45:03"
Fiserv,119.04,"2021-03-31 16:15:02"
Fiserv,119.99,"2021-04-01 09:45:02"
Fiserv,121.63,"2021-04-01 11:00:04"
Fiserv,121.45,"2021-04-01 12:00:01"
Fiserv,122.26,"2021-04-01 13:00:03"
Fiserv,122.09,"2021-04-01 14:00:03"
Fiserv,121.79,"2021-04-01 15:00:03"
Fiserv,121.91,"2021-04-01 15:45:04"
Fiserv,120.89,"2021-04-01 16:15:03"
Fiserv,123.00,"2021-04-02 09:45:03"
Fiserv,123.00,"2021-04-02 11:00:03"
Fiserv,123.00,"2021-04-02 12:00:03"
Fiserv,123.00,"2021-04-02 13:00:03"
Fiserv,123.00,"2021-04-02 14:00:04"
Fiserv,123.00,"2021-04-02 15:00:04"
Fiserv,123.00,"2021-04-02 15:45:03"
Fiserv,123.00,"2021-04-02 16:15:02"
Fiserv,122.75,"2021-04-05 09:45:03"
Fiserv,122.45,"2021-04-05 11:00:03"
Fiserv,123.46,"2021-04-05 12:00:02"
Fiserv,123.67,"2021-04-05 13:00:04"
Fiserv,123.52,"2021-04-05 14:00:02"
Fiserv,123.16,"2021-04-05 15:00:04"
Fiserv,122.70,"2021-04-05 15:45:02"
Fiserv,122.50,"2021-04-05 16:15:03"
Fiserv,121.73,"2021-04-06 09:45:03"
Fiserv,122.47,"2021-04-06 11:00:03"
Fiserv,123.09,"2021-04-06 12:00:03"
Fiserv,123.57,"2021-04-06 13:00:02"
Fiserv,123.19,"2021-04-06 14:00:03"
Fiserv,123.39,"2021-04-06 15:00:03"
Fiserv,123.60,"2021-04-06 15:45:03"
Fiserv,123.12,"2021-04-06 16:15:02"
Fiserv,123.94,"2021-04-07 09:45:03"
Fiserv,123.33,"2021-04-07 11:00:02"
Fiserv,123.26,"2021-04-07 12:00:04"
Fiserv,123.08,"2021-04-07 13:00:03"
Fiserv,123.28,"2021-04-07 14:00:03"
Fiserv,123.27,"2021-04-07 15:00:05"
Fiserv,122.96,"2021-04-07 15:45:03"
Fiserv,123.12,"2021-04-07 16:15:01"
Fiserv,123.59,"2021-04-08 09:45:06"
Fiserv,123.89,"2021-04-08 11:00:05"
Fiserv,123.80,"2021-04-08 12:00:06"
Fiserv,124.09,"2021-04-08 13:00:06"
Fiserv,124.07,"2021-04-08 14:00:03"
Fiserv,124.20,"2021-04-08 15:00:03"
Fiserv,124.21,"2021-04-08 15:45:01"
Fiserv,124.15,"2021-04-08 16:15:03"
Fiserv,123.57,"2021-04-09 09:45:02"
Fiserv,123.66,"2021-04-09 11:00:05"
Fiserv,123.82,"2021-04-09 12:00:05"
Fiserv,123.78,"2021-04-09 13:00:04"
Fiserv,123.61,"2021-04-09 14:00:02"
Fiserv,123.88,"2021-04-09 15:00:06"
Fiserv,124.17,"2021-04-09 15:45:03"
Fiserv,123.00,"2021-04-09 16:15:02"
Fiserv,124.27,"2021-04-12 09:45:04"
Fiserv,124.27,"2021-04-12 11:00:04"
Fiserv,124.48,"2021-04-12 12:00:05"
Fiserv,124.41,"2021-04-12 13:00:02"
Fiserv,124.01,"2021-04-12 14:00:02"
Fiserv,124.32,"2021-04-12 15:00:06"
Fiserv,124.46,"2021-04-12 15:45:03"
Fiserv,124.13,"2021-04-12 16:15:03"
Fiserv,123.79,"2021-04-13 09:45:02"
Fiserv,123.24,"2021-04-13 11:00:05"
Fiserv,123.98,"2021-04-13 12:00:05"
Fiserv,123.90,"2021-04-13 13:00:02"
Fiserv,124.14,"2021-04-13 14:00:05"
Fiserv,124.49,"2021-04-13 15:00:02"
Fiserv,124.35,"2021-04-13 15:45:02"
Fiserv,124.50,"2021-04-13 16:15:02"
Fiserv,124.39,"2021-04-14 09:45:04"
Fiserv,124.22,"2021-04-14 11:00:02"
Fiserv,124.26,"2021-04-14 12:00:03"
Fiserv,124.25,"2021-04-14 13:00:03"
Fiserv,124.08,"2021-04-14 14:00:02"
Fiserv,123.61,"2021-04-14 15:00:05"
Fiserv,123.76,"2021-04-14 15:45:03"
Fiserv,124.01,"2021-04-14 16:15:03"
Fiserv,124.86,"2021-04-15 09:45:02"
Fiserv,125.85,"2021-04-15 11:00:04"
Fiserv,125.25,"2021-04-15 12:00:05"
Fiserv,125.47,"2021-04-15 13:00:02"
Fiserv,125.47,"2021-04-15 14:00:03"
Fiserv,125.47,"2021-04-15 15:00:05"
Fiserv,125.53,"2021-04-15 15:45:03"
Fiserv,125.53,"2021-04-15 16:15:03"
Fiserv,125.78,"2021-04-16 09:45:04"
Fiserv,125.27,"2021-04-16 11:00:02"
Fiserv,125.21,"2021-04-16 12:00:03"
Fiserv,125.02,"2021-04-16 13:00:03"
Fiserv,124.99,"2021-04-16 14:00:03"
Fiserv,125.04,"2021-04-16 15:00:04"
Fiserv,125.21,"2021-04-16 15:45:02"
Fiserv,125.10,"2021-04-16 16:15:02"
Fiserv,125.33,"2021-04-19 09:45:02"
Fiserv,125.10,"2021-04-19 11:00:03"
Fiserv,124.83,"2021-04-19 12:00:03"
Fiserv,124.52,"2021-04-19 13:00:03"
Fiserv,124.89,"2021-04-19 14:00:02"
Fiserv,125.05,"2021-04-19 15:00:04"
Fiserv,125.34,"2021-04-19 15:45:03"
Fiserv,124.93,"2021-04-19 16:15:03"
Fiserv,125.08,"2021-04-20 09:45:03"
Fiserv,124.91,"2021-04-20 11:00:05"
Fiserv,124.84,"2021-04-20 12:00:02"
Fiserv,124.19,"2021-04-20 13:00:04"
Fiserv,124.55,"2021-04-20 14:00:03"
Fiserv,124.61,"2021-04-20 15:00:03"
Fiserv,125.27,"2021-04-20 15:45:04"
Fiserv,124.56,"2021-04-20 16:15:02"
Fiserv,124.97,"2021-04-21 09:45:04"
Fiserv,125.15,"2021-04-21 11:00:06"
Fiserv,125.45,"2021-04-21 12:00:03"
Fiserv,125.20,"2021-04-21 13:00:02"
Fiserv,125.11,"2021-04-21 14:00:02"
Fiserv,125.05,"2021-04-21 15:00:03"
Fiserv,125.01,"2021-04-21 15:45:02"
Fiserv,124.82,"2021-04-21 16:15:03"
Fiserv,123.99,"2021-04-22 09:45:03"
Fiserv,124.49,"2021-04-22 11:00:03"
Fiserv,124.86,"2021-04-22 12:00:03"
Fiserv,125.16,"2021-04-22 13:00:04"
Fiserv,124.18,"2021-04-22 14:00:04"
Fiserv,124.68,"2021-04-22 15:00:04"
Fiserv,124.66,"2021-04-22 15:45:01"
Fiserv,124.63,"2021-04-22 16:15:02"
Fiserv,124.30,"2021-04-23 09:45:02"
Fiserv,125.55,"2021-04-23 11:00:07"
Fiserv,125.78,"2021-04-23 12:00:03"
Fiserv,126.03,"2021-04-23 13:00:02"
Fiserv,126.20,"2021-04-23 14:00:02"
Fiserv,126.27,"2021-04-23 15:00:07"
Fiserv,126.33,"2021-04-23 15:45:03"
Fiserv,126.02,"2021-04-23 16:15:04"
Fiserv,126.45,"2021-04-26 09:45:05"
Fiserv,126.95,"2021-04-26 11:00:02"
Fiserv,126.79,"2021-04-26 12:00:07"
Fiserv,126.34,"2021-04-26 13:00:02"
Fiserv,126.57,"2021-04-26 14:00:02"
Fiserv,126.41,"2021-04-26 15:00:02"
Fiserv,125.98,"2021-04-26 15:45:02"
Fiserv,126.51,"2021-04-26 16:15:03"
Fiserv,123.03,"2021-04-27 09:45:02"
Fiserv,121.44,"2021-04-27 11:00:05"
Fiserv,122.42,"2021-04-27 12:00:03"
Fiserv,121.42,"2021-04-27 13:00:04"
Fiserv,121.48,"2021-04-27 14:00:02"
Fiserv,121.55,"2021-04-27 15:00:02"
Fiserv,121.78,"2021-04-27 15:45:03"
Fiserv,122.11,"2021-04-27 16:15:03"
Fiserv,123.24,"2021-04-28 09:45:02"
Fiserv,123.23,"2021-04-28 11:00:02"
Fiserv,123.37,"2021-04-28 12:00:03"
Fiserv,123.38,"2021-04-28 13:00:02"
Fiserv,123.15,"2021-04-28 14:00:02"
Fiserv,123.45,"2021-04-28 15:00:08"
Fiserv,123.25,"2021-04-28 15:45:02"
Fiserv,123.42,"2021-04-28 16:15:02"
Fiserv,123.10,"2021-04-29 09:45:04"
Fiserv,121.89,"2021-04-29 11:00:05"
Fiserv,121.53,"2021-04-29 12:00:04"
Fiserv,121.51,"2021-04-29 13:00:02"
Fiserv,121.44,"2021-04-29 14:00:02"
Fiserv,122.13,"2021-04-29 15:00:02"
Fiserv,122.26,"2021-04-29 15:45:01"
Fiserv,121.48,"2021-04-29 16:15:02"
Fiserv,118.98,"2021-04-30 09:45:03"
Fiserv,118.32,"2021-04-30 11:00:03"
Fiserv,118.44,"2021-04-30 12:00:03"
Fiserv,118.75,"2021-04-30 13:00:02"
Fiserv,118.81,"2021-04-30 14:00:03"
Fiserv,119.86,"2021-04-30 15:00:06"
Fiserv,120.00,"2021-04-30 15:45:02"
Fiserv,120.12,"2021-04-30 16:15:04"
Fiserv,121.07,"2021-05-03 09:45:03"
Fiserv,120.88,"2021-05-03 11:00:02"
Fiserv,120.32,"2021-05-03 12:00:04"
Fiserv,120.10,"2021-05-03 13:00:03"
Fiserv,120.12,"2021-05-03 14:00:02"
Fiserv,120.62,"2021-05-03 15:00:02"
Fiserv,120.68,"2021-05-03 15:45:02"
Fiserv,119.30,"2021-05-03 16:15:03"
Fiserv,118.39,"2021-05-04 09:45:02"
Fiserv,118.09,"2021-05-04 11:00:02"
Fiserv,117.32,"2021-05-04 12:00:12"
Fiserv,117.68,"2021-05-04 13:00:02"
Fiserv,118.06,"2021-05-04 14:00:03"
Fiserv,118.34,"2021-05-04 15:00:02"
Fiserv,117.82,"2021-05-04 15:45:03"
Fiserv,118.09,"2021-05-04 16:15:03"
Fiserv,118.06,"2021-05-05 09:45:04"
Fiserv,117.25,"2021-05-05 11:00:04"
Fiserv,117.89,"2021-05-05 12:00:04"
Fiserv,117.80,"2021-05-05 13:00:02"
Fiserv,118.28,"2021-05-05 14:00:01"
Fiserv,117.86,"2021-05-05 15:00:02"
Fiserv,116.87,"2021-05-05 15:45:02"
Fiserv,116.59,"2021-05-05 16:15:03"
Fiserv,116.40,"2021-05-06 09:45:02"
Fiserv,117.02,"2021-05-06 11:00:02"
Fiserv,117.52,"2021-05-06 12:00:03"
Fiserv,117.82,"2021-05-06 13:00:02"
Fiserv,117.46,"2021-05-06 14:00:03"
Fiserv,117.47,"2021-05-06 15:00:08"
Fiserv,117.83,"2021-05-06 15:45:02"
Fiserv,118.13,"2021-05-06 16:15:04"
Fiserv,118.44,"2021-05-07 09:45:02"
Fiserv,118.06,"2021-05-07 11:00:02"
Fiserv,118.26,"2021-05-07 12:00:04"
Fiserv,117.65,"2021-05-07 13:00:02"
Fiserv,117.16,"2021-05-07 14:00:03"
Fiserv,117.47,"2021-05-07 15:00:06"
Fiserv,117.66,"2021-05-07 15:45:02"
Fiserv,117.65,"2021-05-07 16:15:03"
Fiserv,117.98,"2021-05-10 09:45:03"
Fiserv,117.98,"2021-05-10 11:00:03"
Fiserv,118.13,"2021-05-10 12:00:02"
Fiserv,117.77,"2021-05-10 13:00:03"
Fiserv,117.11,"2021-05-10 14:00:03"
Fiserv,116.65,"2021-05-10 15:00:02"
Fiserv,116.53,"2021-05-10 15:45:04"
Fiserv,116.26,"2021-05-10 16:15:03"
Fiserv,108.95,"2021-07-11 11:54:51"
Fiserv,108.28,"2021-07-12 09:45:02"
Fiserv,108.42,"2021-07-12 11:00:04"
Fiserv,108.50,"2021-07-12 12:00:03"
Fiserv,108.59,"2021-07-12 13:00:04"
Fiserv,108.83,"2021-07-12 14:00:02"
Fiserv,108.74,"2021-07-12 15:00:03"
Fiserv,108.90,"2021-07-12 15:45:03"
Fiserv,108.98,"2021-07-12 16:15:03"
Fiserv,109.38,"2021-07-13 09:45:03"
Fiserv,110.07,"2021-07-13 11:00:02"
Fiserv,110.43,"2021-07-13 12:00:04"
Fiserv,110.18,"2021-07-13 13:00:03"
Fiserv,110.03,"2021-07-13 14:00:02"
Fiserv,110.03,"2021-07-13 15:00:02"
Fiserv,110.17,"2021-07-13 15:45:02"
Fiserv,110.09,"2021-07-13 16:15:01"
Fiserv,110.08,"2021-07-14 09:45:01"
Fiserv,110.16,"2021-07-14 11:00:04"
Fiserv,109.52,"2021-07-14 12:00:03"
Fiserv,109.76,"2021-07-14 13:00:02"
Fiserv,109.84,"2021-07-14 14:00:02"
Fiserv,109.79,"2021-07-14 15:00:02"
Fiserv,109.80,"2021-07-14 15:45:03"
Fiserv,109.74,"2021-07-14 16:15:03"
Fiserv,109.76,"2021-07-15 09:45:02"
Fiserv,109.90,"2021-07-15 11:00:02"
Fiserv,110.53,"2021-07-15 12:00:03"
Fiserv,110.41,"2021-07-15 13:00:03"
Fiserv,110.39,"2021-07-15 14:00:03"
Fiserv,110.66,"2021-07-15 15:00:02"
Fiserv,110.80,"2021-07-15 15:45:04"
Fiserv,111.19,"2021-07-15 16:15:04"
Fiserv,111.62,"2021-07-16 09:45:02"
Fiserv,111.79,"2021-07-16 11:00:02"
Fiserv,111.86,"2021-07-16 12:00:03"
Fiserv,111.69,"2021-07-16 13:00:04"
Fiserv,111.65,"2021-07-16 14:00:03"
Fiserv,111.44,"2021-07-16 15:00:03"
Fiserv,111.34,"2021-07-16 15:45:02"
Fiserv,111.20,"2021-07-16 16:15:02"
Fiserv,108.43,"2021-07-19 09:45:03"
Fiserv,106.93,"2021-07-19 11:00:04"
Fiserv,107.68,"2021-07-19 12:00:02"
Fiserv,106.63,"2021-07-19 13:00:03"
Fiserv,106.61,"2021-07-19 14:00:03"
Fiserv,106.39,"2021-07-19 15:00:03"
Fiserv,106.56,"2021-07-19 15:45:04"
Fiserv,106.82,"2021-07-19 16:15:03"
Fiserv,107.17,"2021-07-20 09:45:04"
Fiserv,107.97,"2021-07-20 11:00:03"
Fiserv,108.48,"2021-07-20 12:00:03"
Fiserv,109.54,"2021-07-20 13:00:02"
Fiserv,109.06,"2021-07-20 14:00:04"
Fiserv,109.29,"2021-07-20 15:00:03"
Fiserv,109.29,"2021-07-20 15:45:03"
Fiserv,108.84,"2021-07-20 16:15:02"
Fiserv,108.66,"2021-07-21 09:45:02"
Fiserv,109.72,"2021-07-21 11:00:02"
Fiserv,109.97,"2021-07-21 12:00:02"
Fiserv,109.95,"2021-07-21 13:00:04"
Fiserv,110.13,"2021-07-21 14:00:04"
Fiserv,110.00,"2021-07-21 15:00:04"
Fiserv,109.84,"2021-07-21 15:45:03"
Fiserv,110.05,"2021-07-21 16:15:03"
Fiserv,110.31,"2021-07-22 09:45:03"
Fiserv,110.00,"2021-07-22 11:00:02"
Fiserv,109.49,"2021-07-22 13:00:02"
Fiserv,109.59,"2021-07-22 14:00:03"
Fiserv,110.02,"2021-07-22 15:00:02"
Fiserv,109.90,"2021-07-22 15:45:03"
Fiserv,110.05,"2021-07-22 16:15:03"
Fiserv,111.30,"2021-07-23 09:45:04"
Fiserv,111.63,"2021-07-23 11:00:03"
Fiserv,111.78,"2021-07-23 12:00:03"
Fiserv,111.54,"2021-07-23 13:00:03"
Fiserv,111.49,"2021-07-23 14:00:03"
Fiserv,111.38,"2021-07-23 15:00:03"
Fiserv,112.05,"2021-07-23 15:45:02"
Fiserv,111.79,"2021-07-23 16:15:02"
Fiserv,111.11,"2021-07-26 09:45:03"
Fiserv,111.20,"2021-07-26 11:00:02"
Fiserv,111.41,"2021-07-26 12:00:03"
Fiserv,111.23,"2021-07-26 13:00:02"
Fiserv,111.40,"2021-07-26 14:00:03"
Fiserv,111.30,"2021-07-26 15:00:03"
Fiserv,111.32,"2021-07-26 15:45:04"
Fiserv,111.35,"2021-07-26 16:15:04"
Fiserv,116.12,"2021-07-27 09:45:04"
Fiserv,114.97,"2021-07-27 11:00:02"
Fiserv,115.08,"2021-07-27 12:00:02"
Fiserv,115.09,"2021-07-27 13:00:02"
Fiserv,114.52,"2021-07-27 14:00:02"
Fiserv,114.69,"2021-07-27 15:00:04"
Fiserv,114.76,"2021-07-27 15:45:03"
Fiserv,114.70,"2021-07-27 16:15:03"
Fiserv,114.08,"2021-07-28 09:45:02"
Fiserv,113.49,"2021-07-28 11:00:02"
Fiserv,113.37,"2021-07-28 12:00:01"
Fiserv,113.38,"2021-07-28 13:00:03"
Fiserv,113.47,"2021-07-28 14:00:02"
Fiserv,113.79,"2021-07-28 15:00:02"
Fiserv,113.91,"2021-07-28 15:45:03"
Fiserv,113.91,"2021-07-28 16:15:02"
Fiserv,114.63,"2021-07-29 09:45:01"
Fiserv,115.56,"2021-07-29 11:00:03"
Fiserv,115.03,"2021-07-29 12:00:02"
Fiserv,115.28,"2021-07-29 13:00:03"
Fiserv,115.24,"2021-07-29 14:00:01"
Fiserv,114.79,"2021-07-29 15:00:03"
Fiserv,114.64,"2021-07-29 15:45:03"
Fiserv,114.46,"2021-07-29 16:15:02"
Fiserv,114.85,"2021-07-30 09:45:03"
Fiserv,114.08,"2021-07-30 11:00:04"
Fiserv,114.46,"2021-07-30 12:00:03"
Fiserv,114.87,"2021-07-30 13:00:02"
Fiserv,115.17,"2021-07-30 14:00:03"
Fiserv,114.94,"2021-07-30 15:00:01"
Fiserv,115.01,"2021-07-30 15:45:03"
Fiserv,115.11,"2021-07-30 16:15:02"
Fiserv,115.14,"2021-08-02 09:45:03"
Fiserv,112.80,"2021-08-02 11:00:02"
Fiserv,111.25,"2021-08-02 12:00:03"
Fiserv,110.63,"2021-08-02 13:00:02"
Fiserv,109.23,"2021-08-02 14:00:03"
Fiserv,110.22,"2021-08-02 15:00:02"
Fiserv,109.68,"2021-08-02 15:45:03"
Fiserv,109.10,"2021-08-02 16:15:01"
Fiserv,109.60,"2021-08-03 09:45:02"
Fiserv,106.45,"2021-08-03 11:00:03"
Fiserv,107.25,"2021-08-03 12:00:02"
Fiserv,108.37,"2021-08-03 13:00:02"
Fiserv,107.93,"2021-08-03 14:00:03"
Fiserv,108.48,"2021-08-03 15:00:03"
Fiserv,108.54,"2021-08-03 15:45:02"
Fiserv,108.20,"2021-08-03 16:15:03"
Fiserv,106.81,"2021-08-04 09:45:02"
Fiserv,107.35,"2021-08-04 11:00:02"
Fiserv,107.68,"2021-08-04 12:00:03"
Fiserv,107.63,"2021-08-04 13:00:02"
Fiserv,109.10,"2021-08-04 14:00:02"
Fiserv,108.50,"2021-08-04 15:00:03"
Fiserv,108.81,"2021-08-04 15:45:03"
Fiserv,108.74,"2021-08-04 16:15:04"
Fiserv,109.86,"2021-08-05 09:45:03"
Fiserv,110.54,"2021-08-05 11:00:03"
Fiserv,110.39,"2021-08-05 12:00:04"
Fiserv,110.05,"2021-08-05 13:00:03"
Fiserv,110.04,"2021-08-05 14:00:03"
Fiserv,109.75,"2021-08-05 15:00:05"
Fiserv,109.43,"2021-08-05 15:45:03"
Fiserv,109.64,"2021-08-05 16:15:02"
Fiserv,109.62,"2021-08-06 09:45:02"
Fiserv,109.63,"2021-08-06 11:00:03"
Fiserv,110.38,"2021-08-06 12:00:02"
Fiserv,111.11,"2021-08-06 13:00:03"
Fiserv,111.44,"2021-08-06 14:00:02"
Fiserv,111.01,"2021-08-06 15:00:02"
Fiserv,110.80,"2021-08-06 15:45:03"
Fiserv,110.90,"2021-08-06 16:15:03"
Fiserv,110.77,"2021-08-09 09:45:02"
Fiserv,110.07,"2021-08-09 11:00:03"
Fiserv,109.97,"2021-08-09 12:00:03"
Fiserv,110.07,"2021-08-09 13:00:02"
Fiserv,110.32,"2021-08-09 14:00:03"
Fiserv,110.40,"2021-08-09 15:00:02"
Fiserv,110.49,"2021-08-09 15:45:04"
Fiserv,110.32,"2021-08-09 16:15:02"
Fiserv,110.73,"2021-08-10 09:45:02"
Fiserv,110.84,"2021-08-10 11:00:02"
Fiserv,110.76,"2021-08-10 12:00:03"
Fiserv,110.44,"2021-08-10 13:00:03"
Fiserv,110.65,"2021-08-10 14:00:04"
Fiserv,110.98,"2021-08-10 15:00:04"
Fiserv,111.07,"2021-08-10 15:45:02"
Fiserv,111.00,"2021-08-10 16:15:03"
Fiserv,111.12,"2021-08-11 09:45:03"
Fiserv,111.17,"2021-08-11 11:00:03"
Fiserv,111.36,"2021-08-11 12:00:04"
Fiserv,111.71,"2021-08-11 13:00:03"
Fiserv,112.03,"2021-08-11 14:00:04"
Fiserv,112.01,"2021-08-11 15:00:02"
Fiserv,111.74,"2021-08-11 15:45:04"
Fiserv,111.81,"2021-08-11 16:15:04"
Fiserv,111.11,"2021-08-12 09:45:04"
Fiserv,111.12,"2021-08-12 11:00:02"
Fiserv,110.82,"2021-08-12 12:00:01"
Fiserv,110.82,"2021-08-12 13:00:02"
Fiserv,110.80,"2021-08-12 14:00:03"
Fiserv,110.82,"2021-08-12 15:00:03"
Fiserv,111.25,"2021-08-12 15:45:02"
Fiserv,110.96,"2021-08-12 16:15:02"
Fiserv,112.20,"2021-08-13 09:45:02"
Fiserv,111.50,"2021-08-13 11:00:02"
Fiserv,111.46,"2021-08-13 12:00:03"
Fiserv,111.39,"2021-08-13 13:00:04"
Fiserv,111.51,"2021-08-13 14:00:03"
Fiserv,111.58,"2021-08-13 15:00:02"
Fiserv,111.69,"2021-08-13 15:45:02"
Fiserv,111.62,"2021-08-13 16:15:01"
Fiserv,110.64,"2021-08-16 09:45:03"
Fiserv,111.28,"2021-08-16 11:00:02"
Fiserv,111.72,"2021-08-16 12:00:03"
Fiserv,111.55,"2021-08-16 13:00:03"
Fiserv,111.88,"2021-08-16 14:00:03"
Fiserv,111.91,"2021-08-16 15:00:03"
Fiserv,112.17,"2021-08-16 15:45:02"
Fiserv,112.34,"2021-08-16 16:15:03"
Fiserv,112.06,"2021-08-17 09:45:02"
Fiserv,112.54,"2021-08-17 11:00:03"
Fiserv,112.93,"2021-08-17 12:00:04"
Fiserv,112.76,"2021-08-17 13:00:03"
Fiserv,112.98,"2021-08-17 14:00:03"
Fiserv,112.99,"2021-08-17 15:00:02"
Fiserv,112.85,"2021-08-17 15:45:03"
Fiserv,112.93,"2021-08-17 16:15:02"
Fiserv,113.04,"2021-08-18 09:45:02"
Fiserv,115.00,"2021-08-18 11:00:03"
Fiserv,114.50,"2021-08-18 12:00:03"
Fiserv,114.69,"2021-08-18 13:00:02"
Fiserv,114.97,"2021-08-18 14:00:01"
Fiserv,114.95,"2021-08-18 15:00:04"
Fiserv,114.75,"2021-08-18 15:45:02"
Fiserv,114.26,"2021-08-18 16:15:02"
Fiserv,114.12,"2021-08-19 09:45:02"
Fiserv,113.09,"2021-08-19 11:00:02"
Fiserv,113.03,"2021-08-19 12:00:03"
Fiserv,113.42,"2021-08-19 13:00:03"
Fiserv,117.03,"2021-08-19 14:00:03"
Fiserv,116.07,"2021-08-19 15:00:03"
Fiserv,115.91,"2021-08-19 15:45:03"
Fiserv,117.00,"2021-08-19 16:15:08"
Fiserv,116.76,"2021-08-20 09:45:02"
Fiserv,116.22,"2021-08-20 11:00:04"
Fiserv,116.78,"2021-08-20 12:00:03"
Fiserv,117.20,"2021-08-20 13:00:02"
Fiserv,117.28,"2021-08-20 14:00:03"
Fiserv,117.16,"2021-08-20 15:00:04"
Fiserv,116.73,"2021-08-20 15:45:04"
Fiserv,116.07,"2021-08-20 16:15:02"
Fiserv,117.29,"2021-08-23 09:45:03"
Fiserv,116.65,"2021-08-23 11:00:03"
Fiserv,117.18,"2021-08-23 12:00:02"
Fiserv,117.67,"2021-08-23 13:00:03"
Fiserv,117.75,"2021-08-23 14:00:04"
Fiserv,117.87,"2021-08-23 15:00:04"
Fiserv,117.80,"2021-08-23 15:45:03"
Fiserv,117.87,"2021-08-23 16:15:08"
Fiserv,118.26,"2021-08-24 09:45:04"
Fiserv,118.61,"2021-08-24 11:00:03"
Fiserv,118.80,"2021-08-24 12:00:02"
Fiserv,118.54,"2021-08-24 13:00:03"
Fiserv,118.22,"2021-08-24 14:00:02"
Fiserv,118.35,"2021-08-24 15:00:01"
Fiserv,118.38,"2021-08-24 15:45:03"
Fiserv,118.62,"2021-08-24 16:15:03"
Fiserv,118.29,"2021-08-25 09:45:02"
Fiserv,118.81,"2021-08-25 11:00:04"
Fiserv,119.45,"2021-08-25 12:00:03"
Fiserv,119.35,"2021-08-25 13:00:04"
Fiserv,119.23,"2021-08-25 14:00:04"
Fiserv,119.16,"2021-08-25 15:00:03"
Fiserv,119.35,"2021-08-25 15:45:04"
Fiserv,119.11,"2021-08-25 16:15:08"
Fiserv,118.86,"2021-08-26 09:45:03"
Fiserv,118.08,"2021-08-26 11:00:02"
Fiserv,118.52,"2021-08-26 12:00:03"
Fiserv,118.52,"2021-08-26 13:00:03"
Fiserv,118.38,"2021-08-26 14:00:02"
Fiserv,118.02,"2021-08-26 15:00:03"
Fiserv,117.74,"2021-08-26 15:45:03"
Fiserv,117.64,"2021-08-26 16:15:08"
Fiserv,117.87,"2021-08-27 09:45:03"
Fiserv,117.91,"2021-08-27 11:00:03"
Fiserv,117.79,"2021-08-27 12:00:03"
Fiserv,117.86,"2021-08-27 13:00:04"
Fiserv,117.83,"2021-08-27 14:00:04"
Fiserv,118.01,"2021-08-27 15:00:03"
Fiserv,118.05,"2021-08-27 15:45:04"
Fiserv,117.94,"2021-08-27 16:15:09"
Fiserv,117.56,"2021-08-30 09:45:02"
Fiserv,116.33,"2021-08-30 11:00:02"
Fiserv,116.79,"2021-08-30 12:00:03"
Fiserv,116.79,"2021-08-30 13:00:04"
Fiserv,116.74,"2021-08-30 14:00:03"
Fiserv,117.17,"2021-08-30 15:00:03"
Fiserv,117.01,"2021-08-30 15:45:02"
Fiserv,116.96,"2021-08-30 16:15:03"
Fiserv,117.13,"2021-08-31 09:45:03"
Fiserv,117.08,"2021-08-31 11:00:03"
Fiserv,117.56,"2021-08-31 12:00:03"
Fiserv,117.65,"2021-08-31 13:00:04"
Fiserv,117.89,"2021-08-31 14:00:03"
Fiserv,117.81,"2021-08-31 15:00:03"
Fiserv,117.90,"2021-08-31 15:45:03"
Fiserv,117.80,"2021-08-31 16:15:08"
Fiserv,117.82,"2021-09-01 09:45:02"
Fiserv,118.26,"2021-09-01 11:00:04"
Fiserv,118.07,"2021-09-01 12:00:02"
Fiserv,118.14,"2021-09-01 13:00:02"
Fiserv,118.65,"2021-09-01 14:00:03"
Fiserv,118.17,"2021-09-01 15:00:03"
Fiserv,118.20,"2021-09-01 15:45:02"
Fiserv,118.34,"2021-09-01 16:15:02"
Fiserv,118.40,"2021-09-02 09:45:03"
Fiserv,115.88,"2021-09-02 11:00:02"
Fiserv,116.13,"2021-09-02 12:00:03"
Fiserv,116.60,"2021-09-02 13:00:03"
Fiserv,115.92,"2021-09-02 14:00:03"
Fiserv,115.92,"2021-09-02 15:00:03"
Fiserv,115.80,"2021-09-02 15:45:03"
Fiserv,116.14,"2021-09-03 09:45:03"
Fiserv,115.70,"2021-09-03 11:00:03"
Fiserv,115.79,"2021-09-03 12:00:03"
Fiserv,115.72,"2021-09-03 13:00:02"
Fiserv,115.80,"2021-09-03 14:00:02"
Fiserv,115.86,"2021-09-03 15:00:02"
Fiserv,115.93,"2021-09-03 15:45:03"
Fiserv,115.95,"2021-09-03 16:15:02"
Fiserv,115.51,"2021-09-06 09:45:03"
Fiserv,115.51,"2021-09-06 11:00:03"
Fiserv,115.51,"2021-09-06 12:00:04"
Fiserv,115.51,"2021-09-06 13:00:03"
Fiserv,115.51,"2021-09-06 14:00:04"
Fiserv,115.51,"2021-09-06 15:00:01"
Fiserv,115.51,"2021-09-06 15:45:03"
Fiserv,115.51,"2021-09-06 16:15:09"
Fiserv,116.30,"2021-09-07 09:45:02"
Fiserv,115.47,"2021-09-07 11:00:03"
Fiserv,115.07,"2021-09-07 12:00:04"
Fiserv,115.04,"2021-09-07 13:00:02"
Fiserv,115.22,"2021-09-07 14:00:03"
Fiserv,115.05,"2021-09-07 15:00:04"
Fiserv,115.02,"2021-09-07 15:45:04"
Fiserv,115.00,"2021-09-07 16:15:03"
Fiserv,115.58,"2021-09-08 09:45:02"
Fiserv,115.90,"2021-09-08 11:00:02"
Fiserv,115.85,"2021-09-08 12:00:02"
Fiserv,116.82,"2021-09-08 13:00:03"
Fiserv,116.67,"2021-09-08 14:00:03"
Fiserv,117.14,"2021-09-08 15:00:02"
Fiserv,116.91,"2021-09-08 15:45:03"
Fiserv,116.97,"2021-09-08 16:15:09"
Fiserv,116.84,"2021-09-09 09:45:03"
Fiserv,116.47,"2021-09-09 11:00:02"
Fiserv,116.24,"2021-09-09 12:00:04"
Fiserv,116.23,"2021-09-09 13:00:03"
Fiserv,115.87,"2021-09-09 14:00:03"
Fiserv,115.47,"2021-09-09 15:00:02"
Fiserv,115.41,"2021-09-09 15:45:03"
Fiserv,114.08,"2021-09-10 09:45:03"
Fiserv,111.74,"2021-09-10 11:00:02"
Fiserv,111.76,"2021-09-10 12:00:03"
Fiserv,111.95,"2021-09-10 13:00:03"
Fiserv,111.42,"2021-09-10 14:00:04"
Fiserv,111.23,"2021-09-10 15:00:03"
Fiserv,110.92,"2021-09-10 15:45:03"
Fiserv,111.05,"2021-09-10 16:15:08"
Fiserv,111.78,"2021-09-13 09:45:02"
Fiserv,110.91,"2021-09-13 11:00:04"
Fiserv,110.41,"2021-09-13 12:00:03"
Fiserv,110.24,"2021-09-13 13:00:02"
Fiserv,109.64,"2021-09-13 14:00:04"
Fiserv,110.01,"2021-09-13 15:00:03"
Fiserv,110.18,"2021-09-13 15:45:04"
Fiserv,110.07,"2021-09-13 16:15:09"
Fiserv,109.25,"2021-09-14 09:45:03"
Fiserv,108.82,"2021-09-14 11:00:02"
Fiserv,109.19,"2021-09-14 12:00:04"
Fiserv,108.96,"2021-09-14 13:00:04"
Fiserv,108.53,"2021-09-14 14:00:05"
Fiserv,107.21,"2021-09-14 15:00:03"
Fiserv,106.90,"2021-09-14 15:45:03"
Fiserv,107.04,"2021-09-14 16:15:08"
Fiserv,107.14,"2021-09-15 09:45:03"
Fiserv,107.92,"2021-09-15 11:00:03"
Fiserv,107.96,"2021-09-15 12:00:04"
Fiserv,107.24,"2021-09-15 13:00:03"
Fiserv,108.03,"2021-09-15 14:00:03"
Fiserv,108.01,"2021-09-15 15:00:03"
Fiserv,108.54,"2021-09-15 15:45:03"
Fiserv,108.36,"2021-09-15 16:15:08"
Fiserv,108.84,"2021-09-16 09:45:03"
Fiserv,108.16,"2021-09-16 11:00:02"
Fiserv,108.49,"2021-09-16 12:00:03"
Fiserv,108.33,"2021-09-16 13:00:03"
Fiserv,108.46,"2021-09-16 14:00:04"
Fiserv,108.75,"2021-09-16 15:00:04"
Fiserv,108.63,"2021-09-16 15:45:02"
Fiserv,108.94,"2021-09-16 16:15:09"
Fiserv,107.85,"2021-09-17 09:45:04"
Fiserv,107.65,"2021-09-17 11:00:03"
Fiserv,107.80,"2021-09-17 12:00:03"
Fiserv,108.08,"2021-09-17 13:00:04"
Fiserv,107.94,"2021-09-17 14:00:03"
Fiserv,108.27,"2021-09-17 15:00:02"
Fiserv,108.58,"2021-09-17 15:45:03"
Fiserv,108.62,"2021-09-17 16:15:05"
Fiserv,107.13,"2021-09-20 09:45:03"
Fiserv,106.63,"2021-09-20 11:00:03"
Fiserv,106.21,"2021-09-20 12:00:03"
Fiserv,105.89,"2021-09-20 13:00:03"
Fiserv,106.12,"2021-09-20 14:00:06"
Fiserv,105.99,"2021-09-20 15:00:02"
Fiserv,107.03,"2021-09-20 15:45:04"
Fiserv,107.40,"2021-09-20 16:15:08"
Fiserv,107.30,"2021-09-21 09:45:03"
Fiserv,106.16,"2021-09-21 11:00:04"
Fiserv,107.01,"2021-09-21 12:00:04"
Fiserv,106.58,"2021-09-21 13:00:04"
Fiserv,106.43,"2021-09-21 14:00:04"
Fiserv,106.72,"2021-09-21 15:00:03"
Fiserv,106.64,"2021-09-21 15:45:03"
Fiserv,106.21,"2021-09-21 16:15:02"
Fiserv,107.23,"2021-09-22 09:45:04"
Fiserv,107.88,"2021-09-22 11:00:03"
Fiserv,108.90,"2021-09-22 12:00:04"
Fiserv,108.73,"2021-09-22 13:00:04"
Fiserv,108.67,"2021-09-22 14:00:03"
Fiserv,108.86,"2021-09-22 15:00:03"
Fiserv,108.98,"2021-09-22 15:45:04"
Fiserv,108.69,"2021-09-22 16:15:03"
Fiserv,109.56,"2021-09-23 09:45:04"
Fiserv,110.62,"2021-09-23 11:00:03"
Fiserv,110.31,"2021-09-23 12:00:04"
Fiserv,110.37,"2021-09-23 13:00:03"
Fiserv,110.38,"2021-09-23 14:00:03"
Fiserv,110.41,"2021-09-23 15:00:02"
Fiserv,110.37,"2021-09-23 15:45:03"
Fiserv,110.24,"2021-09-23 16:15:03"
Fiserv,110.47,"2021-09-24 09:45:04"
Fiserv,110.21,"2021-09-24 11:00:03"
Fiserv,110.41,"2021-09-24 12:00:02"
Fiserv,110.08,"2021-09-24 13:00:04"
Fiserv,109.85,"2021-09-24 14:00:03"
Fiserv,110.08,"2021-09-24 15:00:03"
Fiserv,109.86,"2021-09-24 15:45:03"
Fiserv,109.74,"2021-09-24 16:15:09"
Fiserv,109.48,"2021-09-27 09:45:02"
Fiserv,109.87,"2021-09-27 11:00:02"
Fiserv,109.37,"2021-09-27 12:00:02"
Fiserv,109.35,"2021-09-27 13:00:04"
Fiserv,109.31,"2021-09-27 14:00:04"
Fiserv,109.20,"2021-09-27 15:00:03"
Fiserv,109.15,"2021-09-27 15:45:04"
Fiserv,109.12,"2021-09-27 16:15:09"
Fiserv,109.30,"2021-09-28 09:45:03"
Fiserv,108.88,"2021-09-28 11:00:02"
Fiserv,109.19,"2021-09-28 12:00:04"
Fiserv,108.63,"2021-09-28 13:00:03"
Fiserv,108.99,"2021-09-28 14:00:02"
Fiserv,109.50,"2021-09-28 15:00:04"
Fiserv,109.48,"2021-09-28 15:45:03"
Fiserv,109.29,"2021-09-28 16:15:08"
Fiserv,109.61,"2021-09-29 09:45:02"
Fiserv,110.68,"2021-09-29 11:00:04"
Fiserv,110.77,"2021-09-29 12:00:02"
Fiserv,110.82,"2021-09-29 13:00:04"
Fiserv,110.92,"2021-09-29 14:00:04"
Fiserv,111.54,"2021-09-29 15:00:02"
Fiserv,110.87,"2021-09-29 15:45:03"
Fiserv,110.63,"2021-09-29 16:15:08"
Fiserv,110.97,"2021-09-30 09:45:03"
Fiserv,108.82,"2021-09-30 11:00:03"
Fiserv,108.67,"2021-09-30 12:00:02"
Fiserv,108.91,"2021-09-30 13:00:04"
Fiserv,109.32,"2021-09-30 14:00:03"
Fiserv,109.68,"2021-09-30 15:00:04"
Fiserv,109.23,"2021-09-30 15:45:03"
Fiserv,108.70,"2021-09-30 16:15:09"
Fiserv,108.57,"2021-10-01 09:45:03"
Fiserv,108.36,"2021-10-01 11:00:02"
Fiserv,109.08,"2021-10-01 12:00:03"
Fiserv,109.22,"2021-10-01 13:00:03"
Fiserv,109.78,"2021-10-01 14:00:02"
Fiserv,110.14,"2021-10-01 15:00:03"
Fiserv,109.96,"2021-10-01 15:45:04"
Fiserv,109.86,"2021-10-01 16:15:08"
Fiserv,108.89,"2021-10-04 09:45:03"
Fiserv,107.14,"2021-10-04 11:00:02"
Fiserv,107.66,"2021-10-04 12:00:03"
Fiserv,107.43,"2021-10-04 13:00:03"
Fiserv,107.54,"2021-10-04 14:00:03"
Fiserv,107.82,"2021-10-04 15:00:03"
Fiserv,108.35,"2021-10-04 15:45:04"
Fiserv,108.26,"2021-10-04 16:15:03"
Fiserv,108.15,"2021-10-05 09:45:04"
Fiserv,108.77,"2021-10-05 11:00:02"
Fiserv,108.80,"2021-10-05 12:00:03"
Fiserv,108.17,"2021-10-05 13:00:02"
Fiserv,108.26,"2021-10-05 14:00:03"
Fiserv,108.29,"2021-10-05 15:00:03"
Fiserv,108.23,"2021-10-05 15:45:04"
Fiserv,108.02,"2021-10-05 16:15:04"
Fiserv,107.28,"2021-10-06 09:45:04"
Fiserv,107.12,"2021-10-06 11:00:02"
Fiserv,107.00,"2021-10-06 12:00:02"
Fiserv,106.96,"2021-10-06 13:00:02"
Fiserv,107.61,"2021-10-06 14:00:03"
Fiserv,107.79,"2021-10-06 15:00:03"
Fiserv,108.14,"2021-10-06 15:45:04"
Fiserv,108.48,"2021-10-06 16:15:02"
Fiserv,109.34,"2021-10-07 09:45:04"
Fiserv,110.10,"2021-10-07 11:00:03"
Fiserv,110.04,"2021-10-07 12:00:03"
Fiserv,110.13,"2021-10-07 13:00:02"
Fiserv,110.25,"2021-10-07 14:00:03"
Fiserv,109.40,"2021-10-07 15:00:03"
Fiserv,109.18,"2021-10-07 15:45:03"
Fiserv,109.26,"2021-10-07 16:15:04"
Fiserv,109.77,"2021-10-08 09:45:03"
Fiserv,109.88,"2021-10-08 11:00:04"
Fiserv,109.57,"2021-10-08 12:00:02"
Fiserv,109.33,"2021-10-08 13:00:03"
Fiserv,109.05,"2021-10-08 14:00:03"
Fiserv,108.71,"2021-10-08 15:00:03"
Fiserv,108.21,"2021-10-08 15:45:03"
Fiserv,107.85,"2021-10-08 16:15:03"
Fiserv,106.75,"2021-10-11 09:45:02"
Fiserv,107.20,"2021-10-11 11:00:02"
Fiserv,106.98,"2021-10-11 12:00:02"
Fiserv,106.70,"2021-10-11 13:00:03"
Fiserv,105.21,"2021-10-11 14:00:04"
Fiserv,104.64,"2021-10-11 15:00:03"
Fiserv,103.83,"2021-10-11 15:45:02"
Fiserv,105.00,"2021-10-11 16:15:03"
Fiserv,103.93,"2021-10-12 09:45:03"
Fiserv,104.89,"2021-10-12 11:00:03"
Fiserv,104.89,"2021-10-12 12:00:03"
Fiserv,104.73,"2021-10-12 13:00:02"
Fiserv,104.47,"2021-10-12 14:00:02"
Fiserv,104.70,"2021-10-12 15:00:02"
Fiserv,104.63,"2021-10-12 15:45:03"
Fiserv,104.30,"2021-10-12 16:15:02"
Fiserv,103.46,"2021-10-13 09:45:04"
Fiserv,103.11,"2021-10-13 11:00:03"
Fiserv,103.71,"2021-10-13 12:00:03"
Fiserv,103.33,"2021-10-13 13:00:03"
Fiserv,104.18,"2021-10-13 14:00:03"
Fiserv,104.10,"2021-10-13 15:00:03"
Fiserv,104.20,"2021-10-13 15:45:04"
Fiserv,104.34,"2021-10-13 16:15:03"
Fiserv,105.39,"2021-10-14 09:45:02"
Fiserv,106.76,"2021-10-14 11:00:02"
Fiserv,107.75,"2021-10-14 12:00:04"
Fiserv,107.16,"2021-10-14 13:00:04"
Fiserv,107.78,"2021-10-14 14:00:03"
Fiserv,107.96,"2021-10-14 15:00:03"
Fiserv,107.66,"2021-10-14 15:45:02"
Fiserv,107.78,"2021-10-14 16:15:03"
Fiserv,109.11,"2021-10-15 09:45:02"
Fiserv,109.64,"2021-10-15 11:00:02"
Fiserv,109.50,"2021-10-15 12:00:04"
Fiserv,109.90,"2021-10-15 13:00:04"
Fiserv,109.52,"2021-10-15 14:00:05"
Fiserv,109.58,"2021-10-15 15:00:06"
Fiserv,109.87,"2021-10-15 15:45:04"
Fiserv,109.80,"2021-10-15 16:15:04"
Fiserv,108.02,"2021-10-18 09:45:04"
Fiserv,109.75,"2021-10-18 11:00:03"
Fiserv,110.49,"2021-10-18 12:00:02"
Fiserv,110.42,"2021-10-18 13:00:02"
Fiserv,109.99,"2021-10-18 14:00:02"
Fiserv,109.91,"2021-10-18 15:00:05"
Fiserv,109.90,"2021-10-18 15:45:02"
Fiserv,110.01,"2021-10-18 16:15:04"
Fiserv,109.44,"2021-10-19 09:45:04"
Fiserv,110.32,"2021-10-19 11:00:04"
Fiserv,110.51,"2021-10-19 12:00:05"
Fiserv,110.81,"2021-10-19 13:00:02"
Fiserv,110.75,"2021-10-19 14:00:03"
Fiserv,110.81,"2021-10-19 15:00:04"
Fiserv,111.26,"2021-10-19 15:45:02"
Fiserv,111.29,"2021-10-19 16:15:04"
Fiserv,110.32,"2021-10-20 09:45:03"
Fiserv,109.83,"2021-10-20 11:00:05"
Fiserv,110.55,"2021-10-20 12:00:04"
Fiserv,110.67,"2021-10-20 13:00:02"
Fiserv,110.34,"2021-10-20 14:00:04"
Fiserv,110.54,"2021-10-20 15:00:05"
Fiserv,110.22,"2021-10-20 15:45:04"
Fiserv,110.11,"2021-10-20 16:15:05"
Fiserv,109.01,"2021-10-21 09:45:04"
Fiserv,109.90,"2021-10-21 11:00:03"
Fiserv,109.47,"2021-10-21 12:00:04"
Fiserv,109.43,"2021-10-21 13:00:05"
Fiserv,109.53,"2021-10-21 14:00:05"
Fiserv,109.73,"2021-10-21 15:00:04"
Fiserv,109.81,"2021-10-21 15:45:04"
Fiserv,110.16,"2021-10-21 16:15:04"
Fiserv,110.17,"2021-10-22 09:45:02"
Fiserv,110.03,"2021-10-22 11:00:04"
Fiserv,109.86,"2021-10-22 12:00:04"
Fiserv,110.03,"2021-10-22 13:00:03"
Fiserv,110.34,"2021-10-22 14:00:02"
Fiserv,110.38,"2021-10-22 15:00:03"
Fiserv,110.20,"2021-10-22 15:45:03"
Fiserv,110.18,"2021-10-22 16:15:04"
Fiserv,110.34,"2021-10-25 09:45:03"
Fiserv,110.22,"2021-10-25 11:00:05"
Fiserv,110.21,"2021-10-25 12:00:04"
Fiserv,109.89,"2021-10-25 13:00:05"
Fiserv,111.46,"2021-10-25 14:00:03"
Fiserv,110.76,"2021-10-25 15:00:03"
Fiserv,110.89,"2021-10-25 15:45:04"
Fiserv,110.83,"2021-10-25 16:15:02"
Fiserv,111.58,"2021-10-26 09:45:05"
Fiserv,111.07,"2021-10-26 11:00:06"
Fiserv,110.26,"2021-10-26 12:00:05"
Fiserv,110.29,"2021-10-26 13:00:02"
Fiserv,109.87,"2021-10-26 14:00:03"
Fiserv,110.11,"2021-10-26 15:00:04"
Fiserv,110.20,"2021-10-26 15:45:03"
Fiserv,109.84,"2021-10-26 16:15:02"
Fiserv,103.19,"2021-10-27 09:45:05"
Fiserv,100.14,"2021-10-27 11:00:03"
Fiserv,99.06,"2021-10-27 12:00:04"
Fiserv,96.81,"2021-10-27 13:00:02"
Fiserv,97.24,"2021-10-27 14:00:05"
Fiserv,98.92,"2021-10-27 15:00:03"
Fiserv,98.92,"2021-10-27 15:45:05"
Fiserv,98.83,"2021-10-27 16:15:02"
Fiserv,97.82,"2021-10-28 09:45:05"
Fiserv,97.61,"2021-10-28 11:00:04"
Fiserv,96.78,"2021-10-28 12:00:05"
Fiserv,96.81,"2021-10-28 13:00:04"
Fiserv,98.75,"2021-10-28 14:00:04"
Fiserv,97.94,"2021-10-28 15:00:03"
Fiserv,98.37,"2021-10-28 15:45:02"
Fiserv,100.00,"2021-10-29 09:45:02"
Fiserv,98.62,"2021-10-29 11:00:05"
Fiserv,98.50,"2021-10-29 12:00:02"
Fiserv,98.37,"2021-10-29 13:00:05"
Fiserv,98.82,"2021-10-29 14:00:05"
Fiserv,98.70,"2021-10-29 15:00:05"
Fiserv,98.56,"2021-10-29 15:45:05"
Fiserv,98.49,"2021-10-29 16:15:09"
Fiserv,99.94,"2021-11-01 09:45:05"
Fiserv,100.90,"2021-11-01 11:00:05"
Fiserv,100.89,"2021-11-01 12:00:05"
Fiserv,101.14,"2021-11-01 13:00:04"
Fiserv,100.94,"2021-11-01 14:00:02"
Fiserv,102.03,"2021-11-01 15:00:04"
Fiserv,101.83,"2021-11-01 15:45:02"
Fiserv,101.99,"2021-11-01 16:15:05"
Fiserv,100.45,"2021-11-02 09:45:03"
Fiserv,96.84,"2021-11-02 11:00:02"
Fiserv,98.64,"2021-11-02 12:00:06"
Fiserv,98.66,"2021-11-02 13:00:05"
Fiserv,98.29,"2021-11-02 14:00:03"
Fiserv,99.05,"2021-11-02 15:00:03"
Fiserv,99.33,"2021-11-02 15:45:03"
Fiserv,99.38,"2021-11-02 16:15:12"
Fiserv,100.75,"2021-11-03 09:45:05"
Fiserv,100.85,"2021-11-03 11:00:03"
Fiserv,101.05,"2021-11-03 12:00:04"
Fiserv,100.73,"2021-11-03 13:00:05"
Fiserv,100.71,"2021-11-03 14:00:04"
Fiserv,100.92,"2021-11-03 15:00:05"
Fiserv,101.56,"2021-11-03 15:45:05"
Fiserv,101.46,"2021-11-03 16:15:03"
Fiserv,104.10,"2021-11-04 09:45:05"
Fiserv,102.66,"2021-11-04 11:00:04"
Fiserv,101.68,"2021-11-04 12:00:03"
Fiserv,101.18,"2021-11-04 13:00:04"
Fiserv,100.90,"2021-11-04 14:00:02"
Fiserv,101.74,"2021-11-04 15:00:05"
Fiserv,101.47,"2021-11-04 15:45:05"
Fiserv,101.97,"2021-11-04 16:15:05"
Fiserv,101.89,"2021-11-05 09:45:05"
Fiserv,101.02,"2021-11-05 11:00:03"
Fiserv,101.31,"2021-11-05 12:00:04"
Fiserv,100.71,"2021-11-05 13:00:04"
Fiserv,99.97,"2021-11-05 14:00:05"
Fiserv,100.06,"2021-11-05 15:00:02"
Fiserv,100.30,"2021-11-05 15:45:05"
Fiserv,100.36,"2021-11-05 16:15:02"
Fiserv,100.11,"2021-11-08 09:45:04"
Fiserv,100.17,"2021-11-08 11:00:04"
Fiserv,100.19,"2021-11-08 12:00:05"
Fiserv,100.39,"2021-11-08 13:00:05"
Fiserv,100.01,"2021-11-08 14:00:03"
Fiserv,99.98,"2021-11-08 15:00:05"
Fiserv,100.10,"2021-11-08 15:45:03"
Fiserv,100.04,"2021-11-08 16:15:11"
Fiserv,99.46,"2021-11-09 09:45:03"
Fiserv,99.12,"2021-11-09 11:00:02"
Fiserv,99.28,"2021-11-09 12:00:02"
Fiserv,99.01,"2021-11-09 13:00:03"
Fiserv,99.32,"2021-11-09 14:00:03"
Fiserv,99.73,"2021-11-09 15:00:04"
Fiserv,99.59,"2021-11-09 15:45:03"
Fiserv,99.55,"2021-11-09 16:15:15"
Fiserv,100.33,"2021-11-10 09:45:03"
Fiserv,100.80,"2021-11-10 11:00:04"
Fiserv,100.70,"2021-11-10 12:00:04"
Fiserv,100.55,"2021-11-10 13:00:03"
Fiserv,100.17,"2021-11-10 14:00:04"
Fiserv,100.15,"2021-11-10 15:00:04"
Fiserv,100.05,"2021-11-10 15:45:04"
Fiserv,100.25,"2021-11-10 16:15:09"
Fiserv,99.97,"2021-11-11 09:45:03"
Fiserv,100.04,"2021-11-11 11:00:02"
Fiserv,100.30,"2021-11-11 12:00:04"
Fiserv,100.41,"2021-11-11 13:00:03"
Fiserv,100.44,"2021-11-11 14:00:03"
Fiserv,99.95,"2021-11-11 15:00:04"
Fiserv,99.89,"2021-11-11 15:45:03"
Fiserv,99.92,"2021-11-11 16:15:09"
Fiserv,101.11,"2021-11-12 09:45:04"
Fiserv,100.89,"2021-11-12 11:00:04"
Fiserv,100.99,"2021-11-12 12:00:03"
Fiserv,101.10,"2021-11-12 13:00:04"
Fiserv,101.07,"2021-11-12 14:00:03"
Fiserv,100.78,"2021-11-12 15:00:03"
Fiserv,100.92,"2021-11-12 15:45:03"
Fiserv,100.82,"2021-11-12 16:15:03"
Fiserv,101.81,"2021-11-15 09:45:03"
Fiserv,102.16,"2021-11-15 11:00:04"
Fiserv,101.51,"2021-11-15 12:00:04"
Fiserv,101.54,"2021-11-15 13:00:04"
Fiserv,101.96,"2021-11-15 14:00:03"
Fiserv,101.95,"2021-11-15 15:00:02"
Fiserv,101.91,"2021-11-15 15:45:03"
Fiserv,101.84,"2021-11-15 16:15:02"
Fiserv,102.60,"2021-11-16 09:45:04"
Fiserv,102.00,"2021-11-16 11:00:03"
Fiserv,102.15,"2021-11-16 12:00:03"
Fiserv,102.29,"2021-11-16 13:00:03"
Fiserv,102.31,"2021-11-16 14:00:03"
Fiserv,101.93,"2021-11-16 15:00:04"
Fiserv,102.09,"2021-11-16 15:45:04"
Fiserv,102.11,"2021-11-16 16:15:04"
Fiserv,100.47,"2021-11-17 09:45:03"
Fiserv,100.28,"2021-11-17 11:00:03"
Fiserv,99.93,"2021-11-17 12:00:03"
Fiserv,98.97,"2021-11-17 13:00:04"
Fiserv,98.33,"2021-11-17 14:00:04"
Fiserv,99.76,"2021-11-17 15:00:04"
Fiserv,100.42,"2021-11-17 15:45:04"
Fiserv,100.88,"2021-11-17 16:15:14"
Fiserv,99.72,"2021-11-18 09:45:04"
Fiserv,99.09,"2021-11-18 11:00:03"
Fiserv,99.98,"2021-11-18 12:00:03"
Fiserv,100.48,"2021-11-18 13:00:04"
Fiserv,100.75,"2021-11-18 14:00:03"
Fiserv,100.93,"2021-11-18 15:00:04"
Fiserv,101.13,"2021-11-18 15:45:04"
Fiserv,101.25,"2021-11-18 16:15:02"
Fiserv,100.85,"2021-11-19 09:45:04"
Fiserv,100.54,"2021-11-19 11:00:03"
Fiserv,100.54,"2021-11-19 12:00:03"
Fiserv,100.28,"2021-11-19 13:00:04"
Fiserv,99.71,"2021-11-19 14:00:04"
Fiserv,100.00,"2021-11-19 15:00:02"
Fiserv,100.06,"2021-11-19 15:45:03"
Fiserv,100.06,"2021-11-19 16:15:14"
Fiserv,99.76,"2021-11-22 09:45:03"
Fiserv,96.90,"2021-11-22 11:00:02"
Fiserv,95.70,"2021-11-22 12:00:03"
Fiserv,96.63,"2021-11-22 13:00:03"
Fiserv,96.11,"2021-11-22 14:00:03"
Fiserv,96.42,"2021-11-22 15:00:02"
Fiserv,96.37,"2021-11-22 15:45:03"
Fiserv,95.71,"2021-11-22 16:15:02"
Fiserv,94.88,"2021-11-23 09:45:03"
Fiserv,94.66,"2021-11-23 11:00:03"
Fiserv,94.92,"2021-11-23 12:00:03"
Fiserv,95.86,"2021-11-23 13:00:03"
Fiserv,96.18,"2021-11-23 14:00:03"
Fiserv,96.32,"2021-11-23 15:00:05"
Fiserv,96.26,"2021-11-23 15:45:02"
Fiserv,96.11,"2021-11-23 16:15:03"
Fiserv,97.74,"2021-11-24 09:45:03"
Fiserv,98.76,"2021-11-24 11:00:02"
Fiserv,98.37,"2021-11-24 12:00:02"
Fiserv,98.71,"2021-11-24 13:00:04"
Fiserv,98.81,"2021-11-24 14:00:03"
Fiserv,99.24,"2021-11-24 15:00:04"
Fiserv,99.27,"2021-11-24 15:45:03"
Fiserv,99.31,"2021-11-24 16:15:02"
Fiserv,99.31,"2021-11-25 09:45:03"
Fiserv,99.31,"2021-11-25 11:00:03"
Fiserv,99.31,"2021-11-25 12:00:02"
Fiserv,99.31,"2021-11-25 13:00:03"
Fiserv,99.31,"2021-11-25 14:00:03"
Fiserv,99.31,"2021-11-25 15:00:03"
Fiserv,99.31,"2021-11-25 15:45:03"
Fiserv,99.31,"2021-11-25 16:15:03"
Fiserv,97.64,"2021-11-26 09:45:02"
Fiserv,98.71,"2021-11-26 11:00:03"
Fiserv,99.00,"2021-11-26 12:00:03"
Fiserv,98.12,"2021-11-26 13:00:04"
Fiserv,98.25,"2021-11-26 14:00:03"
Fiserv,98.25,"2021-11-26 15:00:03"
Fiserv,98.25,"2021-11-26 15:45:03"
Fiserv,98.25,"2021-11-26 16:15:03"
Fiserv,96.83,"2021-11-29 09:45:04"
Fiserv,96.00,"2021-11-29 11:00:04"
Fiserv,97.05,"2021-11-29 12:00:04"
Fiserv,98.12,"2021-11-29 13:00:04"
Fiserv,97.96,"2021-11-29 14:00:04"
Fiserv,97.78,"2021-11-29 15:00:04"
Fiserv,97.87,"2021-11-29 15:45:02"
Fiserv,97.47,"2021-11-29 16:15:03"
Fiserv,97.92,"2021-11-30 09:45:03"
Fiserv,95.30,"2021-11-30 11:00:03"
Fiserv,95.34,"2021-11-30 12:00:03"
Fiserv,95.44,"2021-11-30 13:00:04"
Fiserv,96.52,"2021-11-30 14:00:04"
Fiserv,96.85,"2021-11-30 15:00:03"
Fiserv,96.59,"2021-11-30 15:45:02"
Fiserv,96.52,"2021-11-30 16:15:03"
Fiserv,97.20,"2021-12-01 09:45:03"
Fiserv,97.23,"2021-12-01 11:00:05"
Fiserv,96.51,"2021-12-01 12:00:03"
Fiserv,96.05,"2021-12-01 13:00:03"
Fiserv,96.80,"2021-12-01 14:00:04"
Fiserv,97.02,"2021-12-01 15:00:04"
Fiserv,96.47,"2021-12-01 15:45:04"
Fiserv,95.55,"2021-12-01 16:15:03"
Fiserv,97.59,"2021-12-02 09:45:02"
Fiserv,98.81,"2021-12-02 11:00:04"
Fiserv,98.79,"2021-12-02 12:00:02"
Fiserv,98.84,"2021-12-02 13:00:03"
Fiserv,99.91,"2021-12-02 14:00:04"
Fiserv,99.78,"2021-12-02 15:00:02"
Fiserv,100.37,"2021-12-02 15:45:03"
Fiserv,99.86,"2021-12-02 16:15:02"
Fiserv,99.24,"2021-12-03 09:45:02"
Fiserv,99.98,"2021-12-03 11:00:03"
Fiserv,100.31,"2021-12-03 12:00:02"
Fiserv,100.14,"2021-12-03 13:00:03"
Fiserv,99.94,"2021-12-03 14:00:03"
Fiserv,100.26,"2021-12-03 15:00:05"
Fiserv,100.01,"2021-12-03 15:45:03"
Fiserv,100.50,"2021-12-03 16:15:03"
Fiserv,101.44,"2021-12-06 09:45:02"
Fiserv,103.42,"2021-12-06 11:00:04"
Fiserv,103.71,"2021-12-06 12:00:04"
Fiserv,103.89,"2021-12-06 13:00:04"
Fiserv,103.66,"2021-12-06 14:00:03"
Fiserv,103.79,"2021-12-06 15:00:03"
Fiserv,103.30,"2021-12-06 15:45:03"
Fiserv,103.13,"2021-12-06 16:15:03"
Fiserv,104.59,"2021-12-07 09:45:02"
Fiserv,104.92,"2021-12-07 11:00:03"
Fiserv,104.43,"2021-12-07 12:00:03"
Fiserv,104.26,"2021-12-07 13:00:02"
Fiserv,104.14,"2021-12-07 14:00:02"
Fiserv,103.88,"2021-12-07 15:00:04"
Fiserv,103.02,"2021-12-07 15:45:03"
Fiserv,103.13,"2021-12-07 16:15:04"
Fiserv,103.57,"2021-12-08 09:45:03"
Fiserv,103.50,"2021-12-08 11:00:03"
Fiserv,103.99,"2021-12-08 12:00:03"
Fiserv,104.06,"2021-12-08 13:00:03"
Fiserv,104.19,"2021-12-08 14:00:03"
Fiserv,104.22,"2021-12-08 15:00:02"
Fiserv,104.12,"2021-12-08 15:45:03"
Fiserv,103.95,"2021-12-08 16:15:05"
Fiserv,103.28,"2021-12-09 09:45:03"
Fiserv,104.24,"2021-12-09 11:00:03"
Fiserv,103.71,"2021-12-09 12:00:04"
Fiserv,103.90,"2021-12-09 13:00:03"
Fiserv,103.92,"2021-12-09 14:00:03"
Fiserv,103.46,"2021-12-09 15:00:03"
Fiserv,103.82,"2021-12-09 15:45:03"
Fiserv,103.53,"2021-12-09 16:15:03"
Fiserv,102.51,"2021-12-10 09:45:03"
Fiserv,103.16,"2021-12-10 11:00:03"
Fiserv,103.62,"2021-12-10 12:00:03"
Fiserv,103.37,"2021-12-10 13:00:03"
Fiserv,103.26,"2021-12-10 14:00:02"
Fiserv,103.11,"2021-12-10 15:00:03"
Fiserv,103.38,"2021-12-10 15:45:04"
Fiserv,103.19,"2021-12-10 16:15:02"
Fiserv,103.35,"2021-12-13 09:45:03"
Fiserv,103.84,"2021-12-13 11:00:06"
Fiserv,104.00,"2021-12-13 12:00:05"
Fiserv,104.22,"2021-12-13 13:00:02"
Fiserv,104.70,"2021-12-13 14:00:03"
Fiserv,104.49,"2021-12-13 15:00:03"
