News,23.45,"2021-03-01 03:06:39"
News,24.36,"2021-03-01 13:01:24"
News,24.18,"2021-03-01 13:35:29"
News,24.24,"2021-03-01 13:56:51"
News,24.22,"2021-03-01 14:00:05"
News,24.39,"2021-03-01 15:00:06"
News,24.29,"2021-03-01 15:45:03"
News,24.36,"2021-03-01 16:15:03"
News,24.09,"2021-03-02 09:45:02"
News,23.94,"2021-03-02 11:00:05"
News,23.81,"2021-03-02 12:00:06"
News,23.88,"2021-03-02 13:00:06"
News,23.88,"2021-03-02 14:00:04"
News,23.76,"2021-03-02 15:00:06"
News,23.67,"2021-03-02 15:45:04"
News,23.64,"2021-03-02 16:15:03"
News,23.69,"2021-03-03 09:45:02"
News,23.92,"2021-03-03 11:00:07"
News,23.99,"2021-03-03 12:00:02"
News,23.96,"2021-03-03 13:00:04"
News,23.82,"2021-03-03 14:00:06"
News,23.90,"2021-03-03 15:00:07"
News,23.86,"2021-03-03 15:45:03"
News,23.79,"2021-03-03 16:15:01"
News,23.97,"2021-03-04 09:45:01"
News,23.61,"2021-03-04 11:00:05"
News,23.78,"2021-03-04 12:00:08"
News,23.42,"2021-03-04 13:00:07"
News,23.22,"2021-03-04 14:00:07"
News,23.54,"2021-03-04 15:00:07"
News,23.41,"2021-03-04 15:45:03"
News,23.53,"2021-03-04 16:15:03"
News,23.66,"2021-03-05 09:45:02"
News,23.64,"2021-03-05 11:00:06"
News,23.44,"2021-03-05 12:00:06"
News,23.62,"2021-03-05 13:00:07"
News,23.93,"2021-03-05 14:00:05"
News,24.09,"2021-03-05 15:00:05"
News,24.18,"2021-03-05 15:45:03"
News,24.37,"2021-03-05 16:15:04"
News,24.19,"2021-03-08 09:45:04"
News,24.40,"2021-03-08 11:00:04"
News,24.29,"2021-03-08 12:00:04"
News,24.55,"2021-03-08 13:00:08"
News,24.36,"2021-03-08 14:00:06"
News,24.29,"2021-03-08 15:00:03"
News,24.45,"2021-03-08 15:45:03"
News,24.40,"2021-03-08 16:15:03"
News,24.66,"2021-03-09 09:45:03"
News,24.98,"2021-03-09 11:00:09"
News,25.51,"2021-03-09 12:00:08"
News,25.56,"2021-03-09 13:00:06"
News,25.44,"2021-03-09 14:00:02"
News,24.97,"2021-03-09 15:00:02"
News,24.87,"2021-03-09 15:45:03"
News,24.85,"2021-03-09 16:15:03"
News,25.28,"2021-03-10 09:45:05"
News,24.63,"2021-03-10 11:00:03"
News,25.15,"2021-03-10 12:00:02"
News,25.40,"2021-03-10 13:00:03"
News,25.58,"2021-03-10 14:00:04"
News,25.41,"2021-03-10 15:00:05"
News,25.46,"2021-03-10 15:45:02"
News,25.52,"2021-03-10 16:15:04"
News,25.32,"2021-03-11 09:45:02"
News,25.65,"2021-03-11 11:00:03"
News,25.66,"2021-03-11 12:00:03"
News,25.62,"2021-03-11 13:00:04"
News,25.62,"2021-03-11 14:00:03"
News,25.82,"2021-03-11 15:00:03"
News,25.67,"2021-03-11 15:45:04"
News,25.73,"2021-03-11 16:15:03"
News,25.86,"2021-03-12 09:45:04"
News,26.14,"2021-03-12 11:00:03"
News,26.13,"2021-03-12 12:00:03"
News,26.13,"2021-03-12 13:00:03"
News,26.13,"2021-03-12 14:00:01"
News,26.15,"2021-03-12 15:00:06"
News,26.14,"2021-03-12 15:45:03"
News,26.21,"2021-03-12 16:15:02"
News,26.02,"2021-03-15 09:45:04"
News,25.98,"2021-03-15 11:00:03"
News,25.81,"2021-03-15 12:00:02"
News,25.93,"2021-03-15 13:00:03"
News,25.97,"2021-03-15 14:00:02"
News,26.08,"2021-03-15 15:00:02"
News,26.07,"2021-03-15 15:45:09"
News,26.11,"2021-03-15 16:15:02"
News,26.70,"2021-03-16 09:45:04"
News,26.46,"2021-03-16 11:00:02"
News,26.43,"2021-03-16 12:00:03"
News,26.42,"2021-03-16 13:00:03"
News,26.38,"2021-03-16 14:00:02"
News,26.31,"2021-03-16 15:00:03"
News,26.40,"2021-03-16 15:45:15"
News,26.62,"2021-03-16 16:15:04"
News,26.24,"2021-03-17 09:45:04"
News,25.89,"2021-03-17 11:00:03"
News,26.04,"2021-03-17 12:00:03"
News,26.03,"2021-03-17 13:00:03"
News,26.05,"2021-03-17 14:00:04"
News,26.20,"2021-03-17 15:00:03"
News,26.20,"2021-03-17 15:45:03"
News,26.35,"2021-03-17 16:15:04"
News,27.02,"2021-03-18 09:45:04"
News,27.17,"2021-03-18 11:00:02"
News,27.23,"2021-03-18 12:00:03"
News,27.25,"2021-03-18 13:00:02"
News,27.39,"2021-03-18 14:00:03"
News,27.25,"2021-03-18 15:00:04"
News,27.17,"2021-03-18 15:45:03"
News,27.15,"2021-03-18 16:15:04"
News,26.89,"2021-03-19 09:45:03"
News,27.06,"2021-03-19 11:00:03"
News,27.46,"2021-03-19 12:00:02"
News,27.53,"2021-03-19 13:00:04"
News,27.51,"2021-03-19 14:00:06"
News,27.61,"2021-03-19 15:00:03"
News,27.49,"2021-03-19 15:45:02"
News,27.30,"2021-03-19 16:15:03"
News,27.02,"2021-03-22 09:45:03"
News,26.64,"2021-03-22 11:00:01"
News,26.74,"2021-03-22 12:00:04"
News,26.70,"2021-03-22 13:00:02"
News,26.72,"2021-03-22 14:00:04"
News,26.75,"2021-03-22 15:00:02"
News,26.75,"2021-03-22 15:45:02"
News,26.71,"2021-03-22 16:15:04"
News,26.65,"2021-03-23 09:45:03"
News,26.46,"2021-03-23 11:00:01"
News,26.44,"2021-03-23 12:00:02"
News,26.42,"2021-03-23 13:00:02"
News,26.53,"2021-03-23 14:00:02"
News,26.17,"2021-03-23 15:00:01"
News,26.05,"2021-03-23 15:45:03"
News,26.11,"2021-03-23 16:15:03"
News,26.36,"2021-03-24 09:45:02"
News,26.04,"2021-03-24 11:00:02"
News,25.78,"2021-03-24 12:00:02"
News,25.88,"2021-03-24 13:00:04"
News,25.85,"2021-03-24 14:00:03"
News,25.61,"2021-03-24 15:00:04"
News,25.50,"2021-03-24 15:45:03"
News,25.44,"2021-03-24 16:15:02"
News,25.49,"2021-03-25 09:45:04"
News,25.48,"2021-03-25 11:00:05"
News,25.89,"2021-03-25 12:00:03"
News,25.84,"2021-03-25 13:00:02"
News,25.82,"2021-03-25 14:00:03"
News,26.00,"2021-03-25 15:00:03"
News,26.21,"2021-03-25 15:45:02"
News,26.20,"2021-03-25 16:15:04"
News,26.08,"2021-03-26 09:45:04"
News,26.02,"2021-03-26 11:00:04"
News,26.15,"2021-03-26 12:00:03"
News,26.09,"2021-03-26 13:00:02"
News,25.79,"2021-03-26 14:00:02"
News,25.62,"2021-03-26 15:00:02"
News,25.57,"2021-03-26 15:45:02"
News,25.73,"2021-03-26 16:15:03"
News,25.60,"2021-03-29 09:45:02"
News,25.13,"2021-03-29 11:00:05"
News,25.17,"2021-03-29 12:00:04"
News,25.22,"2021-03-29 13:00:05"
News,24.97,"2021-03-29 14:00:04"
News,24.93,"2021-03-29 15:00:05"
News,25.02,"2021-03-29 15:45:04"
News,25.03,"2021-03-29 16:15:03"
News,25.23,"2021-03-30 09:45:04"
News,25.53,"2021-03-30 11:00:02"
News,25.57,"2021-03-30 12:00:02"
News,25.60,"2021-03-30 13:00:04"
News,25.49,"2021-03-30 14:00:03"
News,25.77,"2021-03-30 15:00:07"
News,25.75,"2021-03-30 15:45:03"
News,25.69,"2021-03-30 16:15:04"
News,26.03,"2021-03-31 09:45:04"
News,25.84,"2021-03-31 11:00:02"
News,25.91,"2021-03-31 12:00:02"
News,25.73,"2021-03-31 13:00:03"
News,25.70,"2021-03-31 14:00:04"
News,25.66,"2021-03-31 15:00:04"
News,25.53,"2021-03-31 15:45:03"
News,25.43,"2021-03-31 16:15:02"
News,25.35,"2021-04-01 09:45:02"
News,25.34,"2021-04-01 11:00:03"
News,25.51,"2021-04-01 12:00:03"
News,25.63,"2021-04-01 13:00:03"
News,25.81,"2021-04-01 14:00:02"
News,25.98,"2021-04-01 15:00:04"
News,25.95,"2021-04-01 15:45:04"
News,26.06,"2021-04-01 16:15:02"
News,26.20,"2021-04-02 09:45:03"
News,26.20,"2021-04-02 11:00:03"
News,26.20,"2021-04-02 12:00:04"
News,26.20,"2021-04-02 13:00:04"
News,26.20,"2021-04-02 14:00:04"
News,26.20,"2021-04-02 15:00:04"
News,26.20,"2021-04-02 15:45:03"
News,26.20,"2021-04-02 16:15:02"
News,26.08,"2021-04-05 09:45:02"
News,26.33,"2021-04-05 11:00:03"
News,26.26,"2021-04-05 12:00:02"
News,26.47,"2021-04-05 13:00:03"
News,26.52,"2021-04-05 14:00:03"
News,26.40,"2021-04-05 15:00:04"
News,26.38,"2021-04-05 15:45:03"
News,26.42,"2021-04-05 16:15:03"
News,26.63,"2021-04-06 09:45:02"
News,26.68,"2021-04-06 11:00:03"
News,26.43,"2021-04-06 12:00:02"
News,26.36,"2021-04-06 13:00:01"
News,26.49,"2021-04-06 14:00:03"
News,26.45,"2021-04-06 15:00:03"
News,26.49,"2021-04-06 15:45:02"
News,26.56,"2021-04-06 16:15:02"
News,26.58,"2021-04-07 09:45:04"
News,26.59,"2021-04-07 11:00:04"
News,26.41,"2021-04-07 12:00:03"
News,26.59,"2021-04-07 13:00:03"
News,26.50,"2021-04-07 14:00:04"
News,26.46,"2021-04-07 15:00:02"
News,26.36,"2021-04-07 15:45:03"
News,26.42,"2021-04-07 16:15:03"
News,26.26,"2021-04-08 09:45:02"
News,26.30,"2021-04-08 11:00:05"
News,26.46,"2021-04-08 12:00:05"
News,26.52,"2021-04-08 13:00:05"
News,26.51,"2021-04-08 14:00:02"
News,26.63,"2021-04-08 15:00:03"
News,26.73,"2021-04-08 15:45:03"
News,26.72,"2021-04-08 16:15:03"
News,26.64,"2021-04-09 09:45:03"
News,26.57,"2021-04-09 11:00:02"
News,26.70,"2021-04-09 12:00:05"
News,26.67,"2021-04-09 13:00:04"
News,26.77,"2021-04-09 14:00:05"
News,26.67,"2021-04-09 15:00:02"
News,26.69,"2021-04-09 15:45:04"
News,26.68,"2021-04-09 16:15:03"
News,26.73,"2021-04-12 09:45:04"
News,26.82,"2021-04-12 11:00:03"
News,26.81,"2021-04-12 12:00:02"
News,26.91,"2021-04-12 13:00:03"
News,26.89,"2021-04-12 14:00:03"
News,26.76,"2021-04-12 15:00:02"
News,26.71,"2021-04-12 15:45:02"
News,26.75,"2021-04-12 16:15:03"
News,26.52,"2021-04-13 09:45:02"
News,26.58,"2021-04-13 11:00:02"
News,26.60,"2021-04-13 12:00:05"
News,26.43,"2021-04-13 13:00:02"
News,26.39,"2021-04-13 14:00:03"
News,26.20,"2021-04-13 15:00:02"
News,26.09,"2021-04-13 15:45:02"
News,26.14,"2021-04-13 16:15:03"
News,26.19,"2021-04-14 09:45:03"
News,26.60,"2021-04-14 11:00:02"
News,26.46,"2021-04-14 12:00:02"
News,26.50,"2021-04-14 13:00:02"
News,26.36,"2021-04-14 14:00:02"
News,26.38,"2021-04-14 15:00:05"
News,26.40,"2021-04-14 15:45:03"
News,26.41,"2021-04-14 16:15:03"
News,26.45,"2021-04-15 09:45:04"
News,26.52,"2021-04-15 11:00:02"
News,26.57,"2021-04-15 12:00:04"
News,26.72,"2021-04-15 13:00:03"
News,26.72,"2021-04-15 14:00:02"
News,26.75,"2021-04-15 15:00:02"
News,26.66,"2021-04-15 15:45:02"
News,26.61,"2021-04-15 16:15:04"
News,26.59,"2021-04-16 09:45:02"
News,26.88,"2021-04-16 11:00:02"
News,26.87,"2021-04-16 12:00:02"
News,26.79,"2021-04-16 13:00:04"
News,26.76,"2021-04-16 14:00:03"
News,26.78,"2021-04-16 15:00:03"
News,26.75,"2021-04-16 15:45:02"
News,26.70,"2021-04-16 16:15:03"
News,26.63,"2021-04-19 09:45:03"
News,26.63,"2021-04-19 11:00:05"
News,26.63,"2021-04-19 12:00:02"
News,26.64,"2021-04-19 13:00:02"
News,26.79,"2021-04-19 14:00:02"
News,26.76,"2021-04-19 15:00:03"
News,26.74,"2021-04-19 15:45:03"
News,26.74,"2021-04-19 16:15:04"
News,26.62,"2021-04-20 09:45:04"
News,26.30,"2021-04-20 11:00:07"
News,26.31,"2021-04-20 12:00:02"
News,26.29,"2021-04-20 13:00:02"
News,26.36,"2021-04-20 14:00:03"
News,26.30,"2021-04-20 15:00:03"
News,26.46,"2021-04-20 15:45:04"
News,26.49,"2021-04-20 16:15:03"
News,26.41,"2021-04-21 09:45:02"
News,26.92,"2021-04-21 11:00:05"
News,26.97,"2021-04-21 12:00:03"
News,26.95,"2021-04-21 13:00:02"
News,27.16,"2021-04-21 14:00:02"
News,27.16,"2021-04-21 15:00:03"
News,27.24,"2021-04-21 15:45:02"
News,27.32,"2021-04-21 16:15:03"
News,27.15,"2021-04-22 09:45:02"
News,27.17,"2021-04-22 11:00:02"
News,27.38,"2021-04-22 12:00:05"
News,27.46,"2021-04-22 13:00:04"
News,26.91,"2021-04-22 14:00:04"
News,27.01,"2021-04-22 15:00:04"
News,27.00,"2021-04-22 15:45:02"
News,26.89,"2021-04-22 16:15:02"
News,26.86,"2021-04-23 09:45:03"
News,26.71,"2021-04-23 11:00:02"
News,26.75,"2021-04-23 12:00:02"
News,26.87,"2021-04-23 13:00:02"
News,26.75,"2021-04-23 14:00:02"
News,26.75,"2021-04-23 15:00:07"
News,26.77,"2021-04-23 15:45:02"
News,26.65,"2021-04-23 16:15:02"
News,26.75,"2021-04-26 09:45:04"
News,26.68,"2021-04-26 11:00:06"
News,26.81,"2021-04-26 12:00:02"
News,26.68,"2021-04-26 13:00:04"
News,26.70,"2021-04-26 14:00:04"
News,26.70,"2021-04-26 15:00:03"
News,26.73,"2021-04-26 15:45:04"
News,26.75,"2021-04-26 16:15:02"
News,26.63,"2021-04-27 09:45:02"
News,26.74,"2021-04-27 11:00:02"
News,26.65,"2021-04-27 12:00:03"
News,26.52,"2021-04-27 13:00:03"
News,26.51,"2021-04-27 14:00:03"
News,26.47,"2021-04-27 15:00:02"
News,26.56,"2021-04-27 15:45:03"
News,26.45,"2021-04-27 16:15:02"
News,26.24,"2021-04-28 09:45:02"
News,26.37,"2021-04-28 11:00:03"
News,26.27,"2021-04-28 12:00:03"
News,26.33,"2021-04-28 13:00:02"
News,26.13,"2021-04-28 14:00:02"
News,26.03,"2021-04-28 15:00:03"
News,26.20,"2021-04-28 15:45:04"
News,26.02,"2021-04-28 16:15:04"
News,26.25,"2021-04-29 09:45:03"
News,26.24,"2021-04-29 11:00:02"
News,26.38,"2021-04-29 12:00:03"
News,26.40,"2021-04-29 13:00:02"
News,26.43,"2021-04-29 14:00:04"
News,26.55,"2021-04-29 15:00:05"
News,26.50,"2021-04-29 15:45:03"
News,26.52,"2021-04-29 16:15:04"
News,26.27,"2021-04-30 09:45:02"
News,26.14,"2021-04-30 11:00:03"
News,26.18,"2021-04-30 12:00:03"
News,26.07,"2021-04-30 13:00:03"
News,26.05,"2021-04-30 14:00:03"
News,26.04,"2021-04-30 15:00:05"
News,26.05,"2021-04-30 15:45:02"
News,26.20,"2021-04-30 16:15:03"
News,26.32,"2021-05-03 09:45:04"
News,26.35,"2021-05-03 11:00:02"
News,26.33,"2021-05-03 12:00:02"
News,26.38,"2021-05-03 13:00:03"
News,26.32,"2021-05-03 14:00:02"
News,26.40,"2021-05-03 15:00:02"
News,26.43,"2021-05-03 15:45:03"
News,26.36,"2021-05-03 16:15:02"
News,25.80,"2021-05-04 09:45:02"
News,25.63,"2021-05-04 11:00:02"
News,25.31,"2021-05-04 12:00:11"
News,25.28,"2021-05-04 13:00:02"
News,25.44,"2021-05-04 14:00:03"
News,25.46,"2021-05-04 15:00:03"
News,25.41,"2021-05-04 15:45:03"
News,25.51,"2021-05-04 16:15:03"
News,25.90,"2021-05-05 09:45:03"
News,26.13,"2021-05-05 11:00:03"
News,26.15,"2021-05-05 12:00:04"
News,26.09,"2021-05-05 13:00:02"
News,26.24,"2021-05-05 14:00:01"
News,26.31,"2021-05-05 15:00:02"
News,26.13,"2021-05-05 15:45:03"
News,26.12,"2021-05-05 16:15:03"
News,25.92,"2021-05-06 09:45:03"
News,25.82,"2021-05-06 11:00:02"
News,25.94,"2021-05-06 12:00:03"
News,25.97,"2021-05-06 13:00:03"
News,25.92,"2021-05-06 14:00:02"
News,25.74,"2021-05-06 15:00:03"
News,25.88,"2021-05-06 15:45:02"
News,26.00,"2021-05-06 16:15:03"
News,27.63,"2021-05-07 09:45:04"
News,27.39,"2021-05-07 11:00:02"
News,27.34,"2021-05-07 12:00:05"
News,27.48,"2021-05-07 13:00:03"
News,27.50,"2021-05-07 14:00:03"
News,27.42,"2021-05-07 15:00:06"
News,27.43,"2021-05-07 15:45:03"
News,27.44,"2021-05-07 16:15:03"
News,27.10,"2021-05-10 09:45:03"
News,27.53,"2021-05-10 11:00:03"
News,27.78,"2021-05-10 12:00:02"
News,27.90,"2021-05-10 13:00:03"
News,27.72,"2021-05-10 14:00:03"
News,27.52,"2021-05-10 15:00:03"
News,27.56,"2021-05-10 15:45:02"
News,27.44,"2021-05-10 16:15:03"
News,25.52,"2021-07-11 11:55:15"
News,25.37,"2021-07-12 09:45:02"
News,25.48,"2021-07-12 11:00:03"
News,25.73,"2021-07-12 12:00:03"
News,25.70,"2021-07-12 13:00:04"
News,25.77,"2021-07-12 14:00:03"
News,25.91,"2021-07-12 15:00:04"
News,25.83,"2021-07-12 15:45:02"
News,25.83,"2021-07-12 16:15:03"
News,25.71,"2021-07-13 09:45:04"
News,25.47,"2021-07-13 11:00:02"
News,25.53,"2021-07-13 12:00:03"
News,25.44,"2021-07-13 13:00:03"
News,25.40,"2021-07-13 14:00:04"
News,25.28,"2021-07-13 15:00:02"
News,25.27,"2021-07-13 15:45:02"
News,25.35,"2021-07-13 16:15:02"
News,25.46,"2021-07-14 09:45:04"
News,25.27,"2021-07-14 11:00:05"
News,25.10,"2021-07-14 12:00:05"
News,25.23,"2021-07-14 13:00:02"
News,25.20,"2021-07-14 14:00:02"
News,25.13,"2021-07-14 15:00:02"
News,24.96,"2021-07-14 15:45:03"
News,25.00,"2021-07-14 16:15:03"
News,24.95,"2021-07-15 09:45:03"
News,25.07,"2021-07-15 11:00:02"
News,25.20,"2021-07-15 12:00:02"
News,25.07,"2021-07-15 13:00:03"
News,24.91,"2021-07-15 14:00:02"
News,24.94,"2021-07-15 15:00:03"
News,24.87,"2021-07-15 15:45:03"
News,24.91,"2021-07-15 16:15:02"
News,25.00,"2021-07-16 09:45:02"
News,24.74,"2021-07-16 11:00:04"
News,24.74,"2021-07-16 12:00:03"
News,24.60,"2021-07-16 13:00:04"
News,24.45,"2021-07-16 14:00:03"
News,24.29,"2021-07-16 15:00:03"
News,24.23,"2021-07-16 15:45:03"
News,24.22,"2021-07-16 16:15:03"
News,23.97,"2021-07-19 09:45:03"
News,23.85,"2021-07-19 11:00:04"
News,24.16,"2021-07-19 12:00:03"
News,23.86,"2021-07-19 13:00:03"
News,23.73,"2021-07-19 14:00:03"
News,23.81,"2021-07-19 15:00:02"
News,23.82,"2021-07-19 15:45:03"
News,23.88,"2021-07-19 16:15:03"
News,23.66,"2021-07-20 09:45:02"
News,23.93,"2021-07-20 11:00:02"
News,23.99,"2021-07-20 12:00:02"
News,24.17,"2021-07-20 13:00:02"
News,24.20,"2021-07-20 14:00:03"
News,24.30,"2021-07-20 15:00:04"
News,24.33,"2021-07-20 15:45:03"
News,24.32,"2021-07-20 16:15:03"
News,24.63,"2021-07-21 09:45:02"
News,24.49,"2021-07-21 11:00:03"
News,24.63,"2021-07-21 12:00:02"
News,24.64,"2021-07-21 13:00:04"
News,24.65,"2021-07-21 14:00:03"
News,24.58,"2021-07-21 15:00:04"
News,24.57,"2021-07-21 15:45:03"
News,24.61,"2021-07-21 16:15:02"
News,24.39,"2021-07-22 09:45:02"
News,24.28,"2021-07-22 11:00:02"
News,24.38,"2021-07-22 13:00:02"
News,24.41,"2021-07-22 14:00:02"
News,24.50,"2021-07-22 15:00:03"
News,24.41,"2021-07-22 15:45:02"
News,24.41,"2021-07-22 16:15:02"
News,24.55,"2021-07-23 09:45:04"
News,24.51,"2021-07-23 11:00:03"
News,24.48,"2021-07-23 12:00:03"
News,24.65,"2021-07-23 13:00:03"
News,24.72,"2021-07-23 14:00:02"
News,24.75,"2021-07-23 15:00:02"
News,24.73,"2021-07-23 15:45:03"
News,24.76,"2021-07-23 16:15:02"
News,25.14,"2021-07-26 09:45:02"
News,24.95,"2021-07-26 11:00:02"
News,24.80,"2021-07-26 12:00:02"
News,24.73,"2021-07-26 13:00:03"
News,24.73,"2021-07-26 14:00:02"
News,24.71,"2021-07-26 15:00:02"
News,24.78,"2021-07-26 15:45:03"
News,24.80,"2021-07-26 16:15:03"
News,24.62,"2021-07-27 09:45:02"
News,24.74,"2021-07-27 11:00:03"
News,24.62,"2021-07-27 12:00:02"
News,24.60,"2021-07-27 13:00:03"
News,24.65,"2021-07-27 14:00:04"
News,24.67,"2021-07-27 15:00:03"
News,24.63,"2021-07-27 15:45:02"
News,24.72,"2021-07-27 16:15:03"
News,24.79,"2021-07-28 09:45:04"
News,24.63,"2021-07-28 11:00:02"
News,24.71,"2021-07-28 12:00:02"
News,24.66,"2021-07-28 13:00:03"
News,24.68,"2021-07-28 14:00:03"
News,24.83,"2021-07-28 15:00:01"
News,24.76,"2021-07-28 15:45:03"
News,24.75,"2021-07-28 16:15:02"
News,24.82,"2021-07-29 09:45:03"
News,24.83,"2021-07-29 11:00:02"
News,24.85,"2021-07-29 12:00:02"
News,24.76,"2021-07-29 13:00:04"
News,24.74,"2021-07-29 14:00:02"
News,24.69,"2021-07-29 15:00:03"
News,24.66,"2021-07-29 15:45:04"
News,24.58,"2021-07-29 16:15:03"
News,24.60,"2021-07-30 09:45:03"
News,24.68,"2021-07-30 11:00:03"
News,24.62,"2021-07-30 12:00:03"
News,24.69,"2021-07-30 13:00:01"
News,24.68,"2021-07-30 14:00:03"
News,24.66,"2021-07-30 15:00:03"
News,24.57,"2021-07-30 15:45:03"
News,24.63,"2021-07-30 16:15:02"
News,24.89,"2021-08-02 09:45:03"
News,24.80,"2021-08-02 11:00:02"
News,24.71,"2021-08-02 12:00:03"
News,24.84,"2021-08-02 13:00:02"
News,24.80,"2021-08-02 14:00:03"
News,24.79,"2021-08-02 15:00:02"
News,24.77,"2021-08-02 15:45:02"
News,24.74,"2021-08-02 16:15:03"
News,24.15,"2021-08-03 09:45:02"
News,23.96,"2021-08-03 11:00:02"
News,24.24,"2021-08-03 12:00:02"
News,24.16,"2021-08-03 13:00:02"
News,24.03,"2021-08-03 14:00:03"
News,24.05,"2021-08-03 15:00:02"
News,24.04,"2021-08-03 15:45:03"
News,24.07,"2021-08-03 16:15:03"
News,24.57,"2021-08-04 09:45:02"
News,24.55,"2021-08-04 11:00:03"
News,24.39,"2021-08-04 12:00:04"
News,24.34,"2021-08-04 13:00:03"
News,24.30,"2021-08-04 14:00:02"
News,24.42,"2021-08-04 15:00:02"
News,24.35,"2021-08-04 15:45:02"
News,24.33,"2021-08-04 16:15:03"
News,24.52,"2021-08-05 09:45:04"
News,24.64,"2021-08-05 11:00:04"
News,24.67,"2021-08-05 12:00:03"
News,24.62,"2021-08-05 13:00:03"
News,24.77,"2021-08-05 14:00:03"
News,24.76,"2021-08-05 15:00:02"
News,24.87,"2021-08-05 15:45:02"
News,24.85,"2021-08-05 16:15:03"
News,25.26,"2021-08-06 09:45:04"
News,25.03,"2021-08-06 11:00:03"
News,24.89,"2021-08-06 12:00:03"
News,24.94,"2021-08-06 13:00:02"
News,24.99,"2021-08-06 14:00:03"
News,24.98,"2021-08-06 15:00:04"
News,24.79,"2021-08-06 15:45:03"
News,24.94,"2021-08-06 16:15:04"
News,24.27,"2021-08-09 09:45:02"
News,24.43,"2021-08-09 11:00:02"
News,24.52,"2021-08-09 12:00:03"
News,24.53,"2021-08-09 13:00:03"
News,24.50,"2021-08-09 14:00:04"
News,24.51,"2021-08-09 15:00:02"
News,24.45,"2021-08-09 15:45:04"
News,24.41,"2021-08-09 16:15:04"
News,24.27,"2021-08-10 09:45:03"
News,24.27,"2021-08-10 11:00:02"
News,24.41,"2021-08-10 12:00:02"
News,24.33,"2021-08-10 13:00:03"
News,24.31,"2021-08-10 14:00:04"
News,24.25,"2021-08-10 15:00:03"
News,24.27,"2021-08-10 15:45:03"
News,24.28,"2021-08-10 16:15:02"
News,24.02,"2021-08-11 09:45:03"
News,24.11,"2021-08-11 11:00:03"
News,23.88,"2021-08-11 12:00:03"
News,23.93,"2021-08-11 13:00:04"
News,24.11,"2021-08-11 14:00:02"
News,24.12,"2021-08-11 15:00:03"
News,24.21,"2021-08-11 15:45:04"
News,24.18,"2021-08-11 16:15:02"
News,24.04,"2021-08-12 09:45:03"
News,24.07,"2021-08-12 11:00:03"
News,24.07,"2021-08-12 12:00:01"
News,24.09,"2021-08-12 13:00:03"
News,24.06,"2021-08-12 14:00:02"
News,24.11,"2021-08-12 15:00:03"
News,24.03,"2021-08-12 15:45:04"
News,23.97,"2021-08-12 16:15:03"
News,23.87,"2021-08-13 09:45:02"
News,23.63,"2021-08-13 11:00:02"
News,23.57,"2021-08-13 12:00:03"
News,23.70,"2021-08-13 13:00:04"
News,23.67,"2021-08-13 14:00:02"
News,23.56,"2021-08-13 15:00:03"
News,23.53,"2021-08-13 15:45:03"
News,23.51,"2021-08-13 16:15:02"
News,23.19,"2021-08-16 09:45:02"
News,23.51,"2021-08-16 11:00:02"
News,23.60,"2021-08-16 12:00:03"
News,23.65,"2021-08-16 13:00:04"
News,23.60,"2021-08-16 14:00:03"
News,23.60,"2021-08-16 15:00:02"
News,23.59,"2021-08-16 15:45:01"
News,23.60,"2021-08-16 16:15:03"
News,23.37,"2021-08-17 09:45:02"
News,23.41,"2021-08-17 11:00:03"
News,23.10,"2021-08-17 12:00:04"
News,22.93,"2021-08-17 13:00:04"
News,23.01,"2021-08-17 14:00:03"
News,23.06,"2021-08-17 15:00:04"
News,22.95,"2021-08-17 15:45:04"
News,22.99,"2021-08-17 16:15:02"
News,22.91,"2021-08-18 09:45:03"
News,22.86,"2021-08-18 11:00:04"
News,22.81,"2021-08-18 12:00:03"
News,22.72,"2021-08-18 13:00:03"
News,22.71,"2021-08-18 14:00:03"
News,22.57,"2021-08-18 15:00:04"
News,22.34,"2021-08-18 15:45:04"
News,22.18,"2021-08-18 16:15:03"
News,22.10,"2021-08-19 09:45:02"
News,22.02,"2021-08-19 11:00:02"
News,21.95,"2021-08-19 12:00:04"
News,22.06,"2021-08-19 13:00:04"
News,21.90,"2021-08-19 14:00:04"
News,21.89,"2021-08-19 15:00:03"
News,21.93,"2021-08-19 15:45:04"
News,21.87,"2021-08-19 16:15:02"
News,21.81,"2021-08-20 09:45:02"
News,21.98,"2021-08-20 11:00:04"
News,22.05,"2021-08-20 12:00:03"
News,22.15,"2021-08-20 13:00:03"
News,22.03,"2021-08-20 14:00:02"
News,22.03,"2021-08-20 15:00:02"
News,22.06,"2021-08-20 15:45:04"
News,22.10,"2021-08-20 16:15:03"
News,22.27,"2021-08-23 09:45:02"
News,22.39,"2021-08-23 11:00:03"
News,22.40,"2021-08-23 12:00:03"
News,22.41,"2021-08-23 13:00:03"
News,22.41,"2021-08-23 14:00:04"
News,22.42,"2021-08-23 15:00:04"
News,22.39,"2021-08-23 15:45:03"
News,22.38,"2021-08-23 16:15:08"
News,22.47,"2021-08-24 09:45:04"
News,22.35,"2021-08-24 11:00:03"
News,22.31,"2021-08-24 12:00:02"
News,22.31,"2021-08-24 13:00:02"
News,22.35,"2021-08-24 14:00:04"
News,22.40,"2021-08-24 15:00:03"
News,22.32,"2021-08-24 15:45:03"
News,22.32,"2021-08-24 16:15:03"
News,22.23,"2021-08-25 09:45:03"
News,22.41,"2021-08-25 11:00:03"
News,22.51,"2021-08-25 12:00:02"
News,22.56,"2021-08-25 13:00:03"
News,22.63,"2021-08-25 14:00:04"
News,22.63,"2021-08-25 15:00:03"
News,22.60,"2021-08-25 15:45:04"
News,22.58,"2021-08-25 16:15:08"
News,22.57,"2021-08-26 09:45:03"
News,22.48,"2021-08-26 11:00:02"
News,22.56,"2021-08-26 12:00:04"
News,22.52,"2021-08-26 13:00:03"
News,22.54,"2021-08-26 14:00:03"
News,22.42,"2021-08-26 15:00:04"
News,22.38,"2021-08-26 15:45:03"
News,22.36,"2021-08-26 16:15:08"
News,22.55,"2021-08-27 09:45:03"
News,22.66,"2021-08-27 11:00:03"
News,22.72,"2021-08-27 12:00:04"
News,22.67,"2021-08-27 13:00:04"
News,22.72,"2021-08-27 14:00:04"
News,22.73,"2021-08-27 15:00:03"
News,22.73,"2021-08-27 15:45:04"
News,22.74,"2021-08-27 16:15:03"
News,22.62,"2021-08-30 09:45:02"
News,22.55,"2021-08-30 11:00:03"
News,22.54,"2021-08-30 12:00:03"
News,22.52,"2021-08-30 13:00:03"
News,22.55,"2021-08-30 14:00:03"
News,22.51,"2021-08-30 15:00:02"
News,22.37,"2021-08-30 15:45:03"
News,22.37,"2021-08-30 16:15:03"
News,22.59,"2021-08-31 09:45:03"
News,22.39,"2021-08-31 11:00:04"
News,22.46,"2021-08-31 12:00:03"
News,22.45,"2021-08-31 13:00:02"
News,22.50,"2021-08-31 14:00:02"
News,22.58,"2021-08-31 15:00:03"
News,22.50,"2021-08-31 15:45:03"
News,22.47,"2021-08-31 16:15:12"
News,22.71,"2021-09-01 09:45:03"
News,22.90,"2021-09-01 11:00:04"
News,22.89,"2021-09-01 12:00:02"
News,22.98,"2021-09-01 13:00:03"
News,22.91,"2021-09-01 14:00:03"
News,22.91,"2021-09-01 15:00:03"
News,22.76,"2021-09-01 15:45:02"
News,22.82,"2021-09-01 16:15:02"
News,23.05,"2021-09-02 09:45:04"
News,22.87,"2021-09-02 11:00:03"
News,22.86,"2021-09-02 12:00:03"
News,22.76,"2021-09-02 13:00:02"
News,22.68,"2021-09-02 14:00:02"
News,22.65,"2021-09-02 15:00:03"
News,22.60,"2021-09-02 15:45:05"
News,22.65,"2021-09-02 16:15:02"
News,22.56,"2021-09-03 09:45:02"
News,22.56,"2021-09-03 11:00:03"
News,22.47,"2021-09-03 12:00:03"
News,22.42,"2021-09-03 13:00:03"
News,22.46,"2021-09-03 14:00:03"
News,22.46,"2021-09-03 15:00:02"
News,22.49,"2021-09-03 15:45:03"
News,22.56,"2021-09-03 16:15:02"
News,22.56,"2021-09-06 09:45:03"
News,22.56,"2021-09-06 11:00:02"
News,22.56,"2021-09-06 12:00:03"
News,22.56,"2021-09-06 13:00:03"
News,22.56,"2021-09-06 14:00:03"
News,22.56,"2021-09-06 15:00:02"
News,22.56,"2021-09-06 15:45:04"
News,22.56,"2021-09-06 16:15:09"
News,22.65,"2021-09-07 09:45:03"
News,22.43,"2021-09-07 11:00:03"
News,22.38,"2021-09-07 12:00:03"
News,22.39,"2021-09-07 13:00:03"
News,22.44,"2021-09-07 14:00:03"
News,22.39,"2021-09-07 15:00:03"
News,22.25,"2021-09-07 15:45:03"
News,22.20,"2021-09-07 16:15:09"
News,22.12,"2021-09-08 09:45:03"
News,21.77,"2021-09-08 11:00:03"
News,21.76,"2021-09-08 12:00:03"
News,21.89,"2021-09-08 13:00:02"
News,21.99,"2021-09-08 14:00:03"
News,22.02,"2021-09-08 15:00:02"
News,22.10,"2021-09-08 15:45:03"
News,22.09,"2021-09-08 16:15:09"
News,22.20,"2021-09-09 09:45:03"
News,22.37,"2021-09-09 11:00:03"
News,22.27,"2021-09-09 12:00:03"
News,22.25,"2021-09-09 13:00:04"
News,22.09,"2021-09-09 14:00:04"
News,22.07,"2021-09-09 15:00:02"
News,22.05,"2021-09-09 15:45:04"
News,22.05,"2021-09-09 16:15:14"
News,22.26,"2021-09-10 09:45:02"
News,22.01,"2021-09-10 11:00:03"
News,22.12,"2021-09-10 12:00:03"
News,22.12,"2021-09-10 13:00:03"
News,22.13,"2021-09-10 14:00:03"
News,22.10,"2021-09-10 15:00:03"
News,21.95,"2021-09-10 15:45:03"
News,21.89,"2021-09-10 16:15:14"
News,21.97,"2021-09-13 09:45:04"
News,22.07,"2021-09-13 11:00:03"
News,21.97,"2021-09-13 12:00:02"
News,21.90,"2021-09-13 13:00:03"
News,21.82,"2021-09-13 14:00:02"
News,21.80,"2021-09-13 15:00:03"
News,21.81,"2021-09-13 15:45:04"
News,21.88,"2021-09-13 16:15:03"
News,21.94,"2021-09-14 09:45:03"
News,21.88,"2021-09-14 11:00:03"
News,22.07,"2021-09-14 12:00:03"
News,22.13,"2021-09-14 13:00:03"
News,22.19,"2021-09-14 14:00:06"
News,22.14,"2021-09-14 15:00:03"
News,22.03,"2021-09-14 15:45:02"
News,22.01,"2021-09-14 16:15:08"
News,21.92,"2021-09-15 09:45:03"
News,21.84,"2021-09-15 11:00:02"
News,21.77,"2021-09-15 12:00:04"
News,21.78,"2021-09-15 13:00:04"
News,21.84,"2021-09-15 14:00:03"
News,21.82,"2021-09-15 15:00:03"
News,21.96,"2021-09-15 15:45:02"
News,21.97,"2021-09-15 16:15:14"
News,22.18,"2021-09-16 09:45:04"
News,22.48,"2021-09-16 11:00:03"
News,22.60,"2021-09-16 12:00:04"
News,22.58,"2021-09-16 13:00:03"
News,22.54,"2021-09-16 14:00:03"
News,22.57,"2021-09-16 15:00:04"
News,22.49,"2021-09-16 15:45:03"
News,22.47,"2021-09-16 16:15:09"
News,22.38,"2021-09-17 09:45:03"
News,22.34,"2021-09-17 11:00:03"
News,22.28,"2021-09-17 12:00:03"
News,22.32,"2021-09-17 13:00:04"
News,22.20,"2021-09-17 14:00:03"
News,22.20,"2021-09-17 15:00:02"
News,22.28,"2021-09-17 15:45:03"
News,22.35,"2021-09-17 16:15:05"
News,22.35,"2021-09-20 09:45:09"
News,21.86,"2021-09-20 11:00:03"
News,21.76,"2021-09-20 12:00:04"
News,21.66,"2021-09-20 13:00:06"
News,21.78,"2021-09-20 14:00:03"
News,21.68,"2021-09-20 15:00:02"
News,21.79,"2021-09-20 15:45:03"
News,21.86,"2021-09-20 16:15:08"
News,22.40,"2021-09-21 09:45:04"
News,22.27,"2021-09-21 11:00:03"
News,22.27,"2021-09-21 12:00:04"
News,22.18,"2021-09-21 13:00:08"
News,22.12,"2021-09-21 14:00:04"
News,22.20,"2021-09-21 15:00:03"
News,22.27,"2021-09-21 15:45:03"
News,23.08,"2021-09-22 09:45:03"
News,22.82,"2021-09-22 11:00:02"
News,23.11,"2021-09-22 12:00:02"
News,23.05,"2021-09-22 13:00:04"
News,22.86,"2021-09-22 14:00:04"
News,23.08,"2021-09-22 15:00:04"
News,23.21,"2021-09-22 15:45:04"
News,23.12,"2021-09-22 16:15:04"
News,23.64,"2021-09-23 09:45:04"
News,23.83,"2021-09-23 11:00:02"
News,23.98,"2021-09-23 12:00:04"
News,23.96,"2021-09-23 13:00:04"
News,24.08,"2021-09-23 14:00:02"
News,24.03,"2021-09-23 15:00:03"
News,24.11,"2021-09-23 15:45:04"
News,24.01,"2021-09-23 16:15:02"
News,23.96,"2021-09-24 09:45:04"
News,24.07,"2021-09-24 11:00:03"
News,24.13,"2021-09-24 12:00:03"
News,24.24,"2021-09-24 13:00:03"
News,24.19,"2021-09-24 14:00:03"
News,24.35,"2021-09-24 15:00:03"
News,24.47,"2021-09-24 15:45:03"
News,24.47,"2021-09-24 16:15:09"
News,24.18,"2021-09-27 09:45:03"
News,24.25,"2021-09-27 11:00:02"
News,24.27,"2021-09-27 12:00:02"
News,24.23,"2021-09-27 13:00:04"
News,24.27,"2021-09-27 14:00:04"
News,24.11,"2021-09-27 15:00:04"
News,24.18,"2021-09-27 15:45:03"
News,24.19,"2021-09-27 16:15:03"
News,24.22,"2021-09-28 09:45:02"
News,23.98,"2021-09-28 11:00:03"
News,24.07,"2021-09-28 12:00:03"
News,24.07,"2021-09-28 13:00:03"
News,24.13,"2021-09-28 14:00:02"
News,24.25,"2021-09-28 15:00:04"
News,24.04,"2021-09-28 15:45:03"
News,23.92,"2021-09-28 16:15:08"
News,23.90,"2021-09-29 09:45:04"
News,23.90,"2021-09-29 11:00:03"
News,23.97,"2021-09-29 12:00:02"
News,23.91,"2021-09-29 13:00:04"
News,23.86,"2021-09-29 14:00:04"
News,23.96,"2021-09-29 15:00:03"
News,23.92,"2021-09-29 15:45:03"
News,23.81,"2021-09-29 16:15:08"
News,23.80,"2021-09-30 09:45:03"
News,23.43,"2021-09-30 11:00:03"
News,23.56,"2021-09-30 12:00:04"
News,23.54,"2021-09-30 13:00:03"
News,23.68,"2021-09-30 14:00:04"
News,23.79,"2021-09-30 15:00:02"
News,23.69,"2021-09-30 15:45:03"
News,23.53,"2021-09-30 16:15:03"
News,23.54,"2021-10-01 09:45:02"
News,23.52,"2021-10-01 11:00:03"
News,23.63,"2021-10-01 12:00:04"
News,23.64,"2021-10-01 13:00:03"
News,23.75,"2021-10-01 14:00:03"
News,23.82,"2021-10-01 15:00:03"
News,23.77,"2021-10-01 15:45:04"
News,23.72,"2021-10-01 16:15:08"
News,23.74,"2021-10-04 09:45:02"
News,23.46,"2021-10-04 11:00:04"
News,23.42,"2021-10-04 12:00:02"
News,23.37,"2021-10-04 13:00:03"
News,23.31,"2021-10-04 14:00:04"
News,23.49,"2021-10-04 15:00:03"
News,23.43,"2021-10-04 15:45:04"
News,23.45,"2021-10-04 16:15:02"
News,23.53,"2021-10-05 09:45:04"
News,23.97,"2021-10-05 11:00:02"
News,23.82,"2021-10-05 12:00:04"
News,23.79,"2021-10-05 13:00:01"
News,23.76,"2021-10-05 14:00:04"
News,23.80,"2021-10-05 15:00:03"
News,23.85,"2021-10-05 15:45:03"
News,23.78,"2021-10-05 16:15:04"
News,23.62,"2021-10-06 09:45:04"
News,23.39,"2021-10-06 11:00:03"
News,23.59,"2021-10-06 12:00:03"
News,23.50,"2021-10-06 13:00:03"
News,23.70,"2021-10-06 14:00:03"
News,23.72,"2021-10-06 15:00:03"
News,23.64,"2021-10-06 15:45:04"
News,23.59,"2021-10-06 16:15:03"
News,23.92,"2021-10-07 09:45:02"
News,24.11,"2021-10-07 11:00:03"
News,24.14,"2021-10-07 12:00:02"
News,24.09,"2021-10-07 13:00:02"
News,24.14,"2021-10-07 14:00:03"
News,24.12,"2021-10-07 15:00:03"
News,24.11,"2021-10-07 15:45:03"
News,24.06,"2021-10-07 16:15:02"
News,24.24,"2021-10-08 09:45:02"
News,24.40,"2021-10-08 11:00:04"
News,24.24,"2021-10-08 12:00:03"
News,24.31,"2021-10-08 13:00:03"
News,24.20,"2021-10-08 14:00:03"
News,24.22,"2021-10-08 15:00:03"
News,24.07,"2021-10-08 15:45:03"
News,24.08,"2021-10-08 16:15:04"
News,24.03,"2021-10-11 09:45:02"
News,24.23,"2021-10-11 11:00:02"
News,24.26,"2021-10-11 12:00:03"
News,24.13,"2021-10-11 13:00:03"
News,24.07,"2021-10-11 14:00:03"
News,24.13,"2021-10-11 15:00:03"
News,23.99,"2021-10-11 15:45:02"
News,23.97,"2021-10-11 16:15:03"
News,23.95,"2021-10-12 09:45:02"
News,24.10,"2021-10-12 11:00:02"
News,24.00,"2021-10-12 12:00:03"
News,23.92,"2021-10-12 13:00:04"
News,23.91,"2021-10-12 14:00:03"
News,23.94,"2021-10-12 15:00:03"
News,23.85,"2021-10-12 15:45:03"
News,23.88,"2021-10-12 16:15:02"
News,23.96,"2021-10-13 09:45:04"
News,24.09,"2021-10-13 11:00:03"
News,23.92,"2021-10-13 12:00:03"
News,23.92,"2021-10-13 13:00:04"
News,23.91,"2021-10-13 14:00:03"
News,23.78,"2021-10-13 15:00:03"
News,23.74,"2021-10-13 15:45:04"
News,23.69,"2021-10-13 16:15:02"
News,23.78,"2021-10-14 09:45:03"
News,24.10,"2021-10-14 11:00:03"
News,24.02,"2021-10-14 12:00:03"
News,23.96,"2021-10-14 13:00:04"
News,23.98,"2021-10-14 14:00:03"
News,24.06,"2021-10-14 15:00:04"
News,24.03,"2021-10-14 15:45:03"
News,24.06,"2021-10-14 16:15:03"
News,24.10,"2021-10-15 09:45:02"
News,24.11,"2021-10-15 11:00:02"
News,24.06,"2021-10-15 12:00:02"
News,24.06,"2021-10-15 13:00:04"
News,24.08,"2021-10-15 14:00:05"
News,24.07,"2021-10-15 15:00:05"
News,24.00,"2021-10-15 15:45:04"
News,23.90,"2021-10-15 16:15:04"
News,23.68,"2021-10-18 09:45:03"
News,23.75,"2021-10-18 11:00:05"
News,23.80,"2021-10-18 12:00:02"
News,23.68,"2021-10-18 13:00:05"
News,23.59,"2021-10-18 14:00:05"
News,23.58,"2021-10-18 15:00:02"
News,23.56,"2021-10-18 15:45:05"
News,23.55,"2021-10-18 16:15:05"
News,23.80,"2021-10-19 09:45:04"
News,23.69,"2021-10-19 11:00:02"
News,23.73,"2021-10-19 12:00:04"
News,23.68,"2021-10-19 13:00:04"
News,23.75,"2021-10-19 14:00:05"
News,23.69,"2021-10-19 15:00:02"
News,23.65,"2021-10-19 15:45:05"
News,23.70,"2021-10-19 16:15:05"
News,23.64,"2021-10-20 09:45:03"
News,23.73,"2021-10-20 11:00:04"
News,23.62,"2021-10-20 12:00:04"
News,23.63,"2021-10-20 13:00:05"
News,23.63,"2021-10-20 14:00:04"
News,23.64,"2021-10-20 15:00:04"
News,23.79,"2021-10-20 15:45:04"
News,23.80,"2021-10-20 16:15:04"
News,23.85,"2021-10-21 09:45:04"
News,23.92,"2021-10-21 11:00:05"
News,23.73,"2021-10-21 12:00:04"
News,23.79,"2021-10-21 13:00:05"
News,23.72,"2021-10-21 14:00:05"
News,23.75,"2021-10-21 15:00:04"
News,23.76,"2021-10-21 15:45:04"
News,23.82,"2021-10-21 16:15:05"
News,23.93,"2021-10-22 09:45:03"
News,23.98,"2021-10-22 11:00:02"
News,23.97,"2021-10-22 12:00:04"
News,24.02,"2021-10-22 13:00:03"
News,24.10,"2021-10-22 14:00:03"
News,24.13,"2021-10-22 15:00:03"
News,24.05,"2021-10-22 15:45:05"
News,24.07,"2021-10-22 16:15:03"
News,24.11,"2021-10-25 09:45:05"
News,24.29,"2021-10-25 11:00:05"
News,24.31,"2021-10-25 12:00:02"
News,24.25,"2021-10-25 13:00:05"
News,24.26,"2021-10-25 14:00:05"
News,24.22,"2021-10-25 15:00:02"
News,24.13,"2021-10-25 15:45:04"
News,24.10,"2021-10-26 09:45:05"
News,24.08,"2021-10-26 11:00:04"
News,23.97,"2021-10-26 12:00:05"
News,23.90,"2021-10-26 13:00:03"
News,23.93,"2021-10-26 14:00:05"
News,23.96,"2021-10-26 15:00:03"
News,23.98,"2021-10-26 15:45:03"
News,23.99,"2021-10-26 16:15:08"
News,23.53,"2021-10-27 09:45:05"
News,22.78,"2021-10-27 11:00:02"
News,22.89,"2021-10-27 12:00:04"
News,23.02,"2021-10-27 13:00:05"
News,23.10,"2021-10-27 14:00:06"
News,23.09,"2021-10-27 15:00:05"
News,23.00,"2021-10-27 15:45:03"
News,22.96,"2021-10-27 16:15:06"
News,22.99,"2021-10-28 09:45:05"
News,23.11,"2021-10-28 11:00:04"
News,23.03,"2021-10-28 12:00:05"
News,23.00,"2021-10-28 13:00:04"
News,23.11,"2021-10-28 14:00:05"
News,23.16,"2021-10-28 15:00:05"
News,23.11,"2021-10-28 15:45:02"
News,23.15,"2021-10-28 16:15:09"
News,23.08,"2021-10-29 09:45:04"
News,22.85,"2021-10-29 11:00:05"
News,23.00,"2021-10-29 12:00:05"
News,22.94,"2021-10-29 13:00:04"
News,22.84,"2021-10-29 14:00:05"
News,22.79,"2021-10-29 15:00:04"
News,22.91,"2021-10-29 15:45:05"
News,22.90,"2021-10-29 16:15:09"
News,23.13,"2021-11-01 09:45:05"
News,23.24,"2021-11-01 11:00:03"
News,23.25,"2021-11-01 12:00:03"
News,23.44,"2021-11-01 13:00:02"
News,23.40,"2021-11-01 14:00:02"
News,23.37,"2021-11-01 15:00:02"
News,23.44,"2021-11-01 15:45:05"
News,23.52,"2021-11-01 16:15:05"
News,23.25,"2021-11-02 09:45:05"
News,23.56,"2021-11-02 11:00:02"
News,23.50,"2021-11-02 12:00:03"
News,23.49,"2021-11-02 13:00:05"
News,23.53,"2021-11-02 14:00:02"
News,23.55,"2021-11-02 15:00:05"
News,23.46,"2021-11-02 15:45:03"
News,23.52,"2021-11-02 16:15:03"
News,23.13,"2021-11-03 09:45:05"
News,23.46,"2021-11-03 11:00:05"
News,23.39,"2021-11-03 12:00:04"
News,23.33,"2021-11-03 13:00:03"
News,23.17,"2021-11-03 14:00:02"
News,23.45,"2021-11-03 15:00:05"
News,23.40,"2021-11-03 15:45:03"
News,23.34,"2021-11-03 16:15:05"
News,23.25,"2021-11-04 09:45:04"
News,23.25,"2021-11-04 11:00:02"
News,23.12,"2021-11-04 12:00:05"
News,23.29,"2021-11-04 13:00:02"
News,23.40,"2021-11-04 14:00:02"
News,23.34,"2021-11-04 15:00:05"
News,23.39,"2021-11-04 15:45:02"
News,23.47,"2021-11-04 16:15:05"
News,24.82,"2021-11-05 09:45:05"
News,23.87,"2021-11-05 11:00:03"
News,24.09,"2021-11-05 12:00:03"
News,23.92,"2021-11-05 13:00:05"
News,24.24,"2021-11-05 14:00:05"
News,24.19,"2021-11-05 15:00:06"
News,24.34,"2021-11-05 15:45:05"
News,24.37,"2021-11-05 16:15:04"
News,24.65,"2021-11-08 09:45:05"
News,24.19,"2021-11-08 11:00:04"
News,24.08,"2021-11-08 12:00:05"
News,24.08,"2021-11-08 13:00:05"
News,24.06,"2021-11-08 14:00:04"
News,24.02,"2021-11-08 15:00:03"
News,24.07,"2021-11-08 15:45:03"
News,24.04,"2021-11-08 16:15:15"
News,24.04,"2021-11-09 09:45:02"
News,23.58,"2021-11-09 11:00:02"
News,23.54,"2021-11-09 12:00:02"
News,23.57,"2021-11-09 13:00:02"
News,23.52,"2021-11-09 14:00:03"
News,23.57,"2021-11-09 15:00:03"
News,23.66,"2021-11-09 15:45:02"
News,23.73,"2021-11-09 16:15:09"
News,23.59,"2021-11-10 09:45:03"
News,23.70,"2021-11-10 11:00:04"
News,23.76,"2021-11-10 12:00:04"
News,23.69,"2021-11-10 13:00:04"
News,23.56,"2021-11-10 14:00:04"
News,23.47,"2021-11-10 15:00:04"
News,23.49,"2021-11-10 15:45:03"
News,23.50,"2021-11-10 16:15:09"
News,23.60,"2021-11-11 09:45:03"
News,23.74,"2021-11-11 11:00:04"
News,23.73,"2021-11-11 12:00:03"
News,23.73,"2021-11-11 13:00:03"
News,23.77,"2021-11-11 14:00:03"
News,23.74,"2021-11-11 15:00:03"
News,23.73,"2021-11-11 15:45:03"
News,23.60,"2021-11-11 16:15:09"
News,23.81,"2021-11-12 09:45:02"
News,23.77,"2021-11-12 11:00:04"
News,23.85,"2021-11-12 12:00:04"
News,23.87,"2021-11-12 13:00:03"
News,23.81,"2021-11-12 14:00:03"
News,23.76,"2021-11-12 15:00:02"
News,23.82,"2021-11-12 15:45:03"
News,23.81,"2021-11-12 16:15:03"
News,23.90,"2021-11-15 09:45:04"
News,23.78,"2021-11-15 11:00:04"
News,23.69,"2021-11-15 12:00:04"
News,23.62,"2021-11-15 13:00:03"
News,23.58,"2021-11-15 14:00:04"
News,23.55,"2021-11-15 15:00:02"
News,23.48,"2021-11-15 15:45:03"
News,23.46,"2021-11-15 16:15:09"
News,23.58,"2021-11-16 09:45:04"
News,23.40,"2021-11-16 11:00:03"
News,23.59,"2021-11-16 12:00:03"
News,23.65,"2021-11-16 13:00:04"
News,23.62,"2021-11-16 14:00:04"
News,23.60,"2021-11-16 15:00:04"
News,23.62,"2021-11-16 15:45:03"
News,23.63,"2021-11-16 16:15:04"
News,23.45,"2021-11-17 09:45:03"
News,23.20,"2021-11-17 11:00:04"
News,23.18,"2021-11-17 12:00:03"
News,23.36,"2021-11-17 13:00:04"
News,23.34,"2021-11-17 14:00:03"
News,23.38,"2021-11-17 15:00:03"
News,23.41,"2021-11-17 15:45:03"
News,23.41,"2021-11-17 16:15:08"
News,23.44,"2021-11-18 09:45:03"
News,23.20,"2021-11-18 11:00:03"
News,23.26,"2021-11-18 12:00:04"
News,23.19,"2021-11-18 13:00:03"
News,23.20,"2021-11-18 14:00:04"
News,23.29,"2021-11-18 15:00:03"
News,23.24,"2021-11-18 15:45:03"
News,23.22,"2021-11-18 16:15:01"
News,22.99,"2021-11-19 09:45:03"
News,22.68,"2021-11-19 11:00:03"
News,22.43,"2021-11-19 12:00:04"
News,22.47,"2021-11-19 13:00:04"
News,22.31,"2021-11-19 14:00:03"
News,22.18,"2021-11-19 15:00:04"
News,22.14,"2021-11-19 15:45:04"
News,22.13,"2021-11-19 16:15:08"
News,22.07,"2021-11-22 09:45:03"
News,22.51,"2021-11-22 11:00:02"
News,22.47,"2021-11-22 12:00:04"
News,22.43,"2021-11-22 13:00:03"
News,22.60,"2021-11-22 14:00:04"
News,22.70,"2021-11-22 15:00:02"
News,22.60,"2021-11-22 15:45:03"
News,22.44,"2021-11-22 16:15:02"
News,22.48,"2021-11-23 09:45:03"
News,22.22,"2021-11-23 11:00:03"
News,22.17,"2021-11-23 12:00:03"
News,22.09,"2021-11-23 13:00:02"
News,22.19,"2021-11-23 14:00:03"
News,22.12,"2021-11-23 15:00:02"
News,22.19,"2021-11-23 15:45:04"
News,22.15,"2021-11-23 16:15:04"
News,21.76,"2021-11-24 09:45:03"
News,21.88,"2021-11-24 11:00:02"
News,21.94,"2021-11-24 12:00:03"
News,21.99,"2021-11-24 13:00:04"
News,21.96,"2021-11-24 14:00:02"
News,21.89,"2021-11-24 15:00:03"
News,22.01,"2021-11-24 15:45:02"
News,21.98,"2021-11-24 16:15:03"
News,21.98,"2021-11-25 09:45:02"
News,21.98,"2021-11-25 11:00:02"
News,21.98,"2021-11-25 12:00:02"
News,21.98,"2021-11-25 13:00:03"
News,21.98,"2021-11-25 14:00:03"
News,21.98,"2021-11-25 15:00:02"
News,21.98,"2021-11-25 15:45:03"
News,21.98,"2021-11-25 16:15:03"
News,21.37,"2021-11-26 09:45:03"
News,21.57,"2021-11-26 11:00:03"
News,21.48,"2021-11-26 12:00:04"
News,21.39,"2021-11-26 13:00:03"
News,21.45,"2021-11-26 14:00:04"
News,21.45,"2021-11-26 15:00:03"
News,21.45,"2021-11-26 15:45:03"
News,21.45,"2021-11-26 16:15:03"
News,21.51,"2021-11-29 09:45:04"
News,21.38,"2021-11-29 11:00:02"
News,21.45,"2021-11-29 12:00:04"
News,21.69,"2021-11-29 13:00:03"
News,21.77,"2021-11-29 14:00:03"
News,21.88,"2021-11-29 15:00:03"
News,21.96,"2021-11-29 15:45:03"
News,21.82,"2021-11-29 16:15:03"
News,21.45,"2021-11-30 09:45:04"
News,21.76,"2021-11-30 11:00:03"
News,21.54,"2021-11-30 12:00:03"
News,21.62,"2021-11-30 13:00:04"
News,21.69,"2021-11-30 14:00:02"
News,21.52,"2021-11-30 15:00:04"
News,21.50,"2021-11-30 15:45:04"
News,21.62,"2021-11-30 16:15:03"
News,21.96,"2021-12-01 09:45:03"
News,21.97,"2021-12-01 11:00:03"
News,21.76,"2021-12-01 12:00:03"
News,21.53,"2021-12-01 13:00:04"
News,21.57,"2021-12-01 14:00:04"
News,21.45,"2021-12-01 15:00:03"
News,21.33,"2021-12-01 15:45:09"
News,21.09,"2021-12-01 16:15:02"
News,21.31,"2021-12-02 09:45:03"
News,21.36,"2021-12-02 11:00:03"
News,21.44,"2021-12-02 12:00:02"
News,21.44,"2021-12-02 13:00:03"
News,21.55,"2021-12-02 14:00:03"
News,21.62,"2021-12-02 15:00:04"
News,21.75,"2021-12-02 15:45:02"
News,21.70,"2021-12-02 16:15:04"
News,21.73,"2021-12-03 09:45:05"
News,21.52,"2021-12-03 11:00:02"
News,21.54,"2021-12-03 12:00:05"
News,21.64,"2021-12-03 13:00:03"
News,21.70,"2021-12-03 14:00:04"
News,21.60,"2021-12-03 15:00:04"
News,21.65,"2021-12-03 15:45:03"
News,21.76,"2021-12-03 16:15:03"
News,21.84,"2021-12-06 09:45:02"
News,21.86,"2021-12-06 11:00:05"
News,21.76,"2021-12-06 12:00:03"
News,21.80,"2021-12-06 13:00:02"
News,21.88,"2021-12-06 14:00:05"
News,21.95,"2021-12-06 15:00:03"
News,21.91,"2021-12-06 15:45:04"
News,21.89,"2021-12-06 16:15:06"
News,22.10,"2021-12-07 09:45:02"
News,22.25,"2021-12-07 11:00:03"
News,22.14,"2021-12-07 12:00:05"
News,22.22,"2021-12-07 13:00:03"
News,22.15,"2021-12-07 14:00:03"
News,22.11,"2021-12-07 15:00:02"
News,22.08,"2021-12-07 15:45:05"
News,21.99,"2021-12-07 16:15:03"
News,22.18,"2021-12-08 09:45:04"
News,22.18,"2021-12-08 11:00:03"
News,22.29,"2021-12-08 12:00:05"
News,22.30,"2021-12-08 13:00:04"
News,22.38,"2021-12-08 14:00:05"
News,22.35,"2021-12-08 15:00:05"
News,22.30,"2021-12-08 15:45:04"
News,22.17,"2021-12-08 16:15:03"
News,22.08,"2021-12-09 09:45:03"
News,22.02,"2021-12-09 11:00:03"
News,21.95,"2021-12-09 12:00:03"
News,21.93,"2021-12-09 13:00:03"
News,21.89,"2021-12-09 14:00:03"
News,21.79,"2021-12-09 15:00:04"
News,21.83,"2021-12-09 15:45:03"
News,21.77,"2021-12-09 16:15:03"
News,21.83,"2021-12-10 09:45:02"
News,21.68,"2021-12-10 11:00:04"
News,21.65,"2021-12-10 12:00:04"
News,21.59,"2021-12-10 13:00:03"
News,21.81,"2021-12-10 14:00:04"
News,21.89,"2021-12-10 15:00:03"
News,21.88,"2021-12-10 15:45:03"
News,21.86,"2021-12-10 16:15:02"
News,21.65,"2021-12-13 09:45:05"
News,21.48,"2021-12-13 11:00:04"
News,21.43,"2021-12-13 12:00:05"
News,21.49,"2021-12-13 13:00:04"
News,21.60,"2021-12-13 14:00:03"
News,21.57,"2021-12-13 15:00:03"
