Sysco,79.52,"2021-03-01 03:06:50"
Sysco,80.44,"2021-03-01 13:01:32"
Sysco,80.71,"2021-03-01 13:35:30"
Sysco,80.76,"2021-03-01 13:56:54"
Sysco,80.85,"2021-03-01 14:00:05"
Sysco,80.84,"2021-03-01 15:00:06"
Sysco,80.91,"2021-03-01 15:45:03"
Sysco,80.91,"2021-03-01 16:15:04"
Sysco,80.95,"2021-03-02 09:45:05"
Sysco,80.86,"2021-03-02 11:00:04"
Sysco,80.60,"2021-03-02 12:00:06"
Sysco,80.50,"2021-03-02 13:00:07"
Sysco,80.67,"2021-03-02 14:00:04"
Sysco,81.02,"2021-03-02 15:00:05"
Sysco,80.49,"2021-03-02 15:45:04"
Sysco,80.03,"2021-03-02 16:15:03"
Sysco,80.75,"2021-03-03 09:45:04"
Sysco,81.84,"2021-03-03 11:00:06"
Sysco,82.23,"2021-03-03 12:00:02"
Sysco,81.89,"2021-03-03 13:00:06"
Sysco,81.92,"2021-03-03 14:00:06"
Sysco,81.84,"2021-03-03 15:00:05"
Sysco,81.98,"2021-03-03 15:45:03"
Sysco,81.65,"2021-03-03 16:15:03"
Sysco,81.56,"2021-03-04 09:45:02"
Sysco,80.07,"2021-03-04 11:00:04"
Sysco,79.97,"2021-03-04 12:00:07"
Sysco,79.20,"2021-03-04 13:00:06"
Sysco,78.39,"2021-03-04 14:00:06"
Sysco,79.60,"2021-03-04 15:00:06"
Sysco,79.37,"2021-03-04 15:45:03"
Sysco,79.42,"2021-03-04 16:15:03"
Sysco,80.16,"2021-03-05 09:45:03"
Sysco,79.88,"2021-03-05 11:00:06"
Sysco,79.09,"2021-03-05 12:00:05"
Sysco,80.40,"2021-03-05 13:00:09"
Sysco,80.94,"2021-03-05 14:00:05"
Sysco,81.30,"2021-03-05 15:00:05"
Sysco,81.71,"2021-03-05 15:45:03"
Sysco,80.94,"2021-03-05 16:15:02"
Sysco,82.53,"2021-03-08 09:45:02"
Sysco,82.54,"2021-03-08 11:00:07"
Sysco,82.29,"2021-03-08 12:00:07"
Sysco,82.56,"2021-03-08 13:00:03"
Sysco,81.93,"2021-03-08 14:00:03"
Sysco,82.27,"2021-03-08 15:00:06"
Sysco,82.15,"2021-03-08 15:45:02"
Sysco,81.70,"2021-03-08 16:15:03"
Sysco,79.48,"2021-03-09 09:45:03"
Sysco,80.62,"2021-03-09 11:00:07"
Sysco,80.82,"2021-03-09 12:00:08"
Sysco,80.57,"2021-03-09 13:00:04"
Sysco,80.59,"2021-03-09 14:00:02"
Sysco,80.00,"2021-03-09 15:00:02"
Sysco,79.59,"2021-03-09 15:45:02"
Sysco,79.36,"2021-03-09 16:15:02"
Sysco,80.22,"2021-03-10 09:45:04"
Sysco,79.76,"2021-03-10 11:00:03"
Sysco,79.97,"2021-03-10 12:00:03"
Sysco,80.16,"2021-03-10 13:00:02"
Sysco,80.80,"2021-03-10 14:00:04"
Sysco,81.26,"2021-03-10 15:00:05"
Sysco,81.22,"2021-03-10 15:45:02"
Sysco,81.23,"2021-03-10 16:15:03"
Sysco,81.24,"2021-03-11 09:45:03"
Sysco,81.37,"2021-03-11 11:00:04"
Sysco,81.32,"2021-03-11 12:00:02"
Sysco,80.98,"2021-03-11 13:00:03"
Sysco,80.63,"2021-03-11 14:00:02"
Sysco,81.04,"2021-03-11 15:00:02"
Sysco,81.09,"2021-03-11 15:45:03"
Sysco,79.80,"2021-03-11 16:15:02"
Sysco,82.44,"2021-03-12 09:45:04"
Sysco,82.70,"2021-03-12 11:00:04"
Sysco,82.69,"2021-03-12 12:00:03"
Sysco,82.55,"2021-03-12 13:00:03"
Sysco,82.80,"2021-03-12 14:00:01"
Sysco,83.15,"2021-03-12 15:00:05"
Sysco,83.24,"2021-03-12 15:45:02"
Sysco,83.40,"2021-03-12 16:15:02"
Sysco,83.63,"2021-03-15 09:45:04"
Sysco,83.36,"2021-03-15 11:00:03"
Sysco,83.15,"2021-03-15 12:00:03"
Sysco,83.21,"2021-03-15 13:00:02"
Sysco,82.93,"2021-03-15 14:00:03"
Sysco,82.91,"2021-03-15 15:00:04"
Sysco,83.00,"2021-03-15 15:45:03"
Sysco,83.24,"2021-03-15 16:15:03"
Sysco,82.58,"2021-03-16 09:45:03"
Sysco,81.04,"2021-03-16 11:00:01"
Sysco,80.89,"2021-03-16 12:00:04"
Sysco,80.50,"2021-03-16 13:00:03"
Sysco,80.60,"2021-03-16 14:00:03"
Sysco,80.57,"2021-03-16 15:00:04"
Sysco,80.52,"2021-03-16 15:45:03"
Sysco,80.45,"2021-03-16 16:15:02"
Sysco,81.85,"2021-03-17 09:45:02"
Sysco,80.54,"2021-03-17 11:00:03"
Sysco,80.98,"2021-03-17 12:00:05"
Sysco,80.77,"2021-03-17 13:00:04"
Sysco,80.52,"2021-03-17 14:00:04"
Sysco,80.81,"2021-03-17 15:00:03"
Sysco,80.55,"2021-03-17 15:45:04"
Sysco,80.76,"2021-03-17 16:15:02"
Sysco,80.40,"2021-03-18 09:45:04"
Sysco,79.76,"2021-03-18 11:00:03"
Sysco,80.01,"2021-03-18 12:00:03"
Sysco,80.28,"2021-03-18 13:00:02"
Sysco,80.44,"2021-03-18 14:00:03"
Sysco,79.42,"2021-03-18 15:00:04"
Sysco,78.87,"2021-03-18 15:45:03"
Sysco,78.82,"2021-03-18 16:15:03"
Sysco,77.76,"2021-03-19 09:45:02"
Sysco,78.76,"2021-03-19 11:00:03"
Sysco,80.11,"2021-03-19 12:00:02"
Sysco,80.37,"2021-03-19 13:00:04"
Sysco,80.45,"2021-03-19 14:00:07"
Sysco,80.38,"2021-03-19 15:00:03"
Sysco,80.26,"2021-03-19 15:45:03"
Sysco,79.61,"2021-03-19 16:15:04"
Sysco,79.34,"2021-03-22 09:45:04"
Sysco,78.19,"2021-03-22 11:00:01"
Sysco,78.05,"2021-03-22 12:00:03"
Sysco,78.42,"2021-03-22 13:00:03"
Sysco,78.42,"2021-03-22 14:00:04"
Sysco,78.38,"2021-03-22 15:00:02"
Sysco,78.44,"2021-03-22 15:45:04"
Sysco,78.60,"2021-03-22 16:15:02"
Sysco,77.93,"2021-03-23 09:45:04"
Sysco,76.51,"2021-03-23 11:00:02"
Sysco,77.31,"2021-03-23 12:00:03"
Sysco,77.92,"2021-03-23 13:00:02"
Sysco,77.98,"2021-03-23 14:00:02"
Sysco,77.24,"2021-03-23 15:00:01"
Sysco,77.47,"2021-03-23 15:45:04"
Sysco,77.78,"2021-03-23 16:15:02"
Sysco,79.23,"2021-03-24 09:45:03"
Sysco,79.84,"2021-03-24 11:00:04"
Sysco,79.35,"2021-03-24 12:00:04"
Sysco,79.22,"2021-03-24 13:00:04"
Sysco,78.79,"2021-03-24 14:00:03"
Sysco,78.35,"2021-03-24 15:00:02"
Sysco,77.97,"2021-03-24 15:45:03"
Sysco,77.65,"2021-03-24 16:15:03"
Sysco,77.20,"2021-03-25 09:45:03"
Sysco,77.56,"2021-03-25 11:00:05"
Sysco,78.28,"2021-03-25 12:00:03"
Sysco,79.11,"2021-03-25 13:00:02"
Sysco,78.80,"2021-03-25 14:00:02"
Sysco,79.25,"2021-03-25 15:00:02"
Sysco,79.63,"2021-03-25 15:45:03"
Sysco,79.59,"2021-03-25 16:15:04"
Sysco,80.11,"2021-03-26 09:45:04"
Sysco,80.26,"2021-03-26 11:00:03"
Sysco,80.23,"2021-03-26 12:00:04"
Sysco,80.73,"2021-03-26 13:00:01"
Sysco,80.32,"2021-03-26 14:00:02"
Sysco,80.11,"2021-03-26 15:00:02"
Sysco,80.08,"2021-03-26 15:45:02"
Sysco,80.63,"2021-03-26 16:15:02"
Sysco,80.51,"2021-03-29 09:45:03"
Sysco,79.25,"2021-03-29 11:00:05"
Sysco,78.70,"2021-03-29 12:00:04"
Sysco,78.83,"2021-03-29 13:00:06"
Sysco,78.66,"2021-03-29 14:00:04"
Sysco,79.13,"2021-03-29 15:00:04"
Sysco,79.26,"2021-03-29 15:45:04"
Sysco,79.03,"2021-03-29 16:15:03"
Sysco,79.34,"2021-03-30 09:45:04"
Sysco,80.17,"2021-03-30 11:00:03"
Sysco,80.06,"2021-03-30 12:00:02"
Sysco,79.96,"2021-03-30 13:00:02"
Sysco,79.81,"2021-03-30 14:00:04"
Sysco,80.08,"2021-03-30 15:00:06"
Sysco,79.99,"2021-03-30 15:45:03"
Sysco,79.89,"2021-03-30 16:15:02"
Sysco,79.68,"2021-03-31 09:45:03"
Sysco,79.59,"2021-03-31 11:00:02"
Sysco,79.45,"2021-03-31 12:00:03"
Sysco,79.24,"2021-03-31 13:00:05"
Sysco,79.18,"2021-03-31 14:00:03"
Sysco,79.28,"2021-03-31 15:00:03"
Sysco,79.22,"2021-03-31 15:45:02"
Sysco,78.74,"2021-03-31 16:15:02"
Sysco,78.42,"2021-04-01 09:45:02"
Sysco,78.14,"2021-04-01 11:00:04"
Sysco,78.51,"2021-04-01 12:00:03"
Sysco,78.57,"2021-04-01 13:00:03"
Sysco,78.15,"2021-04-01 14:00:02"
Sysco,78.20,"2021-04-01 15:00:04"
Sysco,77.83,"2021-04-01 15:45:04"
Sysco,78.06,"2021-04-01 16:15:02"
Sysco,77.50,"2021-04-02 09:45:03"
Sysco,77.50,"2021-04-02 11:00:03"
Sysco,77.50,"2021-04-02 12:00:04"
Sysco,77.50,"2021-04-02 13:00:02"
Sysco,77.50,"2021-04-02 14:00:02"
Sysco,77.50,"2021-04-02 15:00:03"
Sysco,77.50,"2021-04-02 15:45:03"
Sysco,77.50,"2021-04-02 16:15:03"
Sysco,79.28,"2021-04-05 09:45:02"
Sysco,78.64,"2021-04-05 11:00:02"
Sysco,78.88,"2021-04-05 12:00:03"
Sysco,78.73,"2021-04-05 13:00:03"
Sysco,79.02,"2021-04-05 14:00:02"
Sysco,79.12,"2021-04-05 15:00:03"
Sysco,79.42,"2021-04-05 15:45:02"
Sysco,79.28,"2021-04-05 16:15:03"
Sysco,80.03,"2021-04-06 09:45:03"
Sysco,81.20,"2021-04-06 11:00:03"
Sysco,81.49,"2021-04-06 12:00:04"
Sysco,81.62,"2021-04-06 13:00:03"
Sysco,81.97,"2021-04-06 14:00:04"
Sysco,81.71,"2021-04-06 15:00:03"
Sysco,81.24,"2021-04-06 15:45:02"
Sysco,81.25,"2021-04-06 16:15:03"
Sysco,81.38,"2021-04-07 09:45:02"
Sysco,81.11,"2021-04-07 11:00:02"
Sysco,80.81,"2021-04-07 12:00:04"
Sysco,81.16,"2021-04-07 13:00:03"
Sysco,80.81,"2021-04-07 14:00:03"
Sysco,80.68,"2021-04-07 15:00:03"
Sysco,80.59,"2021-04-07 15:45:03"
Sysco,80.65,"2021-04-07 16:15:03"
Sysco,80.10,"2021-04-08 09:45:04"
Sysco,79.89,"2021-04-08 11:00:05"
Sysco,80.24,"2021-04-08 12:00:03"
Sysco,80.42,"2021-04-08 13:00:02"
Sysco,80.11,"2021-04-08 14:00:02"
Sysco,80.40,"2021-04-08 15:00:03"
Sysco,80.50,"2021-04-08 15:45:03"
Sysco,80.61,"2021-04-08 16:15:03"
Sysco,81.34,"2021-04-09 09:45:03"
Sysco,80.68,"2021-04-09 11:00:05"
Sysco,80.30,"2021-04-09 12:00:05"
Sysco,80.22,"2021-04-09 13:00:03"
Sysco,80.23,"2021-04-09 14:00:05"
Sysco,80.47,"2021-04-09 15:00:06"
Sysco,80.77,"2021-04-09 15:45:03"
Sysco,80.86,"2021-04-09 16:15:03"
Sysco,81.08,"2021-04-12 09:45:04"
Sysco,81.09,"2021-04-12 11:00:04"
Sysco,81.49,"2021-04-12 12:00:02"
Sysco,81.70,"2021-04-12 13:00:03"
Sysco,81.32,"2021-04-12 14:00:03"
Sysco,81.21,"2021-04-12 15:00:06"
Sysco,81.57,"2021-04-12 15:45:02"
Sysco,81.57,"2021-04-12 16:15:02"
Sysco,80.01,"2021-04-13 09:45:02"
Sysco,80.76,"2021-04-13 11:00:02"
Sysco,80.46,"2021-04-13 12:00:05"
Sysco,80.20,"2021-04-13 13:00:02"
Sysco,80.68,"2021-04-13 14:00:05"
Sysco,80.45,"2021-04-13 15:00:07"
Sysco,80.58,"2021-04-13 15:45:03"
Sysco,80.48,"2021-04-13 16:15:03"
Sysco,80.89,"2021-04-14 09:45:03"
Sysco,81.36,"2021-04-14 11:00:04"
Sysco,81.24,"2021-04-14 12:00:02"
Sysco,81.12,"2021-04-14 13:00:02"
Sysco,80.94,"2021-04-14 14:00:02"
Sysco,80.65,"2021-04-14 15:00:02"
Sysco,80.58,"2021-04-14 15:45:03"
Sysco,80.53,"2021-04-14 16:15:02"
Sysco,80.76,"2021-04-15 09:45:02"
Sysco,80.83,"2021-04-15 11:00:02"
Sysco,80.87,"2021-04-15 12:00:05"
Sysco,80.63,"2021-04-15 13:00:03"
Sysco,80.53,"2021-04-15 14:00:03"
Sysco,80.31,"2021-04-15 15:00:02"
Sysco,80.38,"2021-04-15 15:45:02"
Sysco,81.74,"2021-04-15 16:15:04"
Sysco,81.34,"2021-04-16 09:45:02"
Sysco,80.44,"2021-04-16 11:00:02"
Sysco,80.53,"2021-04-16 12:00:02"
Sysco,80.73,"2021-04-16 13:00:03"
Sysco,80.71,"2021-04-16 14:00:03"
Sysco,80.90,"2021-04-16 15:00:03"
Sysco,80.66,"2021-04-16 15:45:03"
Sysco,80.56,"2021-04-16 16:15:02"
Sysco,81.06,"2021-04-19 09:45:02"
Sysco,80.22,"2021-04-19 11:00:03"
Sysco,80.56,"2021-04-19 12:00:07"
Sysco,80.62,"2021-04-19 13:00:02"
Sysco,80.86,"2021-04-19 14:00:03"
Sysco,81.14,"2021-04-19 15:00:02"
Sysco,80.94,"2021-04-19 15:45:03"
Sysco,81.08,"2021-04-19 16:15:04"
Sysco,80.21,"2021-04-20 09:45:04"
Sysco,79.33,"2021-04-20 11:00:02"
Sysco,80.08,"2021-04-20 12:00:02"
Sysco,80.35,"2021-04-20 13:00:04"
Sysco,79.85,"2021-04-20 14:00:03"
Sysco,79.57,"2021-04-20 15:00:02"
Sysco,80.17,"2021-04-20 15:45:02"
Sysco,80.31,"2021-04-20 16:15:03"
Sysco,81.05,"2021-04-21 09:45:02"
Sysco,82.03,"2021-04-21 11:00:06"
Sysco,82.04,"2021-04-21 12:00:02"
Sysco,82.23,"2021-04-21 13:00:02"
Sysco,82.31,"2021-04-21 14:00:04"
Sysco,82.16,"2021-04-21 15:00:02"
Sysco,82.30,"2021-04-21 15:45:03"
Sysco,82.40,"2021-04-21 16:15:02"
Sysco,82.33,"2021-04-22 09:45:04"
Sysco,82.28,"2021-04-22 11:00:03"
Sysco,82.65,"2021-04-22 12:00:05"
Sysco,83.05,"2021-04-22 13:00:04"
Sysco,82.15,"2021-04-22 14:00:03"
Sysco,82.65,"2021-04-22 15:00:02"
Sysco,82.32,"2021-04-22 15:45:01"
Sysco,82.38,"2021-04-22 16:15:02"
Sysco,82.23,"2021-04-23 09:45:03"
Sysco,82.87,"2021-04-23 11:00:08"
Sysco,83.27,"2021-04-23 12:00:04"
Sysco,82.96,"2021-04-23 13:00:02"
Sysco,82.76,"2021-04-23 14:00:03"
Sysco,83.03,"2021-04-23 15:00:02"
Sysco,83.06,"2021-04-23 15:45:02"
Sysco,82.64,"2021-04-23 16:15:02"
Sysco,82.58,"2021-04-26 09:45:02"
Sysco,81.79,"2021-04-26 11:00:02"
Sysco,82.05,"2021-04-26 12:00:06"
Sysco,82.12,"2021-04-26 13:00:04"
Sysco,82.42,"2021-04-26 14:00:04"
Sysco,82.46,"2021-04-26 15:00:02"
Sysco,82.35,"2021-04-26 15:45:02"
Sysco,82.28,"2021-04-26 16:15:02"
Sysco,83.08,"2021-04-27 09:45:02"
Sysco,83.89,"2021-04-27 11:00:03"
Sysco,83.84,"2021-04-27 12:00:02"
Sysco,83.29,"2021-04-27 13:00:03"
Sysco,83.25,"2021-04-27 14:00:02"
Sysco,83.51,"2021-04-27 15:00:02"
Sysco,83.52,"2021-04-27 15:45:02"
Sysco,84.68,"2021-04-27 16:15:02"
Sysco,83.77,"2021-04-28 09:45:03"
Sysco,84.04,"2021-04-28 11:00:04"
Sysco,84.24,"2021-04-28 12:00:03"
Sysco,84.04,"2021-04-28 13:00:02"
Sysco,83.59,"2021-04-28 14:00:02"
Sysco,83.47,"2021-04-28 15:00:03"
Sysco,83.37,"2021-04-28 15:45:02"
Sysco,83.24,"2021-04-28 16:15:04"
Sysco,83.86,"2021-04-29 09:45:04"
Sysco,84.31,"2021-04-29 11:00:05"
Sysco,83.71,"2021-04-29 12:00:04"
Sysco,83.59,"2021-04-29 13:00:02"
Sysco,83.75,"2021-04-29 14:00:03"
Sysco,83.90,"2021-04-29 15:00:02"
Sysco,83.93,"2021-04-29 15:45:01"
Sysco,83.38,"2021-04-29 16:15:02"
Sysco,85.02,"2021-04-30 09:45:02"
Sysco,84.10,"2021-04-30 11:00:03"
Sysco,84.39,"2021-04-30 12:00:05"
Sysco,84.62,"2021-04-30 13:00:03"
Sysco,84.53,"2021-04-30 14:00:04"
Sysco,84.91,"2021-04-30 15:00:02"
Sysco,84.75,"2021-04-30 15:45:02"
Sysco,84.73,"2021-04-30 16:15:03"
Sysco,85.02,"2021-05-03 09:45:03"
Sysco,84.30,"2021-05-03 11:00:04"
Sysco,84.21,"2021-05-03 12:00:02"
Sysco,84.29,"2021-05-03 13:00:02"
Sysco,84.45,"2021-05-03 14:00:03"
Sysco,84.77,"2021-05-03 15:00:02"
Sysco,84.25,"2021-05-03 15:45:02"
Sysco,84.04,"2021-05-03 16:15:03"
Sysco,82.65,"2021-05-04 09:45:02"
Sysco,82.70,"2021-05-04 11:00:03"
Sysco,82.81,"2021-05-04 12:00:10"
Sysco,82.54,"2021-05-04 13:00:02"
Sysco,82.87,"2021-05-04 14:00:03"
Sysco,82.89,"2021-05-04 15:00:04"
Sysco,83.11,"2021-05-04 15:45:04"
Sysco,83.18,"2021-05-04 16:15:02"
Sysco,83.12,"2021-05-05 09:45:02"
Sysco,82.78,"2021-05-05 11:00:03"
Sysco,83.35,"2021-05-05 12:00:02"
Sysco,83.95,"2021-05-05 13:00:02"
Sysco,83.52,"2021-05-05 14:00:03"
Sysco,83.18,"2021-05-05 15:00:03"
Sysco,83.06,"2021-05-05 15:45:03"
Sysco,83.56,"2021-05-05 16:15:03"
Sysco,83.29,"2021-05-06 09:45:02"
Sysco,83.79,"2021-05-06 11:00:02"
Sysco,84.90,"2021-05-06 12:00:03"
Sysco,84.62,"2021-05-06 13:00:01"
Sysco,85.28,"2021-05-06 14:00:02"
Sysco,85.30,"2021-05-06 15:00:03"
Sysco,85.39,"2021-05-06 15:45:02"
Sysco,85.38,"2021-05-06 16:15:03"
Sysco,85.13,"2021-05-07 09:45:03"
Sysco,85.91,"2021-05-07 11:00:03"
Sysco,86.36,"2021-05-07 12:00:05"
Sysco,86.66,"2021-05-07 13:00:03"
Sysco,86.19,"2021-05-07 14:00:03"
Sysco,85.86,"2021-05-07 15:00:06"
Sysco,86.22,"2021-05-07 15:45:03"
Sysco,86.27,"2021-05-07 16:15:03"
Sysco,86.07,"2021-05-10 09:45:04"
Sysco,85.81,"2021-05-10 11:00:03"
Sysco,86.08,"2021-05-10 12:00:03"
Sysco,85.86,"2021-05-10 13:00:03"
Sysco,86.00,"2021-05-10 14:00:03"
Sysco,85.68,"2021-05-10 15:00:03"
Sysco,86.01,"2021-05-10 15:45:03"
Sysco,85.67,"2021-05-10 16:15:03"
Sysco,76.77,"2021-07-11 11:55:30"
Sysco,75.26,"2021-07-12 09:45:02"
Sysco,75.26,"2021-07-12 11:00:04"
Sysco,75.32,"2021-07-12 12:00:04"
Sysco,75.11,"2021-07-12 13:00:04"
Sysco,75.24,"2021-07-12 14:00:03"
Sysco,75.27,"2021-07-12 15:00:03"
Sysco,75.02,"2021-07-12 15:45:02"
Sysco,75.23,"2021-07-12 16:15:03"
Sysco,74.71,"2021-07-13 09:45:03"
Sysco,74.11,"2021-07-13 11:00:04"
Sysco,74.19,"2021-07-13 12:00:03"
Sysco,73.53,"2021-07-13 13:00:03"
Sysco,74.01,"2021-07-13 14:00:03"
Sysco,73.45,"2021-07-13 15:00:04"
Sysco,73.26,"2021-07-13 15:45:03"
Sysco,73.40,"2021-07-13 16:15:02"
Sysco,74.32,"2021-07-14 09:45:02"
Sysco,73.70,"2021-07-14 11:00:03"
Sysco,73.29,"2021-07-14 12:00:03"
Sysco,73.60,"2021-07-14 13:00:03"
Sysco,73.53,"2021-07-14 14:00:03"
Sysco,73.46,"2021-07-14 15:00:03"
Sysco,73.36,"2021-07-14 15:45:02"
Sysco,73.22,"2021-07-14 16:15:03"
Sysco,72.87,"2021-07-15 09:45:02"
Sysco,72.43,"2021-07-15 11:00:02"
Sysco,72.52,"2021-07-15 12:00:02"
Sysco,72.39,"2021-07-15 13:00:03"
Sysco,72.18,"2021-07-15 14:00:02"
Sysco,72.48,"2021-07-15 15:00:02"
Sysco,72.55,"2021-07-15 15:45:02"
Sysco,73.01,"2021-07-15 16:15:02"
Sysco,72.82,"2021-07-16 09:45:02"
Sysco,72.21,"2021-07-16 11:00:02"
Sysco,72.20,"2021-07-16 12:00:03"
Sysco,72.21,"2021-07-16 13:00:04"
Sysco,71.72,"2021-07-16 14:00:03"
Sysco,71.39,"2021-07-16 15:00:03"
Sysco,71.82,"2021-07-16 15:45:02"
Sysco,71.58,"2021-07-16 16:15:03"
Sysco,69.16,"2021-07-19 09:45:03"
Sysco,69.77,"2021-07-19 11:00:04"
Sysco,70.29,"2021-07-19 12:00:03"
Sysco,69.98,"2021-07-19 13:00:03"
Sysco,69.73,"2021-07-19 14:00:02"
Sysco,69.95,"2021-07-19 15:00:02"
Sysco,70.14,"2021-07-19 15:45:02"
Sysco,69.98,"2021-07-19 16:15:03"
Sysco,71.07,"2021-07-20 09:45:04"
Sysco,72.24,"2021-07-20 11:00:02"
Sysco,72.71,"2021-07-20 12:00:03"
Sysco,73.02,"2021-07-20 13:00:02"
Sysco,72.68,"2021-07-20 14:00:02"
Sysco,72.88,"2021-07-20 15:00:02"
Sysco,72.97,"2021-07-20 15:45:03"
Sysco,72.67,"2021-07-20 16:15:02"
Sysco,73.79,"2021-07-21 09:45:02"
Sysco,73.41,"2021-07-21 11:00:02"
Sysco,73.50,"2021-07-21 12:00:02"
Sysco,73.50,"2021-07-21 13:00:03"
Sysco,73.38,"2021-07-21 14:00:02"
Sysco,73.39,"2021-07-21 15:00:04"
Sysco,73.32,"2021-07-21 15:45:01"
Sysco,73.27,"2021-07-21 16:15:02"
Sysco,72.52,"2021-07-22 09:45:02"
Sysco,72.14,"2021-07-22 11:00:02"
Sysco,72.18,"2021-07-22 13:00:02"
Sysco,72.30,"2021-07-22 14:00:02"
Sysco,72.28,"2021-07-22 15:00:03"
Sysco,71.99,"2021-07-22 15:45:02"
Sysco,71.96,"2021-07-22 16:15:03"
Sysco,72.71,"2021-07-23 09:45:04"
Sysco,72.30,"2021-07-23 11:00:02"
Sysco,72.37,"2021-07-23 12:00:03"
Sysco,72.73,"2021-07-23 13:00:03"
Sysco,73.12,"2021-07-23 14:00:02"
Sysco,73.02,"2021-07-23 15:00:03"
Sysco,73.01,"2021-07-23 15:45:02"
Sysco,72.87,"2021-07-23 16:15:01"
Sysco,72.75,"2021-07-26 09:45:04"
Sysco,73.25,"2021-07-26 11:00:03"
Sysco,72.99,"2021-07-26 12:00:03"
Sysco,72.94,"2021-07-26 13:00:04"
Sysco,72.89,"2021-07-26 14:00:02"
Sysco,73.23,"2021-07-26 15:00:02"
Sysco,73.34,"2021-07-26 15:45:04"
Sysco,73.32,"2021-07-26 16:15:04"
Sysco,72.90,"2021-07-27 09:45:03"
Sysco,73.64,"2021-07-27 11:00:03"
Sysco,73.79,"2021-07-27 12:00:02"
Sysco,73.50,"2021-07-27 13:00:03"
Sysco,73.38,"2021-07-27 14:00:03"
Sysco,73.49,"2021-07-27 15:00:04"
Sysco,73.42,"2021-07-27 15:45:02"
Sysco,73.53,"2021-07-27 16:15:03"
Sysco,74.33,"2021-07-28 09:45:04"
Sysco,73.28,"2021-07-28 11:00:02"
Sysco,73.77,"2021-07-28 12:00:02"
Sysco,73.38,"2021-07-28 13:00:02"
Sysco,73.50,"2021-07-28 14:00:04"
Sysco,73.91,"2021-07-28 15:00:03"
Sysco,73.73,"2021-07-28 15:45:03"
Sysco,73.65,"2021-07-28 16:15:02"
Sysco,74.79,"2021-07-29 09:45:02"
Sysco,75.56,"2021-07-29 11:00:03"
Sysco,75.89,"2021-07-29 12:00:02"
Sysco,75.77,"2021-07-29 13:00:03"
Sysco,75.55,"2021-07-29 14:00:02"
Sysco,75.20,"2021-07-29 15:00:03"
Sysco,75.07,"2021-07-29 15:45:03"
Sysco,75.08,"2021-07-29 16:15:02"
Sysco,75.39,"2021-07-30 09:45:02"
Sysco,74.27,"2021-07-30 11:00:02"
Sysco,74.37,"2021-07-30 12:00:02"
Sysco,74.34,"2021-07-30 13:00:02"
Sysco,74.30,"2021-07-30 14:00:03"
Sysco,74.12,"2021-07-30 15:00:03"
Sysco,74.16,"2021-07-30 15:45:02"
Sysco,74.20,"2021-07-30 16:15:02"
Sysco,75.36,"2021-08-02 09:45:03"
Sysco,74.19,"2021-08-02 11:00:02"
Sysco,73.39,"2021-08-02 12:00:02"
Sysco,73.54,"2021-08-02 13:00:03"
Sysco,73.70,"2021-08-02 14:00:03"
Sysco,73.47,"2021-08-02 15:00:02"
Sysco,73.51,"2021-08-02 15:45:02"
Sysco,73.18,"2021-08-02 16:15:02"
Sysco,72.30,"2021-08-03 09:45:02"
Sysco,71.80,"2021-08-03 11:00:03"
Sysco,72.24,"2021-08-03 12:00:02"
Sysco,71.97,"2021-08-03 13:00:02"
Sysco,72.03,"2021-08-03 14:00:03"
Sysco,71.82,"2021-08-03 15:00:04"
Sysco,72.52,"2021-08-03 15:45:02"
Sysco,72.56,"2021-08-03 16:15:03"
Sysco,72.21,"2021-08-04 09:45:02"
Sysco,71.72,"2021-08-04 11:00:03"
Sysco,71.61,"2021-08-04 12:00:02"
Sysco,71.54,"2021-08-04 13:00:03"
Sysco,71.43,"2021-08-04 14:00:02"
Sysco,71.47,"2021-08-04 15:00:02"
Sysco,71.81,"2021-08-04 15:45:02"
Sysco,71.75,"2021-08-04 16:15:03"
Sysco,72.83,"2021-08-05 09:45:02"
Sysco,72.60,"2021-08-05 11:00:02"
Sysco,72.85,"2021-08-05 12:00:02"
Sysco,72.59,"2021-08-05 13:00:02"
Sysco,73.18,"2021-08-05 14:00:02"
Sysco,73.06,"2021-08-05 15:00:03"
Sysco,73.26,"2021-08-05 15:45:04"
Sysco,73.52,"2021-08-05 16:15:03"
Sysco,74.33,"2021-08-06 09:45:02"
Sysco,73.86,"2021-08-06 11:00:04"
Sysco,73.66,"2021-08-06 12:00:04"
Sysco,73.87,"2021-08-06 13:00:02"
Sysco,74.00,"2021-08-06 14:00:03"
Sysco,73.79,"2021-08-06 15:00:03"
Sysco,73.89,"2021-08-06 15:45:03"
Sysco,73.92,"2021-08-06 16:15:03"
Sysco,74.84,"2021-08-09 09:45:02"
Sysco,73.39,"2021-08-09 11:00:02"
Sysco,73.56,"2021-08-09 12:00:03"
Sysco,73.62,"2021-08-09 13:00:02"
Sysco,73.55,"2021-08-09 14:00:03"
Sysco,73.78,"2021-08-09 15:00:03"
Sysco,73.47,"2021-08-09 15:45:04"
Sysco,73.45,"2021-08-09 16:15:02"
Sysco,76.01,"2021-08-10 09:45:03"
Sysco,77.71,"2021-08-10 11:00:02"
Sysco,78.14,"2021-08-10 12:00:03"
Sysco,78.12,"2021-08-10 13:00:03"
Sysco,78.24,"2021-08-10 14:00:03"
Sysco,78.33,"2021-08-10 15:00:02"
Sysco,78.11,"2021-08-10 15:45:02"
Sysco,78.00,"2021-08-10 16:15:03"
Sysco,78.06,"2021-08-11 09:45:02"
Sysco,78.31,"2021-08-11 11:00:02"
Sysco,78.24,"2021-08-11 12:00:04"
Sysco,78.28,"2021-08-11 13:00:02"
Sysco,78.51,"2021-08-11 14:00:02"
Sysco,78.53,"2021-08-11 15:00:03"
Sysco,78.22,"2021-08-11 15:45:03"
Sysco,78.16,"2021-08-11 16:15:03"
Sysco,78.14,"2021-08-12 09:45:03"
Sysco,78.15,"2021-08-12 11:00:03"
Sysco,78.42,"2021-08-12 12:00:03"
Sysco,78.72,"2021-08-12 13:00:02"
Sysco,78.67,"2021-08-12 14:00:03"
Sysco,78.60,"2021-08-12 15:00:03"
Sysco,78.68,"2021-08-12 15:45:04"
Sysco,78.78,"2021-08-12 16:15:03"
Sysco,78.83,"2021-08-13 09:45:02"
Sysco,79.58,"2021-08-13 11:00:03"
Sysco,79.56,"2021-08-13 12:00:03"
Sysco,79.29,"2021-08-13 13:00:03"
Sysco,79.63,"2021-08-13 14:00:03"
Sysco,79.30,"2021-08-13 15:00:04"
Sysco,79.36,"2021-08-13 15:45:03"
Sysco,79.44,"2021-08-13 16:15:02"
Sysco,79.01,"2021-08-16 09:45:02"
Sysco,79.30,"2021-08-16 11:00:03"
Sysco,79.32,"2021-08-16 12:00:02"
Sysco,79.22,"2021-08-16 13:00:03"
Sysco,79.53,"2021-08-16 14:00:04"
Sysco,79.39,"2021-08-16 15:00:03"
Sysco,78.99,"2021-08-16 15:45:02"
Sysco,79.33,"2021-08-16 16:15:03"
Sysco,78.95,"2021-08-17 09:45:02"
Sysco,78.74,"2021-08-17 11:00:04"
Sysco,79.09,"2021-08-17 12:00:04"
Sysco,78.94,"2021-08-17 13:00:02"
Sysco,78.91,"2021-08-17 14:00:03"
Sysco,78.94,"2021-08-17 15:00:04"
Sysco,78.68,"2021-08-17 15:45:03"
Sysco,78.67,"2021-08-17 16:15:02"
Sysco,78.06,"2021-08-18 09:45:03"
Sysco,78.10,"2021-08-18 11:00:03"
Sysco,78.15,"2021-08-18 12:00:02"
Sysco,77.75,"2021-08-18 13:00:02"
Sysco,77.86,"2021-08-18 14:00:03"
Sysco,77.40,"2021-08-18 15:00:02"
Sysco,77.21,"2021-08-18 15:45:04"
Sysco,76.94,"2021-08-18 16:15:03"
Sysco,76.90,"2021-08-19 09:45:03"
Sysco,75.14,"2021-08-19 11:00:03"
Sysco,75.05,"2021-08-19 12:00:03"
Sysco,75.41,"2021-08-19 13:00:04"
Sysco,74.90,"2021-08-19 14:00:03"
Sysco,75.13,"2021-08-19 15:00:03"
Sysco,75.35,"2021-08-19 15:45:03"
Sysco,75.55,"2021-08-19 16:15:08"
Sysco,75.24,"2021-08-20 09:45:02"
Sysco,75.62,"2021-08-20 11:00:04"
Sysco,76.16,"2021-08-20 12:00:03"
Sysco,76.85,"2021-08-20 13:00:03"
Sysco,76.94,"2021-08-20 14:00:03"
Sysco,76.92,"2021-08-20 15:00:03"
Sysco,76.76,"2021-08-20 15:45:03"
Sysco,76.82,"2021-08-20 16:15:08"
Sysco,77.22,"2021-08-23 09:45:02"
Sysco,76.47,"2021-08-23 11:00:04"
Sysco,76.55,"2021-08-23 12:00:03"
Sysco,76.92,"2021-08-23 13:00:03"
Sysco,77.34,"2021-08-23 14:00:04"
Sysco,77.66,"2021-08-23 15:00:04"
Sysco,77.72,"2021-08-23 15:45:03"
Sysco,77.56,"2021-08-23 16:15:14"
Sysco,78.01,"2021-08-24 09:45:04"
Sysco,78.02,"2021-08-24 11:00:02"
Sysco,78.26,"2021-08-24 12:00:03"
Sysco,78.34,"2021-08-24 13:00:03"
Sysco,78.43,"2021-08-24 14:00:02"
Sysco,78.54,"2021-08-24 15:00:03"
Sysco,78.55,"2021-08-24 15:45:04"
Sysco,78.45,"2021-08-24 16:15:02"
Sysco,78.72,"2021-08-25 09:45:03"
Sysco,79.12,"2021-08-25 11:00:03"
Sysco,79.15,"2021-08-25 12:00:03"
Sysco,79.15,"2021-08-25 13:00:04"
Sysco,79.13,"2021-08-25 14:00:04"
Sysco,79.11,"2021-08-25 15:00:03"
Sysco,79.26,"2021-08-25 15:45:04"
Sysco,79.15,"2021-08-25 16:15:08"
Sysco,78.76,"2021-08-26 09:45:03"
Sysco,78.91,"2021-08-26 11:00:03"
Sysco,78.98,"2021-08-26 12:00:03"
Sysco,79.05,"2021-08-26 13:00:03"
Sysco,79.16,"2021-08-26 14:00:03"
Sysco,79.03,"2021-08-26 15:00:04"
Sysco,79.04,"2021-08-26 15:45:02"
Sysco,79.02,"2021-08-26 16:15:02"
Sysco,79.12,"2021-08-27 09:45:02"
Sysco,79.71,"2021-08-27 11:00:02"
Sysco,79.81,"2021-08-27 12:00:03"
Sysco,80.14,"2021-08-27 13:00:03"
Sysco,80.01,"2021-08-27 14:00:03"
Sysco,80.30,"2021-08-27 15:00:03"
Sysco,80.41,"2021-08-27 15:45:04"
Sysco,80.25,"2021-08-27 16:15:09"
Sysco,79.28,"2021-08-30 09:45:02"
Sysco,78.97,"2021-08-30 11:00:02"
Sysco,79.16,"2021-08-30 12:00:03"
Sysco,79.28,"2021-08-30 13:00:04"
Sysco,79.47,"2021-08-30 14:00:03"
Sysco,79.50,"2021-08-30 15:00:03"
Sysco,79.17,"2021-08-30 15:45:03"
Sysco,78.80,"2021-08-30 16:15:03"
Sysco,79.27,"2021-08-31 09:45:03"
Sysco,79.53,"2021-08-31 11:00:04"
Sysco,79.66,"2021-08-31 12:00:04"
Sysco,79.36,"2021-08-31 13:00:04"
Sysco,79.37,"2021-08-31 14:00:04"
Sysco,79.63,"2021-08-31 15:00:04"
Sysco,79.74,"2021-08-31 15:45:03"
Sysco,79.65,"2021-08-31 16:15:08"
Sysco,78.91,"2021-09-01 09:45:02"
Sysco,79.21,"2021-09-01 11:00:03"
Sysco,79.06,"2021-09-01 12:00:02"
Sysco,79.22,"2021-09-01 13:00:02"
Sysco,79.02,"2021-09-01 14:00:04"
Sysco,78.90,"2021-09-01 15:00:03"
Sysco,78.75,"2021-09-01 15:45:03"
Sysco,78.99,"2021-09-01 16:15:03"
Sysco,79.51,"2021-09-02 09:45:03"
Sysco,79.23,"2021-09-02 11:00:02"
Sysco,78.87,"2021-09-02 12:00:03"
Sysco,78.53,"2021-09-02 13:00:03"
Sysco,78.09,"2021-09-02 14:00:03"
Sysco,78.26,"2021-09-02 15:00:04"
Sysco,78.09,"2021-09-02 15:45:05"
Sysco,78.13,"2021-09-02 16:15:08"
Sysco,77.88,"2021-09-03 09:45:03"
Sysco,77.45,"2021-09-03 11:00:03"
Sysco,77.52,"2021-09-03 12:00:03"
Sysco,77.36,"2021-09-03 13:00:03"
Sysco,77.51,"2021-09-03 14:00:03"
Sysco,77.39,"2021-09-03 15:00:03"
Sysco,77.30,"2021-09-03 15:45:03"
Sysco,77.35,"2021-09-03 16:15:03"
Sysco,77.29,"2021-09-06 09:45:03"
Sysco,77.29,"2021-09-06 11:00:03"
Sysco,77.29,"2021-09-06 12:00:03"
Sysco,77.29,"2021-09-06 13:00:02"
Sysco,77.29,"2021-09-06 14:00:04"
Sysco,77.29,"2021-09-06 15:00:02"
Sysco,77.29,"2021-09-06 15:45:03"
Sysco,77.29,"2021-09-06 16:15:08"
Sysco,76.50,"2021-09-07 09:45:02"
Sysco,76.76,"2021-09-07 11:00:02"
Sysco,76.72,"2021-09-07 12:00:03"
Sysco,77.03,"2021-09-07 13:00:02"
Sysco,77.12,"2021-09-07 14:00:02"
Sysco,77.08,"2021-09-07 15:00:03"
Sysco,77.16,"2021-09-07 15:45:04"
Sysco,77.14,"2021-09-07 16:15:09"
Sysco,77.35,"2021-09-08 09:45:03"
Sysco,76.12,"2021-09-08 11:00:04"
Sysco,76.15,"2021-09-08 12:00:03"
Sysco,76.75,"2021-09-08 13:00:02"
Sysco,76.46,"2021-09-08 14:00:03"
Sysco,76.65,"2021-09-08 15:00:02"
Sysco,76.49,"2021-09-08 15:45:03"
Sysco,76.41,"2021-09-08 16:15:09"
Sysco,76.03,"2021-09-09 09:45:03"
Sysco,76.63,"2021-09-09 11:00:03"
Sysco,76.92,"2021-09-09 12:00:04"
Sysco,77.55,"2021-09-09 13:00:04"
Sysco,77.36,"2021-09-09 14:00:03"
Sysco,77.61,"2021-09-09 15:00:02"
Sysco,78.13,"2021-09-09 15:45:03"
Sysco,77.97,"2021-09-09 16:15:09"
Sysco,78.13,"2021-09-10 09:45:02"
Sysco,77.29,"2021-09-10 11:00:04"
Sysco,77.82,"2021-09-10 12:00:03"
Sysco,77.60,"2021-09-10 13:00:04"
Sysco,77.46,"2021-09-10 14:00:04"
Sysco,77.22,"2021-09-10 15:00:02"
Sysco,76.75,"2021-09-10 15:45:10"
Sysco,76.84,"2021-09-13 09:45:03"
Sysco,77.33,"2021-09-13 11:00:03"
Sysco,76.99,"2021-09-13 12:00:02"
Sysco,76.66,"2021-09-13 13:00:03"
Sysco,76.56,"2021-09-13 14:00:03"
Sysco,76.81,"2021-09-13 15:00:03"
Sysco,76.91,"2021-09-13 15:45:03"
Sysco,76.87,"2021-09-13 16:15:03"
Sysco,76.85,"2021-09-14 09:45:04"
Sysco,75.66,"2021-09-14 11:00:03"
Sysco,75.73,"2021-09-14 12:00:04"
Sysco,75.75,"2021-09-14 13:00:03"
Sysco,75.76,"2021-09-14 14:00:06"
Sysco,75.45,"2021-09-14 15:00:02"
Sysco,75.49,"2021-09-14 15:45:02"
Sysco,75.78,"2021-09-14 16:15:08"
Sysco,75.45,"2021-09-15 09:45:04"
Sysco,75.51,"2021-09-15 11:00:03"
Sysco,75.51,"2021-09-15 12:00:04"
Sysco,75.55,"2021-09-15 13:00:04"
Sysco,75.68,"2021-09-15 14:00:03"
Sysco,75.85,"2021-09-15 15:00:03"
Sysco,76.25,"2021-09-15 15:45:03"
Sysco,76.27,"2021-09-15 16:15:14"
Sysco,76.75,"2021-09-16 09:45:03"
Sysco,76.73,"2021-09-16 11:00:02"
Sysco,76.96,"2021-09-16 12:00:03"
Sysco,77.05,"2021-09-16 13:00:02"
Sysco,76.99,"2021-09-16 14:00:03"
Sysco,77.08,"2021-09-16 15:00:02"
Sysco,76.79,"2021-09-16 15:45:02"
Sysco,76.76,"2021-09-16 16:15:09"
Sysco,76.72,"2021-09-17 09:45:03"
Sysco,76.04,"2021-09-17 11:00:03"
Sysco,75.89,"2021-09-17 12:00:02"
Sysco,75.76,"2021-09-17 13:00:04"
Sysco,75.59,"2021-09-17 14:00:04"
Sysco,75.62,"2021-09-17 15:00:02"
Sysco,75.83,"2021-09-17 15:45:03"
Sysco,76.09,"2021-09-17 16:15:04"
Sysco,75.73,"2021-09-20 09:45:04"
Sysco,75.56,"2021-09-20 11:00:02"
Sysco,75.67,"2021-09-20 12:00:04"
Sysco,75.59,"2021-09-20 13:00:06"
Sysco,75.67,"2021-09-20 14:00:02"
Sysco,75.40,"2021-09-20 15:00:02"
Sysco,75.95,"2021-09-20 15:45:04"
Sysco,76.14,"2021-09-20 16:15:03"
Sysco,76.81,"2021-09-21 09:45:04"
Sysco,76.66,"2021-09-21 11:00:02"
Sysco,76.77,"2021-09-21 12:00:04"
Sysco,76.54,"2021-09-21 13:00:04"
Sysco,76.59,"2021-09-21 14:00:04"
Sysco,76.60,"2021-09-21 15:00:04"
Sysco,76.64,"2021-09-21 15:45:03"
Sysco,76.47,"2021-09-21 16:15:13"
Sysco,77.20,"2021-09-22 09:45:02"
Sysco,77.40,"2021-09-22 11:00:03"
Sysco,77.23,"2021-09-22 12:00:02"
Sysco,77.51,"2021-09-22 13:00:03"
Sysco,77.30,"2021-09-22 14:00:03"
Sysco,77.31,"2021-09-22 15:00:03"
Sysco,77.66,"2021-09-22 15:45:04"
Sysco,77.70,"2021-09-22 16:15:04"
Sysco,78.76,"2021-09-23 09:45:04"
Sysco,79.91,"2021-09-23 11:00:03"
Sysco,80.21,"2021-09-23 12:00:02"
Sysco,80.36,"2021-09-23 13:00:03"
Sysco,80.36,"2021-09-23 14:00:03"
Sysco,79.94,"2021-09-23 15:00:05"
Sysco,79.96,"2021-09-23 15:45:05"
Sysco,79.79,"2021-09-23 16:15:03"
Sysco,80.24,"2021-09-24 09:45:04"
Sysco,80.38,"2021-09-24 11:00:03"
Sysco,80.67,"2021-09-24 12:00:03"
Sysco,80.59,"2021-09-24 13:00:03"
Sysco,80.60,"2021-09-24 14:00:03"
Sysco,80.79,"2021-09-24 15:00:03"
Sysco,80.87,"2021-09-24 15:45:03"
Sysco,80.48,"2021-09-24 16:15:09"
Sysco,81.24,"2021-09-27 09:45:02"
Sysco,82.23,"2021-09-27 11:00:03"
Sysco,82.38,"2021-09-27 12:00:02"
Sysco,82.13,"2021-09-27 13:00:04"
Sysco,82.04,"2021-09-27 14:00:04"
Sysco,81.89,"2021-09-27 15:00:03"
Sysco,81.59,"2021-09-27 15:45:02"
Sysco,81.66,"2021-09-27 16:15:09"
Sysco,82.31,"2021-09-28 09:45:02"
Sysco,81.49,"2021-09-28 11:00:02"
Sysco,81.25,"2021-09-28 12:00:03"
Sysco,81.07,"2021-09-28 13:00:03"
Sysco,80.84,"2021-09-28 14:00:02"
Sysco,80.84,"2021-09-28 15:00:03"
Sysco,80.82,"2021-09-28 15:45:03"
Sysco,80.70,"2021-09-28 16:15:08"
Sysco,80.49,"2021-09-29 09:45:04"
Sysco,81.45,"2021-09-29 11:00:04"
Sysco,81.59,"2021-09-29 12:00:03"
Sysco,81.50,"2021-09-29 13:00:04"
Sysco,81.40,"2021-09-29 14:00:05"
Sysco,81.52,"2021-09-29 15:00:03"
Sysco,81.35,"2021-09-29 15:45:02"
Sysco,80.93,"2021-09-29 16:15:08"
Sysco,80.06,"2021-09-30 09:45:03"
Sysco,79.90,"2021-09-30 11:00:02"
Sysco,79.23,"2021-09-30 12:00:04"
Sysco,79.03,"2021-09-30 13:00:04"
Sysco,78.91,"2021-09-30 14:00:04"
Sysco,79.20,"2021-09-30 15:00:03"
Sysco,79.03,"2021-09-30 15:45:03"
Sysco,78.50,"2021-09-30 16:15:03"
Sysco,79.14,"2021-10-01 09:45:03"
Sysco,79.35,"2021-10-01 11:00:02"
Sysco,79.95,"2021-10-01 12:00:03"
Sysco,80.44,"2021-10-01 13:00:04"
Sysco,80.83,"2021-10-01 14:00:03"
Sysco,81.14,"2021-10-01 15:00:03"
Sysco,80.98,"2021-10-01 15:45:03"
Sysco,80.82,"2021-10-01 16:15:08"
Sysco,81.36,"2021-10-04 09:45:03"
Sysco,80.84,"2021-10-04 11:00:03"
Sysco,81.21,"2021-10-04 12:00:03"
Sysco,80.94,"2021-10-04 13:00:03"
Sysco,80.93,"2021-10-04 14:00:03"
Sysco,80.92,"2021-10-04 15:00:03"
Sysco,81.52,"2021-10-04 15:45:04"
Sysco,81.42,"2021-10-04 16:15:04"
Sysco,81.15,"2021-10-05 09:45:02"
Sysco,80.95,"2021-10-05 11:00:02"
Sysco,80.90,"2021-10-05 12:00:04"
Sysco,80.84,"2021-10-05 13:00:02"
Sysco,80.88,"2021-10-05 14:00:04"
Sysco,81.00,"2021-10-05 15:00:03"
Sysco,81.12,"2021-10-05 15:45:03"
Sysco,80.74,"2021-10-05 16:15:04"
Sysco,80.17,"2021-10-06 09:45:03"
Sysco,80.05,"2021-10-06 11:00:04"
Sysco,80.49,"2021-10-06 12:00:02"
Sysco,80.73,"2021-10-06 13:00:03"
Sysco,81.07,"2021-10-06 14:00:04"
Sysco,81.49,"2021-10-06 15:00:02"
Sysco,80.97,"2021-10-06 15:45:04"
Sysco,81.11,"2021-10-06 16:15:03"
Sysco,81.70,"2021-10-07 09:45:04"
Sysco,82.54,"2021-10-07 11:00:03"
Sysco,82.46,"2021-10-07 12:00:02"
Sysco,82.50,"2021-10-07 13:00:04"
Sysco,82.66,"2021-10-07 14:00:03"
Sysco,82.51,"2021-10-07 15:00:03"
Sysco,82.69,"2021-10-07 15:45:03"
Sysco,82.87,"2021-10-07 16:15:04"
Sysco,82.89,"2021-10-08 09:45:02"
Sysco,83.25,"2021-10-08 11:00:03"
Sysco,83.03,"2021-10-08 12:00:03"
Sysco,83.07,"2021-10-08 13:00:04"
Sysco,83.08,"2021-10-08 14:00:03"
Sysco,83.30,"2021-10-08 15:00:03"
Sysco,83.27,"2021-10-08 15:45:04"
Sysco,83.35,"2021-10-08 16:15:04"
Sysco,82.86,"2021-10-11 09:45:02"
Sysco,83.46,"2021-10-11 11:00:03"
Sysco,83.06,"2021-10-11 12:00:03"
Sysco,82.40,"2021-10-11 13:00:04"
Sysco,82.61,"2021-10-11 14:00:03"
Sysco,82.91,"2021-10-11 15:00:03"
Sysco,82.84,"2021-10-11 15:45:02"
Sysco,82.86,"2021-10-11 16:15:03"
Sysco,83.13,"2021-10-12 09:45:03"
Sysco,82.86,"2021-10-12 11:00:04"
Sysco,83.65,"2021-10-12 12:00:02"
Sysco,83.55,"2021-10-12 13:00:03"
Sysco,83.65,"2021-10-12 14:00:03"
Sysco,83.53,"2021-10-12 15:00:03"
Sysco,82.95,"2021-10-12 15:45:03"
Sysco,82.80,"2021-10-12 16:15:02"
Sysco,81.70,"2021-10-13 09:45:04"
Sysco,81.00,"2021-10-13 11:00:02"
Sysco,80.99,"2021-10-13 12:00:02"
Sysco,81.51,"2021-10-13 13:00:04"
Sysco,81.80,"2021-10-13 14:00:03"
Sysco,81.63,"2021-10-13 15:00:03"
Sysco,81.90,"2021-10-13 15:45:03"
Sysco,81.84,"2021-10-13 16:15:02"
Sysco,82.21,"2021-10-14 09:45:04"
Sysco,82.65,"2021-10-14 11:00:03"
Sysco,82.64,"2021-10-14 12:00:03"
Sysco,82.50,"2021-10-14 13:00:04"
Sysco,82.47,"2021-10-14 14:00:03"
Sysco,82.26,"2021-10-14 15:00:04"
Sysco,82.15,"2021-10-14 15:45:03"
Sysco,82.29,"2021-10-14 16:15:04"
Sysco,83.19,"2021-10-15 09:45:04"
Sysco,82.68,"2021-10-15 11:00:04"
Sysco,82.57,"2021-10-15 12:00:02"
Sysco,82.43,"2021-10-15 13:00:04"
Sysco,82.44,"2021-10-15 14:00:05"
Sysco,82.49,"2021-10-15 15:00:05"
Sysco,82.33,"2021-10-15 15:45:04"
Sysco,82.23,"2021-10-15 16:15:02"
Sysco,81.35,"2021-10-18 09:45:05"
Sysco,81.42,"2021-10-18 11:00:05"
Sysco,81.69,"2021-10-18 12:00:02"
Sysco,81.84,"2021-10-18 13:00:02"
Sysco,81.68,"2021-10-18 14:00:02"
Sysco,81.17,"2021-10-18 15:00:05"
Sysco,81.29,"2021-10-18 15:45:05"
Sysco,81.24,"2021-10-18 16:15:05"
Sysco,80.87,"2021-10-19 09:45:04"
Sysco,79.57,"2021-10-19 11:00:02"
Sysco,79.95,"2021-10-19 12:00:04"
Sysco,80.46,"2021-10-19 13:00:02"
Sysco,80.68,"2021-10-19 14:00:05"
Sysco,80.95,"2021-10-19 15:00:04"
Sysco,81.22,"2021-10-19 15:45:05"
Sysco,81.30,"2021-10-19 16:15:05"
Sysco,81.12,"2021-10-20 09:45:03"
Sysco,81.44,"2021-10-20 11:00:03"
Sysco,80.96,"2021-10-20 12:00:02"
Sysco,80.80,"2021-10-20 13:00:05"
Sysco,80.41,"2021-10-20 14:00:03"
Sysco,80.13,"2021-10-20 15:00:04"
Sysco,79.82,"2021-10-20 15:45:04"
Sysco,79.79,"2021-10-20 16:15:05"
Sysco,79.99,"2021-10-21 09:45:04"
Sysco,80.15,"2021-10-21 11:00:03"
Sysco,79.75,"2021-10-21 12:00:04"
Sysco,79.79,"2021-10-21 13:00:05"
Sysco,79.71,"2021-10-21 14:00:05"
Sysco,79.63,"2021-10-21 15:00:05"
Sysco,79.49,"2021-10-21 15:45:04"
Sysco,79.68,"2021-10-21 16:15:05"
Sysco,79.70,"2021-10-22 09:45:02"
Sysco,79.52,"2021-10-22 11:00:02"
Sysco,79.37,"2021-10-22 12:00:04"
Sysco,79.43,"2021-10-22 13:00:02"
Sysco,79.09,"2021-10-22 14:00:03"
Sysco,79.02,"2021-10-22 15:00:03"
Sysco,78.74,"2021-10-22 15:45:03"
Sysco,78.66,"2021-10-22 16:15:03"
Sysco,78.53,"2021-10-25 09:45:06"
Sysco,78.89,"2021-10-25 11:00:09"
Sysco,78.68,"2021-10-25 12:00:04"
Sysco,78.11,"2021-10-25 13:00:04"
Sysco,78.56,"2021-10-25 14:00:04"
Sysco,78.47,"2021-10-25 15:00:02"
Sysco,78.16,"2021-10-25 15:45:04"
Sysco,78.03,"2021-10-25 16:15:06"
Sysco,77.91,"2021-10-26 09:45:05"
Sysco,77.49,"2021-10-26 11:00:03"
Sysco,76.80,"2021-10-26 12:00:05"
Sysco,76.58,"2021-10-26 13:00:02"
Sysco,76.57,"2021-10-26 14:00:02"
Sysco,77.00,"2021-10-26 15:00:05"
Sysco,77.33,"2021-10-26 15:45:02"
Sysco,77.04,"2021-10-26 16:15:02"
Sysco,77.11,"2021-10-27 09:45:05"
Sysco,77.20,"2021-10-27 11:00:09"
Sysco,77.59,"2021-10-27 12:00:02"
Sysco,77.12,"2021-10-27 13:00:03"
Sysco,77.33,"2021-10-27 14:00:05"
Sysco,77.12,"2021-10-27 15:00:03"
Sysco,76.56,"2021-10-27 15:45:05"
Sysco,76.47,"2021-10-27 16:15:06"
Sysco,76.51,"2021-10-28 09:45:03"
Sysco,76.66,"2021-10-28 11:00:04"
Sysco,76.69,"2021-10-28 12:00:05"
Sysco,76.83,"2021-10-28 13:00:05"
Sysco,76.88,"2021-10-28 14:00:05"
Sysco,76.40,"2021-10-28 15:00:05"
Sysco,76.40,"2021-10-28 15:45:03"
Sysco,76.46,"2021-10-29 09:45:04"
Sysco,76.68,"2021-10-29 11:00:03"
Sysco,76.81,"2021-10-29 12:00:05"
Sysco,76.82,"2021-10-29 13:00:04"
Sysco,76.94,"2021-10-29 14:00:05"
Sysco,77.10,"2021-10-29 15:00:05"
Sysco,77.05,"2021-10-29 15:45:03"
Sysco,76.93,"2021-10-29 16:15:09"
Sysco,78.30,"2021-11-01 09:45:05"
Sysco,78.02,"2021-11-01 11:00:03"
Sysco,78.40,"2021-11-01 12:00:03"
Sysco,78.81,"2021-11-01 13:00:04"
Sysco,78.85,"2021-11-01 14:00:02"
Sysco,78.36,"2021-11-01 15:00:02"
Sysco,78.42,"2021-11-01 15:45:02"
Sysco,78.36,"2021-11-01 16:15:05"
Sysco,77.79,"2021-11-02 09:45:06"
Sysco,78.11,"2021-11-02 11:00:02"
Sysco,77.92,"2021-11-02 12:00:06"
Sysco,77.98,"2021-11-02 13:00:05"
Sysco,77.85,"2021-11-02 14:00:05"
Sysco,77.87,"2021-11-02 15:00:05"
Sysco,77.56,"2021-11-02 15:45:07"
Sysco,77.69,"2021-11-03 09:45:05"
Sysco,78.26,"2021-11-03 11:00:05"
Sysco,78.00,"2021-11-03 12:00:04"
Sysco,77.46,"2021-11-03 13:00:06"
Sysco,77.37,"2021-11-03 14:00:02"
Sysco,77.71,"2021-11-03 15:00:05"
Sysco,77.41,"2021-11-03 15:45:05"
Sysco,77.38,"2021-11-03 16:15:05"
Sysco,78.46,"2021-11-04 09:45:02"
Sysco,78.49,"2021-11-04 11:00:02"
Sysco,77.92,"2021-11-04 12:00:02"
Sysco,77.83,"2021-11-04 13:00:04"
Sysco,77.65,"2021-11-04 14:00:02"
Sysco,77.71,"2021-11-04 15:00:05"
Sysco,77.50,"2021-11-04 15:45:02"
Sysco,77.70,"2021-11-04 16:15:03"
Sysco,80.21,"2021-11-05 09:45:05"
Sysco,80.33,"2021-11-05 11:00:03"
Sysco,80.60,"2021-11-05 12:00:05"
Sysco,80.82,"2021-11-05 13:00:05"
Sysco,81.17,"2021-11-05 14:00:05"
Sysco,81.29,"2021-11-05 15:00:06"
Sysco,81.11,"2021-11-05 15:45:05"
Sysco,81.30,"2021-11-05 16:15:04"
Sysco,81.06,"2021-11-08 09:45:05"
Sysco,80.56,"2021-11-08 11:00:04"
Sysco,80.16,"2021-11-08 12:00:04"
Sysco,79.98,"2021-11-08 13:00:05"
Sysco,80.59,"2021-11-08 14:00:04"
Sysco,80.44,"2021-11-08 15:00:05"
Sysco,80.57,"2021-11-08 15:45:03"
Sysco,80.48,"2021-11-08 16:15:09"
Sysco,78.86,"2021-11-09 09:45:03"
Sysco,80.51,"2021-11-09 11:00:02"
Sysco,81.26,"2021-11-09 12:00:03"
Sysco,80.92,"2021-11-09 13:00:04"
Sysco,80.23,"2021-11-09 14:00:03"
Sysco,79.56,"2021-11-09 15:00:04"
Sysco,79.46,"2021-11-09 15:45:02"
Sysco,79.64,"2021-11-09 16:15:09"
Sysco,78.07,"2021-11-10 09:45:03"
Sysco,79.54,"2021-11-10 11:00:02"
Sysco,79.42,"2021-11-10 12:00:04"
Sysco,79.35,"2021-11-10 13:00:04"
Sysco,79.25,"2021-11-10 14:00:03"
Sysco,79.05,"2021-11-10 15:00:04"
Sysco,78.71,"2021-11-10 15:45:03"
Sysco,78.52,"2021-11-10 16:15:09"
Sysco,78.96,"2021-11-11 09:45:04"
Sysco,78.10,"2021-11-11 11:00:04"
Sysco,77.77,"2021-11-11 12:00:03"
Sysco,77.65,"2021-11-11 13:00:03"
Sysco,77.32,"2021-11-11 14:00:02"
Sysco,78.03,"2021-11-11 15:00:03"
Sysco,77.80,"2021-11-11 15:45:03"
Sysco,77.86,"2021-11-12 09:45:03"
Sysco,77.11,"2021-11-12 11:00:04"
Sysco,77.14,"2021-11-12 12:00:04"
Sysco,76.99,"2021-11-12 13:00:04"
Sysco,77.02,"2021-11-12 14:00:03"
Sysco,76.45,"2021-11-12 15:00:03"
Sysco,76.61,"2021-11-12 15:45:04"
Sysco,76.21,"2021-11-12 16:15:03"
Sysco,76.60,"2021-11-15 09:45:03"
Sysco,77.01,"2021-11-15 11:00:04"
Sysco,76.86,"2021-11-15 12:00:03"
Sysco,76.98,"2021-11-15 13:00:04"
Sysco,77.16,"2021-11-15 14:00:03"
Sysco,76.56,"2021-11-15 15:00:03"
Sysco,76.51,"2021-11-15 15:45:04"
Sysco,76.43,"2021-11-15 16:15:08"
Sysco,76.23,"2021-11-16 09:45:04"
Sysco,75.37,"2021-11-16 11:00:03"
Sysco,76.15,"2021-11-16 12:00:03"
Sysco,76.25,"2021-11-16 13:00:04"
Sysco,76.25,"2021-11-16 14:00:02"
Sysco,76.07,"2021-11-16 15:00:03"
Sysco,76.17,"2021-11-16 15:45:03"
Sysco,76.52,"2021-11-16 16:15:04"
Sysco,76.73,"2021-11-17 09:45:02"
Sysco,75.89,"2021-11-17 11:00:04"
Sysco,76.00,"2021-11-17 12:00:03"
Sysco,75.42,"2021-11-17 13:00:04"
Sysco,75.62,"2021-11-17 14:00:04"
Sysco,75.53,"2021-11-17 15:00:03"
Sysco,75.73,"2021-11-17 15:45:05"
Sysco,75.65,"2021-11-17 16:15:14"
Sysco,75.63,"2021-11-18 09:45:04"
Sysco,74.53,"2021-11-18 11:00:04"
Sysco,74.41,"2021-11-18 12:00:04"
Sysco,74.70,"2021-11-18 13:00:04"
Sysco,74.54,"2021-11-18 14:00:04"
Sysco,75.10,"2021-11-18 15:00:04"
Sysco,75.02,"2021-11-18 15:45:04"
Sysco,74.92,"2021-11-18 16:15:02"
Sysco,73.71,"2021-11-19 09:45:04"
Sysco,74.30,"2021-11-19 11:00:03"
Sysco,74.24,"2021-11-19 12:00:04"
Sysco,74.45,"2021-11-19 13:00:04"
Sysco,74.70,"2021-11-19 14:00:03"
Sysco,74.76,"2021-11-19 15:00:02"
Sysco,74.21,"2021-11-19 15:45:04"
Sysco,74.18,"2021-11-19 16:15:02"
Sysco,74.47,"2021-11-22 09:45:03"
Sysco,74.52,"2021-11-22 11:00:03"
Sysco,74.88,"2021-11-22 12:00:03"
Sysco,75.39,"2021-11-22 13:00:03"
Sysco,75.39,"2021-11-22 14:00:03"
Sysco,75.59,"2021-11-22 15:00:02"
Sysco,75.90,"2021-11-22 15:45:03"
Sysco,75.38,"2021-11-22 16:15:02"
Sysco,75.31,"2021-11-23 09:45:03"
Sysco,75.55,"2021-11-23 11:00:03"
Sysco,76.45,"2021-11-23 12:00:03"
Sysco,76.23,"2021-11-23 13:00:03"
Sysco,76.44,"2021-11-23 14:00:04"
Sysco,76.69,"2021-11-23 15:00:03"
Sysco,76.70,"2021-11-23 15:45:03"
Sysco,76.51,"2021-11-23 16:15:03"
Sysco,75.67,"2021-11-24 09:45:04"
Sysco,75.95,"2021-11-24 11:00:03"
Sysco,76.31,"2021-11-24 12:00:02"
Sysco,76.04,"2021-11-24 13:00:03"
Sysco,76.11,"2021-11-24 14:00:04"
Sysco,75.99,"2021-11-24 15:00:03"
Sysco,76.13,"2021-11-24 15:45:03"
Sysco,76.36,"2021-11-24 16:15:03"
Sysco,76.36,"2021-11-25 09:45:02"
Sysco,76.36,"2021-11-25 11:00:03"
Sysco,76.36,"2021-11-25 12:00:02"
Sysco,76.36,"2021-11-25 13:00:03"
Sysco,76.36,"2021-11-25 14:00:03"
Sysco,76.36,"2021-11-25 15:00:02"
Sysco,76.36,"2021-11-25 15:45:03"
Sysco,76.36,"2021-11-25 16:15:04"
Sysco,72.57,"2021-11-26 09:45:02"
Sysco,72.74,"2021-11-26 11:00:03"
Sysco,73.29,"2021-11-26 12:00:03"
Sysco,72.77,"2021-11-26 13:00:04"
Sysco,72.77,"2021-11-26 14:00:03"
Sysco,72.77,"2021-11-26 15:00:05"
Sysco,72.77,"2021-11-26 15:45:02"
Sysco,72.77,"2021-11-26 16:15:03"
Sysco,73.00,"2021-11-29 09:45:03"
Sysco,73.03,"2021-11-29 11:00:03"
Sysco,73.32,"2021-11-29 12:00:03"
Sysco,73.79,"2021-11-29 13:00:03"
Sysco,73.79,"2021-11-29 14:00:03"
Sysco,73.48,"2021-11-29 15:00:04"
Sysco,73.36,"2021-11-29 15:45:02"
Sysco,73.18,"2021-11-29 16:15:02"
Sysco,72.78,"2021-11-30 09:45:04"
Sysco,70.94,"2021-11-30 11:00:03"
Sysco,70.62,"2021-11-30 12:00:04"
Sysco,70.49,"2021-11-30 13:00:04"
Sysco,70.72,"2021-11-30 14:00:04"
Sysco,70.32,"2021-11-30 15:00:04"
Sysco,70.31,"2021-11-30 15:45:03"
Sysco,70.03,"2021-11-30 16:15:03"
Sysco,70.87,"2021-12-01 09:45:03"
Sysco,71.28,"2021-12-01 11:00:04"
Sysco,70.36,"2021-12-01 12:00:04"
Sysco,69.86,"2021-12-01 13:00:02"
Sysco,69.54,"2021-12-01 14:00:03"
Sysco,69.08,"2021-12-01 15:00:03"
Sysco,69.02,"2021-12-01 15:45:03"
Sysco,68.06,"2021-12-01 16:15:02"
Sysco,69.04,"2021-12-02 09:45:02"
Sysco,69.21,"2021-12-02 11:00:04"
Sysco,70.17,"2021-12-02 12:00:02"
Sysco,70.39,"2021-12-02 13:00:03"
Sysco,70.50,"2021-12-02 14:00:02"
Sysco,70.46,"2021-12-02 15:00:04"
Sysco,70.43,"2021-12-02 15:45:03"
Sysco,70.19,"2021-12-02 16:15:04"
Sysco,70.44,"2021-12-03 09:45:03"
Sysco,69.90,"2021-12-03 11:00:03"
Sysco,69.89,"2021-12-03 12:00:02"
Sysco,70.48,"2021-12-03 13:00:04"
Sysco,70.15,"2021-12-03 14:00:03"
Sysco,69.70,"2021-12-03 15:00:04"
Sysco,69.93,"2021-12-03 15:45:03"
Sysco,69.96,"2021-12-03 16:15:05"
Sysco,71.70,"2021-12-06 09:45:02"
Sysco,73.52,"2021-12-06 11:00:02"
Sysco,74.59,"2021-12-06 12:00:03"
Sysco,74.50,"2021-12-06 13:00:02"
Sysco,73.91,"2021-12-06 14:00:03"
Sysco,73.33,"2021-12-06 15:00:03"
Sysco,73.18,"2021-12-06 15:45:03"
Sysco,72.98,"2021-12-06 16:15:01"
Sysco,74.15,"2021-12-07 09:45:02"
Sysco,74.00,"2021-12-07 11:00:03"
Sysco,73.63,"2021-12-07 12:00:03"
Sysco,73.70,"2021-12-07 13:00:02"
Sysco,73.77,"2021-12-07 14:00:03"
Sysco,73.33,"2021-12-07 15:00:03"
Sysco,73.10,"2021-12-07 15:45:03"
Sysco,72.93,"2021-12-07 16:15:02"
Sysco,73.19,"2021-12-08 09:45:06"
Sysco,73.40,"2021-12-08 11:00:02"
Sysco,73.56,"2021-12-08 12:00:05"
Sysco,73.98,"2021-12-08 13:00:03"
Sysco,73.91,"2021-12-08 14:00:05"
Sysco,73.88,"2021-12-08 15:00:03"
Sysco,73.71,"2021-12-08 15:45:02"
Sysco,73.51,"2021-12-08 16:15:02"
Sysco,73.39,"2021-12-09 09:45:03"
Sysco,73.15,"2021-12-09 11:00:02"
Sysco,73.11,"2021-12-09 12:00:03"
Sysco,73.12,"2021-12-09 13:00:03"
Sysco,73.47,"2021-12-09 14:00:04"
Sysco,73.66,"2021-12-09 15:00:04"
Sysco,73.67,"2021-12-09 15:45:03"
Sysco,73.88,"2021-12-09 16:15:03"
Sysco,74.23,"2021-12-10 09:45:02"
Sysco,73.61,"2021-12-10 11:00:04"
Sysco,73.66,"2021-12-10 12:00:03"
Sysco,73.52,"2021-12-10 13:00:03"
Sysco,73.81,"2021-12-10 14:00:04"
Sysco,73.58,"2021-12-10 15:00:02"
Sysco,73.73,"2021-12-10 15:45:03"
Sysco,73.67,"2021-12-10 16:15:03"
Sysco,73.62,"2021-12-13 09:45:03"
Sysco,73.21,"2021-12-13 11:00:06"
Sysco,73.01,"2021-12-13 12:00:03"
Sysco,72.77,"2021-12-13 13:00:02"
Sysco,73.02,"2021-12-13 14:00:02"
Sysco,73.45,"2021-12-13 15:00:03"
