UnitedHealth,332.20,"2021-03-01 03:06:55"
UnitedHealth,336.31,"2021-03-01 13:01:37"
UnitedHealth,336.95,"2021-03-01 13:55:12"
UnitedHealth,337.11,"2021-03-01 13:56:56"
UnitedHealth,337.44,"2021-03-01 14:00:05"
UnitedHealth,338.31,"2021-03-01 15:00:05"
UnitedHealth,335.31,"2021-03-01 15:45:04"
UnitedHealth,334.65,"2021-03-01 16:15:04"
UnitedHealth,336.28,"2021-03-02 09:45:03"
UnitedHealth,336.01,"2021-03-02 11:00:06"
UnitedHealth,336.39,"2021-03-02 12:00:07"
UnitedHealth,337.18,"2021-03-02 13:00:07"
UnitedHealth,337.01,"2021-03-02 14:00:04"
UnitedHealth,335.98,"2021-03-02 15:00:06"
UnitedHealth,335.92,"2021-03-02 15:45:03"
UnitedHealth,335.78,"2021-03-02 16:15:03"
UnitedHealth,335.54,"2021-03-03 09:45:05"
UnitedHealth,334.20,"2021-03-03 11:00:06"
UnitedHealth,336.62,"2021-03-03 12:00:02"
UnitedHealth,336.77,"2021-03-03 13:00:07"
UnitedHealth,337.38,"2021-03-03 14:00:06"
UnitedHealth,336.12,"2021-03-03 15:00:06"
UnitedHealth,334.89,"2021-03-03 15:45:02"
UnitedHealth,332.87,"2021-03-03 16:15:02"
UnitedHealth,338.08,"2021-03-04 09:45:02"
UnitedHealth,337.74,"2021-03-04 11:00:09"
UnitedHealth,340.07,"2021-03-04 12:00:05"
UnitedHealth,336.62,"2021-03-04 13:00:06"
UnitedHealth,333.87,"2021-03-04 14:00:05"
UnitedHealth,336.78,"2021-03-04 15:00:06"
UnitedHealth,332.87,"2021-03-04 15:45:03"
UnitedHealth,334.03,"2021-03-04 16:15:02"
UnitedHealth,336.08,"2021-03-05 09:45:02"
UnitedHealth,340.34,"2021-03-05 11:00:07"
UnitedHealth,341.42,"2021-03-05 12:00:07"
UnitedHealth,342.43,"2021-03-05 13:00:09"
UnitedHealth,344.69,"2021-03-05 14:00:07"
UnitedHealth,346.47,"2021-03-05 15:00:04"
UnitedHealth,347.04,"2021-03-05 15:45:03"
UnitedHealth,347.20,"2021-03-05 16:15:03"
UnitedHealth,347.83,"2021-03-08 09:45:04"
UnitedHealth,351.64,"2021-03-08 11:00:04"
UnitedHealth,351.36,"2021-03-08 12:00:08"
UnitedHealth,353.04,"2021-03-08 13:00:07"
UnitedHealth,351.98,"2021-03-08 14:00:02"
UnitedHealth,351.44,"2021-03-08 15:00:04"
UnitedHealth,352.55,"2021-03-08 15:45:03"
UnitedHealth,351.10,"2021-03-08 16:15:03"
UnitedHealth,358.27,"2021-03-09 09:45:05"
UnitedHealth,357.71,"2021-03-09 11:00:08"
UnitedHealth,355.42,"2021-03-09 12:00:09"
UnitedHealth,356.05,"2021-03-09 13:00:09"
UnitedHealth,354.98,"2021-03-09 14:00:03"
UnitedHealth,352.91,"2021-03-09 15:00:03"
UnitedHealth,352.73,"2021-03-09 15:45:02"
UnitedHealth,354.06,"2021-03-09 16:15:03"
UnitedHealth,349.50,"2021-03-10 09:45:05"
UnitedHealth,351.45,"2021-03-10 11:00:04"
UnitedHealth,353.70,"2021-03-10 12:00:03"
UnitedHealth,352.49,"2021-03-10 13:00:03"
UnitedHealth,351.43,"2021-03-10 14:00:04"
UnitedHealth,351.00,"2021-03-10 15:00:03"
UnitedHealth,350.55,"2021-03-10 15:45:03"
UnitedHealth,347.29,"2021-03-10 16:15:03"
UnitedHealth,350.24,"2021-03-11 09:45:02"
UnitedHealth,352.56,"2021-03-11 11:00:02"
UnitedHealth,354.60,"2021-03-11 12:00:03"
UnitedHealth,355.10,"2021-03-11 13:00:03"
UnitedHealth,354.63,"2021-03-11 14:00:02"
UnitedHealth,353.51,"2021-03-11 15:00:03"
UnitedHealth,353.65,"2021-03-11 15:45:04"
UnitedHealth,353.10,"2021-03-11 16:15:02"
UnitedHealth,354.46,"2021-03-12 09:45:04"
UnitedHealth,355.06,"2021-03-12 11:00:03"
UnitedHealth,354.50,"2021-03-12 12:00:04"
UnitedHealth,354.43,"2021-03-12 13:00:03"
UnitedHealth,355.06,"2021-03-12 14:00:03"
UnitedHealth,353.98,"2021-03-12 15:00:06"
UnitedHealth,355.20,"2021-03-12 15:45:03"
UnitedHealth,354.22,"2021-03-12 16:15:03"
UnitedHealth,356.55,"2021-03-15 09:45:04"
UnitedHealth,353.59,"2021-03-15 11:00:04"
UnitedHealth,352.19,"2021-03-15 12:00:03"
UnitedHealth,352.98,"2021-03-15 13:00:02"
UnitedHealth,352.76,"2021-03-15 14:00:03"
UnitedHealth,352.79,"2021-03-15 15:00:04"
UnitedHealth,351.73,"2021-03-15 15:45:09"
UnitedHealth,352.80,"2021-03-15 16:15:02"
UnitedHealth,354.86,"2021-03-16 09:45:04"
UnitedHealth,353.33,"2021-03-16 11:00:01"
UnitedHealth,352.96,"2021-03-16 12:00:03"
UnitedHealth,352.68,"2021-03-16 13:00:04"
UnitedHealth,352.13,"2021-03-16 14:00:02"
UnitedHealth,354.43,"2021-03-16 15:00:04"
UnitedHealth,354.37,"2021-03-16 15:45:15"
UnitedHealth,354.60,"2021-03-16 16:15:03"
UnitedHealth,354.62,"2021-03-17 09:45:02"
UnitedHealth,355.75,"2021-03-17 11:00:03"
UnitedHealth,357.71,"2021-03-17 12:00:02"
UnitedHealth,356.73,"2021-03-17 13:00:03"
UnitedHealth,355.93,"2021-03-17 14:00:04"
UnitedHealth,353.95,"2021-03-17 15:00:02"
UnitedHealth,352.84,"2021-03-17 15:45:03"
UnitedHealth,352.00,"2021-03-17 16:15:04"
UnitedHealth,356.33,"2021-03-18 09:45:03"
UnitedHealth,358.24,"2021-03-18 11:00:02"
UnitedHealth,360.54,"2021-03-18 12:00:03"
UnitedHealth,360.79,"2021-03-18 13:00:02"
UnitedHealth,363.54,"2021-03-18 14:00:04"
UnitedHealth,362.87,"2021-03-18 15:00:03"
UnitedHealth,362.10,"2021-03-18 15:45:02"
UnitedHealth,358.10,"2021-03-18 16:15:04"
UnitedHealth,361.41,"2021-03-19 09:45:03"
UnitedHealth,364.64,"2021-03-19 11:00:03"
UnitedHealth,365.28,"2021-03-19 12:00:02"
UnitedHealth,366.08,"2021-03-19 13:00:04"
UnitedHealth,367.55,"2021-03-19 14:00:02"
UnitedHealth,369.87,"2021-03-19 15:00:03"
UnitedHealth,369.99,"2021-03-19 15:45:03"
UnitedHealth,364.73,"2021-03-19 16:15:04"
UnitedHealth,364.46,"2021-03-22 09:45:04"
UnitedHealth,366.64,"2021-03-22 11:00:04"
UnitedHealth,366.21,"2021-03-22 12:00:04"
UnitedHealth,365.77,"2021-03-22 13:00:02"
UnitedHealth,366.89,"2021-03-22 14:00:03"
UnitedHealth,366.65,"2021-03-22 15:00:03"
UnitedHealth,367.36,"2021-03-22 15:45:04"
UnitedHealth,367.58,"2021-03-22 16:15:04"
UnitedHealth,368.32,"2021-03-23 09:45:04"
UnitedHealth,368.84,"2021-03-23 11:00:03"
UnitedHealth,369.60,"2021-03-23 12:00:03"
UnitedHealth,369.80,"2021-03-23 13:00:02"
UnitedHealth,370.81,"2021-03-23 14:00:02"
UnitedHealth,369.46,"2021-03-23 15:00:03"
UnitedHealth,367.87,"2021-03-23 15:45:02"
UnitedHealth,369.30,"2021-03-23 16:15:03"
UnitedHealth,370.98,"2021-03-24 09:45:02"
UnitedHealth,372.52,"2021-03-24 11:00:02"
UnitedHealth,371.46,"2021-03-24 12:00:05"
UnitedHealth,370.18,"2021-03-24 13:00:03"
UnitedHealth,372.86,"2021-03-24 14:00:04"
UnitedHealth,372.56,"2021-03-24 15:00:03"
UnitedHealth,371.22,"2021-03-24 15:45:02"
UnitedHealth,373.50,"2021-03-24 16:15:02"
UnitedHealth,365.79,"2021-03-25 09:45:04"
UnitedHealth,365.18,"2021-03-25 11:00:05"
UnitedHealth,367.03,"2021-03-25 12:00:03"
UnitedHealth,367.61,"2021-03-25 13:00:02"
UnitedHealth,369.04,"2021-03-25 14:00:02"
UnitedHealth,369.14,"2021-03-25 15:00:04"
UnitedHealth,371.10,"2021-03-25 15:45:02"
UnitedHealth,369.35,"2021-03-25 16:15:04"
UnitedHealth,372.32,"2021-03-26 09:45:04"
UnitedHealth,371.42,"2021-03-26 11:00:03"
UnitedHealth,371.95,"2021-03-26 12:00:04"
UnitedHealth,373.75,"2021-03-26 13:00:03"
UnitedHealth,373.42,"2021-03-26 14:00:02"
UnitedHealth,374.41,"2021-03-26 15:00:02"
UnitedHealth,374.15,"2021-03-26 15:45:02"
UnitedHealth,373.56,"2021-03-26 16:15:03"
UnitedHealth,378.52,"2021-03-29 09:45:03"
UnitedHealth,375.79,"2021-03-29 11:00:05"
UnitedHealth,377.32,"2021-03-29 12:00:02"
UnitedHealth,378.91,"2021-03-29 13:00:03"
UnitedHealth,378.64,"2021-03-29 14:00:04"
UnitedHealth,379.33,"2021-03-29 15:00:05"
UnitedHealth,379.12,"2021-03-29 15:45:04"
UnitedHealth,379.06,"2021-03-29 16:15:02"
UnitedHealth,378.32,"2021-03-30 09:45:05"
UnitedHealth,376.08,"2021-03-30 11:00:04"
UnitedHealth,376.41,"2021-03-30 12:00:02"
UnitedHealth,374.33,"2021-03-30 13:00:03"
UnitedHealth,375.74,"2021-03-30 14:00:03"
UnitedHealth,375.32,"2021-03-30 15:00:06"
UnitedHealth,373.62,"2021-03-30 15:45:03"
UnitedHealth,373.12,"2021-03-30 16:15:04"
UnitedHealth,374.42,"2021-03-31 09:45:03"
UnitedHealth,374.56,"2021-03-31 11:00:02"
UnitedHealth,375.35,"2021-03-31 12:00:02"
UnitedHealth,375.04,"2021-03-31 13:00:03"
UnitedHealth,375.07,"2021-03-31 14:00:04"
UnitedHealth,373.90,"2021-03-31 15:00:02"
UnitedHealth,372.86,"2021-03-31 15:45:02"
UnitedHealth,372.07,"2021-03-31 16:15:02"
UnitedHealth,366.72,"2021-04-01 09:45:02"
UnitedHealth,370.96,"2021-04-01 11:00:04"
UnitedHealth,370.35,"2021-04-01 12:00:02"
UnitedHealth,370.08,"2021-04-01 13:00:04"
UnitedHealth,369.72,"2021-04-01 14:00:02"
UnitedHealth,368.38,"2021-04-01 15:00:04"
UnitedHealth,367.58,"2021-04-01 15:45:04"
UnitedHealth,367.82,"2021-04-01 16:15:02"
UnitedHealth,367.13,"2021-04-02 09:45:03"
UnitedHealth,367.13,"2021-04-02 11:00:03"
UnitedHealth,367.13,"2021-04-02 12:00:04"
UnitedHealth,367.13,"2021-04-02 13:00:03"
UnitedHealth,367.13,"2021-04-02 14:00:02"
UnitedHealth,367.13,"2021-04-02 15:00:04"
UnitedHealth,367.13,"2021-04-02 15:45:01"
UnitedHealth,367.13,"2021-04-02 16:15:03"
UnitedHealth,369.79,"2021-04-05 09:45:03"
UnitedHealth,370.10,"2021-04-05 11:00:03"
UnitedHealth,371.09,"2021-04-05 12:00:02"
UnitedHealth,371.69,"2021-04-05 13:00:04"
UnitedHealth,371.40,"2021-04-05 14:00:02"
UnitedHealth,371.07,"2021-04-05 15:00:03"
UnitedHealth,370.54,"2021-04-05 15:45:02"
UnitedHealth,370.18,"2021-04-05 16:15:03"
UnitedHealth,367.33,"2021-04-06 09:45:03"
UnitedHealth,362.93,"2021-04-06 11:00:02"
UnitedHealth,364.85,"2021-04-06 12:00:04"
UnitedHealth,364.83,"2021-04-06 13:00:02"
UnitedHealth,365.30,"2021-04-06 14:00:03"
UnitedHealth,364.55,"2021-04-06 15:00:02"
UnitedHealth,364.37,"2021-04-06 15:45:02"
UnitedHealth,364.37,"2021-04-06 16:15:02"
UnitedHealth,364.14,"2021-04-07 09:45:03"
UnitedHealth,364.66,"2021-04-07 11:00:02"
UnitedHealth,363.85,"2021-04-07 12:00:03"
UnitedHealth,364.16,"2021-04-07 13:00:04"
UnitedHealth,364.11,"2021-04-07 14:00:04"
UnitedHealth,364.17,"2021-04-07 15:00:05"
UnitedHealth,364.91,"2021-04-07 15:45:03"
UnitedHealth,363.71,"2021-04-07 16:15:03"
UnitedHealth,364.44,"2021-04-08 09:45:05"
UnitedHealth,365.98,"2021-04-08 11:00:05"
UnitedHealth,364.81,"2021-04-08 12:00:06"
UnitedHealth,366.19,"2021-04-08 13:00:04"
UnitedHealth,366.00,"2021-04-08 14:00:04"
UnitedHealth,366.39,"2021-04-08 15:00:03"
UnitedHealth,365.40,"2021-04-08 15:45:03"
UnitedHealth,364.89,"2021-04-08 16:15:03"
UnitedHealth,368.85,"2021-04-09 09:45:02"
UnitedHealth,371.53,"2021-04-09 11:00:05"
UnitedHealth,370.90,"2021-04-09 12:00:06"
UnitedHealth,374.16,"2021-04-09 13:00:03"
UnitedHealth,374.39,"2021-04-09 14:00:05"
UnitedHealth,374.12,"2021-04-09 15:00:02"
UnitedHealth,375.10,"2021-04-09 15:45:03"
UnitedHealth,374.90,"2021-04-09 16:15:02"
UnitedHealth,379.18,"2021-04-12 09:45:03"
UnitedHealth,377.78,"2021-04-12 11:00:03"
UnitedHealth,377.38,"2021-04-12 12:00:06"
UnitedHealth,377.63,"2021-04-12 13:00:03"
UnitedHealth,377.11,"2021-04-12 14:00:02"
UnitedHealth,377.36,"2021-04-12 15:00:06"
UnitedHealth,376.77,"2021-04-12 15:45:02"
UnitedHealth,375.34,"2021-04-12 16:15:03"
UnitedHealth,376.76,"2021-04-13 09:45:03"
UnitedHealth,377.48,"2021-04-13 11:00:02"
UnitedHealth,376.50,"2021-04-13 12:00:02"
UnitedHealth,375.42,"2021-04-13 13:00:03"
UnitedHealth,374.53,"2021-04-13 14:00:05"
UnitedHealth,375.96,"2021-04-13 15:00:02"
UnitedHealth,375.71,"2021-04-13 15:45:02"
UnitedHealth,375.18,"2021-04-13 16:15:02"
UnitedHealth,375.25,"2021-04-14 09:45:03"
UnitedHealth,376.35,"2021-04-14 11:00:06"
UnitedHealth,376.76,"2021-04-14 12:00:02"
UnitedHealth,377.04,"2021-04-14 13:00:04"
UnitedHealth,377.79,"2021-04-14 14:00:06"
UnitedHealth,376.18,"2021-04-14 15:00:02"
UnitedHealth,376.16,"2021-04-14 15:45:04"
UnitedHealth,375.63,"2021-04-14 16:15:02"
UnitedHealth,387.97,"2021-04-15 09:45:02"
UnitedHealth,388.86,"2021-04-15 11:00:04"
UnitedHealth,391.67,"2021-04-15 12:00:04"
UnitedHealth,388.65,"2021-04-15 13:00:03"
UnitedHealth,388.81,"2021-04-15 14:00:03"
UnitedHealth,388.55,"2021-04-15 15:00:02"
UnitedHealth,388.96,"2021-04-15 15:45:03"
UnitedHealth,392.44,"2021-04-15 16:15:04"
UnitedHealth,390.99,"2021-04-16 09:45:02"
UnitedHealth,388.70,"2021-04-16 11:00:04"
UnitedHealth,388.07,"2021-04-16 12:00:02"
UnitedHealth,387.99,"2021-04-16 13:00:03"
UnitedHealth,389.92,"2021-04-16 14:00:03"
UnitedHealth,390.37,"2021-04-16 15:00:03"
UnitedHealth,390.70,"2021-04-16 15:45:03"
UnitedHealth,390.40,"2021-04-16 16:15:03"
UnitedHealth,389.41,"2021-04-19 09:45:02"
UnitedHealth,390.96,"2021-04-19 11:00:03"
UnitedHealth,390.81,"2021-04-19 12:00:03"
UnitedHealth,391.20,"2021-04-19 13:00:04"
UnitedHealth,391.35,"2021-04-19 14:00:03"
UnitedHealth,391.25,"2021-04-19 15:00:03"
UnitedHealth,390.43,"2021-04-19 15:45:03"
UnitedHealth,390.27,"2021-04-19 16:15:04"
UnitedHealth,392.31,"2021-04-20 09:45:04"
UnitedHealth,392.49,"2021-04-20 11:00:02"
UnitedHealth,392.66,"2021-04-20 12:00:02"
UnitedHealth,396.53,"2021-04-20 13:00:04"
UnitedHealth,397.05,"2021-04-20 14:00:04"
UnitedHealth,394.90,"2021-04-20 15:00:02"
UnitedHealth,395.94,"2021-04-20 15:45:02"
UnitedHealth,397.38,"2021-04-20 16:15:03"
UnitedHealth,399.21,"2021-04-21 09:45:02"
UnitedHealth,396.58,"2021-04-21 11:00:05"
UnitedHealth,397.26,"2021-04-21 12:00:02"
UnitedHealth,398.45,"2021-04-21 13:00:02"
UnitedHealth,397.47,"2021-04-21 14:00:02"
UnitedHealth,399.10,"2021-04-21 15:00:06"
UnitedHealth,399.01,"2021-04-21 15:45:04"
UnitedHealth,398.64,"2021-04-21 16:15:02"
UnitedHealth,394.98,"2021-04-22 09:45:04"
UnitedHealth,397.18,"2021-04-22 11:00:03"
UnitedHealth,396.84,"2021-04-22 12:00:05"
UnitedHealth,398.11,"2021-04-22 13:00:02"
UnitedHealth,395.60,"2021-04-22 14:00:03"
UnitedHealth,397.64,"2021-04-22 15:00:02"
UnitedHealth,397.43,"2021-04-22 15:45:02"
UnitedHealth,397.70,"2021-04-22 16:15:02"
UnitedHealth,395.71,"2021-04-23 09:45:02"
UnitedHealth,398.60,"2021-04-23 11:00:08"
UnitedHealth,398.90,"2021-04-23 12:00:02"
UnitedHealth,400.56,"2021-04-23 13:00:02"
UnitedHealth,400.24,"2021-04-23 14:00:02"
UnitedHealth,400.37,"2021-04-23 15:00:03"
UnitedHealth,401.50,"2021-04-23 15:45:04"
UnitedHealth,405.21,"2021-04-23 16:15:02"
UnitedHealth,397.62,"2021-04-26 09:45:03"
UnitedHealth,398.89,"2021-04-26 11:00:02"
UnitedHealth,398.26,"2021-04-26 12:00:02"
UnitedHealth,397.70,"2021-04-26 13:00:04"
UnitedHealth,397.37,"2021-04-26 14:00:03"
UnitedHealth,396.72,"2021-04-26 15:00:02"
UnitedHealth,396.15,"2021-04-26 15:45:04"
UnitedHealth,394.43,"2021-04-26 16:15:02"
UnitedHealth,393.05,"2021-04-27 09:45:02"
UnitedHealth,393.51,"2021-04-27 11:00:05"
UnitedHealth,394.91,"2021-04-27 12:00:02"
UnitedHealth,394.98,"2021-04-27 13:00:02"
UnitedHealth,395.58,"2021-04-27 14:00:03"
UnitedHealth,395.41,"2021-04-27 15:00:02"
UnitedHealth,395.85,"2021-04-27 15:45:04"
UnitedHealth,394.50,"2021-04-27 16:15:04"
UnitedHealth,395.72,"2021-04-28 09:45:04"
UnitedHealth,395.04,"2021-04-28 11:00:02"
UnitedHealth,394.93,"2021-04-28 12:00:02"
UnitedHealth,394.76,"2021-04-28 13:00:02"
UnitedHealth,395.50,"2021-04-28 14:00:02"
UnitedHealth,395.80,"2021-04-28 15:00:03"
UnitedHealth,395.13,"2021-04-28 15:45:03"
UnitedHealth,393.96,"2021-04-28 16:15:02"
UnitedHealth,397.12,"2021-04-29 09:45:04"
UnitedHealth,398.34,"2021-04-29 11:00:05"
UnitedHealth,399.32,"2021-04-29 12:00:04"
UnitedHealth,400.48,"2021-04-29 13:00:02"
UnitedHealth,399.16,"2021-04-29 14:00:04"
UnitedHealth,400.25,"2021-04-29 15:00:02"
UnitedHealth,401.75,"2021-04-29 15:45:02"
UnitedHealth,401.22,"2021-04-29 16:15:02"
UnitedHealth,401.15,"2021-04-30 09:45:04"
UnitedHealth,400.02,"2021-04-30 11:00:05"
UnitedHealth,399.74,"2021-04-30 12:00:03"
UnitedHealth,399.40,"2021-04-30 13:00:03"
UnitedHealth,399.41,"2021-04-30 14:00:03"
UnitedHealth,400.00,"2021-04-30 15:00:02"
UnitedHealth,399.08,"2021-04-30 15:45:02"
UnitedHealth,402.70,"2021-04-30 16:15:04"
UnitedHealth,401.62,"2021-05-03 09:45:04"
UnitedHealth,404.38,"2021-05-03 11:00:03"
UnitedHealth,406.37,"2021-05-03 12:00:04"
UnitedHealth,405.10,"2021-05-03 13:00:02"
UnitedHealth,405.43,"2021-05-03 14:00:03"
UnitedHealth,405.75,"2021-05-03 15:00:02"
UnitedHealth,406.02,"2021-05-03 15:45:02"
UnitedHealth,405.28,"2021-05-03 16:15:03"
UnitedHealth,405.34,"2021-05-04 09:45:02"
UnitedHealth,407.18,"2021-05-04 11:00:04"
UnitedHealth,409.08,"2021-05-04 12:00:11"
UnitedHealth,411.49,"2021-05-04 13:00:02"
UnitedHealth,412.18,"2021-05-04 14:00:03"
UnitedHealth,410.97,"2021-05-04 15:00:02"
UnitedHealth,410.11,"2021-05-04 15:45:04"
UnitedHealth,409.60,"2021-05-04 16:15:03"
UnitedHealth,408.90,"2021-05-05 09:45:03"
UnitedHealth,408.62,"2021-05-05 11:00:03"
UnitedHealth,410.07,"2021-05-05 12:00:04"
UnitedHealth,410.32,"2021-05-05 13:00:02"
UnitedHealth,410.75,"2021-05-05 14:00:02"
UnitedHealth,411.53,"2021-05-05 15:00:04"
UnitedHealth,411.80,"2021-05-05 15:45:03"
UnitedHealth,413.48,"2021-05-05 16:15:02"
UnitedHealth,414.67,"2021-05-06 09:45:02"
UnitedHealth,413.58,"2021-05-06 11:00:02"
UnitedHealth,413.22,"2021-05-06 12:00:04"
UnitedHealth,414.50,"2021-05-06 13:00:02"
UnitedHealth,414.99,"2021-05-06 14:00:02"
UnitedHealth,413.97,"2021-05-06 15:00:02"
UnitedHealth,414.14,"2021-05-06 15:45:03"
UnitedHealth,414.97,"2021-05-06 16:15:04"
UnitedHealth,418.02,"2021-05-07 09:45:03"
UnitedHealth,417.01,"2021-05-07 11:00:02"
UnitedHealth,415.92,"2021-05-07 12:00:05"
UnitedHealth,415.82,"2021-05-07 13:00:02"
UnitedHealth,416.66,"2021-05-07 14:00:03"
UnitedHealth,417.13,"2021-05-07 15:00:06"
UnitedHealth,418.03,"2021-05-07 15:45:03"
UnitedHealth,416.38,"2021-05-07 16:15:02"
UnitedHealth,420.10,"2021-05-10 09:45:02"
UnitedHealth,423.10,"2021-05-10 11:00:03"
UnitedHealth,425.34,"2021-05-10 12:00:03"
UnitedHealth,424.80,"2021-05-10 13:00:02"
UnitedHealth,424.79,"2021-05-10 14:00:03"
UnitedHealth,423.10,"2021-05-10 15:00:05"
UnitedHealth,422.87,"2021-05-10 15:45:03"
UnitedHealth,423.00,"2021-05-10 16:15:02"
UnitedHealth,413.00,"2021-07-11 11:55:36"
UnitedHealth,412.01,"2021-07-12 09:45:02"
UnitedHealth,415.22,"2021-07-12 11:00:04"
UnitedHealth,414.46,"2021-07-12 12:00:03"
UnitedHealth,414.96,"2021-07-12 13:00:03"
UnitedHealth,415.28,"2021-07-12 14:00:04"
UnitedHealth,415.28,"2021-07-12 15:00:03"
UnitedHealth,415.70,"2021-07-12 15:45:02"
UnitedHealth,414.52,"2021-07-12 16:15:03"
UnitedHealth,418.10,"2021-07-13 09:45:05"
UnitedHealth,416.38,"2021-07-13 11:00:02"
UnitedHealth,418.27,"2021-07-13 12:00:03"
UnitedHealth,418.47,"2021-07-13 13:00:03"
UnitedHealth,418.83,"2021-07-13 14:00:04"
UnitedHealth,419.50,"2021-07-13 15:00:04"
UnitedHealth,419.13,"2021-07-13 15:45:03"
UnitedHealth,417.20,"2021-07-13 16:15:02"
UnitedHealth,418.77,"2021-07-14 09:45:03"
UnitedHealth,417.31,"2021-07-14 11:00:03"
UnitedHealth,416.49,"2021-07-14 12:00:03"
UnitedHealth,415.29,"2021-07-14 13:00:02"
UnitedHealth,415.56,"2021-07-14 14:00:02"
UnitedHealth,414.94,"2021-07-14 15:00:02"
UnitedHealth,414.11,"2021-07-14 15:45:02"
UnitedHealth,415.08,"2021-07-14 16:15:03"
UnitedHealth,408.66,"2021-07-15 09:45:02"
UnitedHealth,413.66,"2021-07-15 11:00:05"
UnitedHealth,415.21,"2021-07-15 12:00:03"
UnitedHealth,420.44,"2021-07-15 13:00:02"
UnitedHealth,420.29,"2021-07-15 14:00:03"
UnitedHealth,420.14,"2021-07-15 15:00:04"
UnitedHealth,419.54,"2021-07-15 15:45:02"
UnitedHealth,420.05,"2021-07-15 16:15:07"
UnitedHealth,419.89,"2021-07-16 09:45:02"
UnitedHealth,418.96,"2021-07-16 11:00:02"
UnitedHealth,420.00,"2021-07-16 12:00:03"
UnitedHealth,421.29,"2021-07-16 13:00:03"
UnitedHealth,421.98,"2021-07-16 14:00:03"
UnitedHealth,421.52,"2021-07-16 15:00:03"
UnitedHealth,420.60,"2021-07-16 15:45:03"
UnitedHealth,420.00,"2021-07-16 16:15:02"
UnitedHealth,419.13,"2021-07-19 09:45:03"
UnitedHealth,411.44,"2021-07-19 11:00:03"
UnitedHealth,410.45,"2021-07-19 12:00:03"
UnitedHealth,407.62,"2021-07-19 13:00:03"
UnitedHealth,408.05,"2021-07-19 14:00:04"
UnitedHealth,407.71,"2021-07-19 15:00:03"
UnitedHealth,408.02,"2021-07-19 15:45:02"
UnitedHealth,420.98,"2021-07-19 16:15:02"
UnitedHealth,413.99,"2021-07-20 09:45:02"
UnitedHealth,416.25,"2021-07-20 11:00:03"
UnitedHealth,415.24,"2021-07-20 12:00:02"
UnitedHealth,415.79,"2021-07-20 13:00:02"
UnitedHealth,412.49,"2021-07-20 14:00:03"
UnitedHealth,412.62,"2021-07-20 15:00:04"
UnitedHealth,412.77,"2021-07-20 15:45:02"
UnitedHealth,412.97,"2021-07-20 16:15:02"
UnitedHealth,413.75,"2021-07-21 09:45:02"
UnitedHealth,415.57,"2021-07-21 11:00:03"
UnitedHealth,414.72,"2021-07-21 12:00:03"
UnitedHealth,414.54,"2021-07-21 13:00:03"
UnitedHealth,413.59,"2021-07-21 14:00:03"
UnitedHealth,414.21,"2021-07-21 15:00:04"
UnitedHealth,413.45,"2021-07-21 15:45:03"
UnitedHealth,414.64,"2021-07-21 16:15:02"
UnitedHealth,415.17,"2021-07-22 09:45:02"
UnitedHealth,415.49,"2021-07-22 11:00:02"
UnitedHealth,414.14,"2021-07-22 13:00:03"
UnitedHealth,414.98,"2021-07-22 14:00:03"
UnitedHealth,415.47,"2021-07-22 15:00:03"
UnitedHealth,415.28,"2021-07-22 15:45:02"
UnitedHealth,415.77,"2021-07-22 16:15:02"
UnitedHealth,418.33,"2021-07-23 09:45:04"
UnitedHealth,418.02,"2021-07-23 11:00:02"
UnitedHealth,418.44,"2021-07-23 12:00:03"
UnitedHealth,417.65,"2021-07-23 13:00:04"
UnitedHealth,418.36,"2021-07-23 14:00:02"
UnitedHealth,416.92,"2021-07-23 15:00:02"
UnitedHealth,417.36,"2021-07-23 15:45:03"
UnitedHealth,417.70,"2021-07-23 16:15:02"
UnitedHealth,415.46,"2021-07-26 09:45:02"
UnitedHealth,412.46,"2021-07-26 11:00:02"
UnitedHealth,412.20,"2021-07-26 12:00:02"
UnitedHealth,411.16,"2021-07-26 13:00:03"
UnitedHealth,412.37,"2021-07-26 14:00:02"
UnitedHealth,412.21,"2021-07-26 15:00:02"
UnitedHealth,412.76,"2021-07-26 15:45:04"
UnitedHealth,414.00,"2021-07-26 16:15:03"
UnitedHealth,411.05,"2021-07-27 09:45:02"
UnitedHealth,411.51,"2021-07-27 11:00:01"
UnitedHealth,411.68,"2021-07-27 12:00:02"
UnitedHealth,411.85,"2021-07-27 13:00:02"
UnitedHealth,412.08,"2021-07-27 14:00:04"
UnitedHealth,413.89,"2021-07-27 15:00:03"
UnitedHealth,414.18,"2021-07-27 15:45:03"
UnitedHealth,413.00,"2021-07-27 16:15:04"
UnitedHealth,409.94,"2021-07-28 09:45:04"
UnitedHealth,408.45,"2021-07-28 11:00:05"
UnitedHealth,409.03,"2021-07-28 12:00:03"
UnitedHealth,407.74,"2021-07-28 13:00:02"
UnitedHealth,408.09,"2021-07-28 14:00:04"
UnitedHealth,409.75,"2021-07-28 15:00:03"
UnitedHealth,409.62,"2021-07-28 15:45:03"
UnitedHealth,409.17,"2021-07-28 16:15:02"
UnitedHealth,409.40,"2021-07-29 09:45:02"
UnitedHealth,412.12,"2021-07-29 11:00:02"
UnitedHealth,411.63,"2021-07-29 12:00:02"
UnitedHealth,411.43,"2021-07-29 13:00:03"
UnitedHealth,411.56,"2021-07-29 14:00:02"
UnitedHealth,412.23,"2021-07-29 15:00:03"
UnitedHealth,412.49,"2021-07-29 15:45:03"
UnitedHealth,411.29,"2021-07-29 16:15:03"
UnitedHealth,412.24,"2021-07-30 09:45:04"
UnitedHealth,411.44,"2021-07-30 11:00:02"
UnitedHealth,412.67,"2021-07-30 12:00:04"
UnitedHealth,412.25,"2021-07-30 13:00:02"
UnitedHealth,412.91,"2021-07-30 14:00:03"
UnitedHealth,412.91,"2021-07-30 15:00:02"
UnitedHealth,412.21,"2021-07-30 15:45:03"
UnitedHealth,412.22,"2021-07-30 16:15:02"
UnitedHealth,415.04,"2021-08-02 09:45:03"
UnitedHealth,415.11,"2021-08-02 11:00:02"
UnitedHealth,415.13,"2021-08-02 12:00:03"
UnitedHealth,414.78,"2021-08-02 13:00:02"
UnitedHealth,414.69,"2021-08-02 14:00:03"
UnitedHealth,415.74,"2021-08-02 15:00:01"
UnitedHealth,416.08,"2021-08-02 15:45:02"
UnitedHealth,415.57,"2021-08-02 16:15:02"
UnitedHealth,416.30,"2021-08-03 09:45:05"
UnitedHealth,417.37,"2021-08-03 11:00:02"
UnitedHealth,419.08,"2021-08-03 12:00:03"
UnitedHealth,418.86,"2021-08-03 13:00:03"
UnitedHealth,420.56,"2021-08-03 14:00:03"
UnitedHealth,420.63,"2021-08-03 15:00:04"
UnitedHealth,421.33,"2021-08-03 15:45:02"
UnitedHealth,421.90,"2021-08-03 16:15:03"
UnitedHealth,421.40,"2021-08-04 09:45:02"
UnitedHealth,419.98,"2021-08-04 11:00:03"
UnitedHealth,421.18,"2021-08-04 12:00:02"
UnitedHealth,422.21,"2021-08-04 13:00:03"
UnitedHealth,422.22,"2021-08-04 14:00:03"
UnitedHealth,422.11,"2021-08-04 15:00:02"
UnitedHealth,421.91,"2021-08-04 15:45:02"
UnitedHealth,421.54,"2021-08-04 16:15:04"
UnitedHealth,419.22,"2021-08-05 09:45:02"
UnitedHealth,409.62,"2021-08-05 11:00:05"
UnitedHealth,409.84,"2021-08-05 12:00:02"
UnitedHealth,408.95,"2021-08-05 13:00:02"
UnitedHealth,409.52,"2021-08-05 14:00:03"
UnitedHealth,409.68,"2021-08-05 15:00:02"
UnitedHealth,410.87,"2021-08-05 15:45:03"
UnitedHealth,411.19,"2021-08-05 16:15:02"
UnitedHealth,413.93,"2021-08-06 09:45:04"
UnitedHealth,413.04,"2021-08-06 11:00:04"
UnitedHealth,413.16,"2021-08-06 12:00:03"
UnitedHealth,415.78,"2021-08-06 13:00:03"
UnitedHealth,415.72,"2021-08-06 14:00:02"
UnitedHealth,416.33,"2021-08-06 15:00:02"
UnitedHealth,414.81,"2021-08-06 15:45:03"
UnitedHealth,414.08,"2021-08-06 16:15:02"
UnitedHealth,415.42,"2021-08-09 09:45:03"
UnitedHealth,414.28,"2021-08-09 11:00:02"
UnitedHealth,412.86,"2021-08-09 12:00:02"
UnitedHealth,411.93,"2021-08-09 13:00:02"
UnitedHealth,410.90,"2021-08-09 14:00:04"
UnitedHealth,410.88,"2021-08-09 15:00:03"
UnitedHealth,411.35,"2021-08-09 15:45:03"
UnitedHealth,410.87,"2021-08-09 16:15:03"
UnitedHealth,409.85,"2021-08-10 09:45:03"
UnitedHealth,411.48,"2021-08-10 11:00:02"
UnitedHealth,412.92,"2021-08-10 12:00:02"
UnitedHealth,412.68,"2021-08-10 13:00:04"
UnitedHealth,412.55,"2021-08-10 14:00:04"
UnitedHealth,412.04,"2021-08-10 15:00:02"
UnitedHealth,411.79,"2021-08-10 15:45:03"
UnitedHealth,413.80,"2021-08-10 16:15:03"
UnitedHealth,411.83,"2021-08-11 09:45:02"
UnitedHealth,410.74,"2021-08-11 11:00:03"
UnitedHealth,411.37,"2021-08-11 12:00:04"
UnitedHealth,410.45,"2021-08-11 13:00:04"
UnitedHealth,410.05,"2021-08-11 14:00:03"
UnitedHealth,409.20,"2021-08-11 15:00:03"
UnitedHealth,408.11,"2021-08-11 15:45:04"
UnitedHealth,407.74,"2021-08-11 16:15:04"
UnitedHealth,407.42,"2021-08-12 09:45:03"
UnitedHealth,405.80,"2021-08-12 11:00:03"
UnitedHealth,405.61,"2021-08-12 12:00:03"
UnitedHealth,406.98,"2021-08-12 13:00:02"
UnitedHealth,405.99,"2021-08-12 14:00:02"
UnitedHealth,406.55,"2021-08-12 15:00:02"
UnitedHealth,406.14,"2021-08-12 15:45:03"
UnitedHealth,407.19,"2021-08-12 16:15:03"
UnitedHealth,407.51,"2021-08-13 09:45:03"
UnitedHealth,407.56,"2021-08-13 11:00:03"
UnitedHealth,408.68,"2021-08-13 12:00:03"
UnitedHealth,407.11,"2021-08-13 13:00:03"
UnitedHealth,407.88,"2021-08-13 14:00:03"
UnitedHealth,409.31,"2021-08-13 15:00:03"
UnitedHealth,409.36,"2021-08-13 15:45:03"
UnitedHealth,408.90,"2021-08-13 16:15:03"
UnitedHealth,409.01,"2021-08-16 09:45:03"
UnitedHealth,410.18,"2021-08-16 11:00:02"
UnitedHealth,412.82,"2021-08-16 12:00:03"
UnitedHealth,413.46,"2021-08-16 13:00:03"
UnitedHealth,414.10,"2021-08-16 14:00:03"
UnitedHealth,415.97,"2021-08-16 15:00:03"
UnitedHealth,415.85,"2021-08-16 15:45:02"
UnitedHealth,418.11,"2021-08-16 16:15:03"
UnitedHealth,419.31,"2021-08-17 09:45:02"
UnitedHealth,420.25,"2021-08-17 11:00:04"
UnitedHealth,420.94,"2021-08-17 12:00:03"
UnitedHealth,421.35,"2021-08-17 13:00:04"
UnitedHealth,421.22,"2021-08-17 14:00:04"
UnitedHealth,420.93,"2021-08-17 15:00:02"
UnitedHealth,421.55,"2021-08-17 15:45:02"
UnitedHealth,421.78,"2021-08-17 16:15:02"
UnitedHealth,417.67,"2021-08-18 09:45:02"
UnitedHealth,419.29,"2021-08-18 11:00:03"
UnitedHealth,419.80,"2021-08-18 12:00:02"
UnitedHealth,419.69,"2021-08-18 13:00:03"
UnitedHealth,419.31,"2021-08-18 14:00:02"
UnitedHealth,418.20,"2021-08-18 15:00:03"
UnitedHealth,417.95,"2021-08-18 15:45:03"
UnitedHealth,417.32,"2021-08-18 16:15:03"
UnitedHealth,417.67,"2021-08-19 09:45:03"
UnitedHealth,425.54,"2021-08-19 11:00:03"
UnitedHealth,427.00,"2021-08-19 12:00:03"
UnitedHealth,425.85,"2021-08-19 13:00:04"
UnitedHealth,424.01,"2021-08-19 14:00:04"
UnitedHealth,426.41,"2021-08-19 15:00:03"
UnitedHealth,426.70,"2021-08-19 15:45:03"
UnitedHealth,420.90,"2021-08-19 16:15:02"
UnitedHealth,427.24,"2021-08-20 09:45:02"
UnitedHealth,429.57,"2021-08-20 11:00:04"
UnitedHealth,430.23,"2021-08-20 12:00:03"
UnitedHealth,430.19,"2021-08-20 13:00:03"
UnitedHealth,429.63,"2021-08-20 14:00:03"
UnitedHealth,429.10,"2021-08-20 15:00:04"
UnitedHealth,430.09,"2021-08-20 15:45:04"
UnitedHealth,429.71,"2021-08-20 16:15:08"
UnitedHealth,428.60,"2021-08-23 09:45:02"
UnitedHealth,427.57,"2021-08-23 11:00:03"
UnitedHealth,427.27,"2021-08-23 12:00:03"
UnitedHealth,427.04,"2021-08-23 13:00:03"
UnitedHealth,426.26,"2021-08-23 14:00:04"
UnitedHealth,426.86,"2021-08-23 15:00:04"
UnitedHealth,426.11,"2021-08-23 15:45:03"
UnitedHealth,426.10,"2021-08-23 16:15:14"
UnitedHealth,423.62,"2021-08-24 09:45:03"
UnitedHealth,423.93,"2021-08-24 11:00:03"
UnitedHealth,424.86,"2021-08-24 12:00:02"
UnitedHealth,424.15,"2021-08-24 13:00:03"
UnitedHealth,425.23,"2021-08-24 14:00:03"
UnitedHealth,424.84,"2021-08-24 15:00:03"
UnitedHealth,423.75,"2021-08-24 15:45:04"
UnitedHealth,423.41,"2021-08-24 16:15:02"
UnitedHealth,421.37,"2021-08-25 09:45:03"
UnitedHealth,422.19,"2021-08-25 11:00:04"
UnitedHealth,422.34,"2021-08-25 12:00:03"
UnitedHealth,421.98,"2021-08-25 13:00:04"
UnitedHealth,421.46,"2021-08-25 14:00:04"
UnitedHealth,420.29,"2021-08-25 15:00:03"
UnitedHealth,420.60,"2021-08-25 15:45:04"
UnitedHealth,419.74,"2021-08-25 16:15:08"
UnitedHealth,419.70,"2021-08-26 09:45:03"
UnitedHealth,417.35,"2021-08-26 11:00:03"
UnitedHealth,416.81,"2021-08-26 12:00:04"
UnitedHealth,417.50,"2021-08-26 13:00:03"
UnitedHealth,417.76,"2021-08-26 14:00:03"
UnitedHealth,417.42,"2021-08-26 15:00:03"
UnitedHealth,417.43,"2021-08-26 15:45:03"
UnitedHealth,416.85,"2021-08-26 16:15:08"
UnitedHealth,416.24,"2021-08-27 09:45:02"
UnitedHealth,418.10,"2021-08-27 11:00:02"
UnitedHealth,418.51,"2021-08-27 12:00:04"
UnitedHealth,420.34,"2021-08-27 13:00:03"
UnitedHealth,418.92,"2021-08-27 14:00:04"
UnitedHealth,418.72,"2021-08-27 15:00:04"
UnitedHealth,419.45,"2021-08-27 15:45:04"
UnitedHealth,418.76,"2021-08-27 16:15:03"
UnitedHealth,418.98,"2021-08-30 09:45:02"
UnitedHealth,419.82,"2021-08-30 11:00:03"
UnitedHealth,419.22,"2021-08-30 12:00:03"
UnitedHealth,418.88,"2021-08-30 13:00:03"
UnitedHealth,418.94,"2021-08-30 14:00:02"
UnitedHealth,418.79,"2021-08-30 15:00:03"
UnitedHealth,418.60,"2021-08-30 15:45:02"
UnitedHealth,418.27,"2021-08-30 16:15:03"
UnitedHealth,417.37,"2021-08-31 09:45:03"
UnitedHealth,419.75,"2021-08-31 11:00:04"
UnitedHealth,419.36,"2021-08-31 12:00:04"
UnitedHealth,417.22,"2021-08-31 13:00:04"
UnitedHealth,415.64,"2021-08-31 14:00:04"
UnitedHealth,415.16,"2021-08-31 15:00:04"
UnitedHealth,416.20,"2021-08-31 15:45:03"
UnitedHealth,416.27,"2021-08-31 16:15:02"
UnitedHealth,412.87,"2021-09-01 09:45:03"
UnitedHealth,412.60,"2021-09-01 11:00:04"
UnitedHealth,414.72,"2021-09-01 12:00:02"
UnitedHealth,417.75,"2021-09-01 13:00:03"
UnitedHealth,418.57,"2021-09-01 14:00:03"
UnitedHealth,419.06,"2021-09-01 15:00:03"
UnitedHealth,417.50,"2021-09-01 15:45:02"
UnitedHealth,417.35,"2021-09-01 16:15:02"
UnitedHealth,422.11,"2021-09-02 09:45:03"
UnitedHealth,422.19,"2021-09-02 11:00:02"
UnitedHealth,421.83,"2021-09-02 12:00:02"
UnitedHealth,422.51,"2021-09-02 13:00:03"
UnitedHealth,422.95,"2021-09-02 14:00:03"
UnitedHealth,423.99,"2021-09-02 15:00:03"
UnitedHealth,422.89,"2021-09-02 15:45:05"
UnitedHealth,423.36,"2021-09-02 16:15:08"
UnitedHealth,421.01,"2021-09-03 09:45:03"
UnitedHealth,422.57,"2021-09-03 11:00:03"
UnitedHealth,422.04,"2021-09-03 12:00:04"
UnitedHealth,422.29,"2021-09-03 13:00:03"
UnitedHealth,423.35,"2021-09-03 14:00:02"
UnitedHealth,423.11,"2021-09-03 15:00:03"
UnitedHealth,423.48,"2021-09-03 15:45:03"
UnitedHealth,422.86,"2021-09-03 16:15:02"
UnitedHealth,423.90,"2021-09-06 09:45:03"
UnitedHealth,423.90,"2021-09-06 11:00:03"
UnitedHealth,423.90,"2021-09-06 12:00:02"
UnitedHealth,423.90,"2021-09-06 13:00:03"
UnitedHealth,423.90,"2021-09-06 14:00:04"
UnitedHealth,423.90,"2021-09-06 15:00:02"
UnitedHealth,423.90,"2021-09-06 15:45:04"
UnitedHealth,423.90,"2021-09-06 16:15:02"
UnitedHealth,418.93,"2021-09-07 09:45:03"
UnitedHealth,418.98,"2021-09-07 11:00:03"
UnitedHealth,418.53,"2021-09-07 12:00:04"
UnitedHealth,419.84,"2021-09-07 13:00:04"
UnitedHealth,420.51,"2021-09-07 14:00:03"
UnitedHealth,421.96,"2021-09-07 15:00:03"
UnitedHealth,420.95,"2021-09-07 15:45:05"
UnitedHealth,421.57,"2021-09-07 16:15:02"
UnitedHealth,421.49,"2021-09-08 09:45:03"
UnitedHealth,420.08,"2021-09-08 11:00:04"
UnitedHealth,416.46,"2021-09-08 12:00:03"
UnitedHealth,416.11,"2021-09-08 13:00:02"
UnitedHealth,414.79,"2021-09-08 14:00:03"
UnitedHealth,415.50,"2021-09-08 15:00:02"
UnitedHealth,414.42,"2021-09-08 15:45:02"
UnitedHealth,414.80,"2021-09-08 16:15:09"
UnitedHealth,417.69,"2021-09-09 09:45:03"
UnitedHealth,418.67,"2021-09-09 11:00:03"
UnitedHealth,416.18,"2021-09-09 12:00:04"
UnitedHealth,416.25,"2021-09-09 13:00:02"
UnitedHealth,414.43,"2021-09-09 14:00:03"
UnitedHealth,415.57,"2021-09-09 15:00:02"
UnitedHealth,415.31,"2021-09-09 15:45:03"
UnitedHealth,414.55,"2021-09-09 16:15:03"
UnitedHealth,412.41,"2021-09-10 09:45:02"
UnitedHealth,404.20,"2021-09-10 11:00:03"
UnitedHealth,405.60,"2021-09-10 12:00:05"
UnitedHealth,407.92,"2021-09-10 13:00:04"
UnitedHealth,406.26,"2021-09-10 14:00:03"
UnitedHealth,406.37,"2021-09-10 15:00:02"
UnitedHealth,405.12,"2021-09-10 15:45:10"
UnitedHealth,403.91,"2021-09-10 16:15:08"
UnitedHealth,409.50,"2021-09-13 09:45:04"
UnitedHealth,413.88,"2021-09-13 11:00:02"
UnitedHealth,415.09,"2021-09-13 12:00:02"
UnitedHealth,416.29,"2021-09-13 13:00:03"
UnitedHealth,414.22,"2021-09-13 14:00:02"
UnitedHealth,412.50,"2021-09-13 15:00:03"
UnitedHealth,414.58,"2021-09-13 15:45:04"
UnitedHealth,414.52,"2021-09-13 16:15:09"
UnitedHealth,415.69,"2021-09-14 09:45:03"
UnitedHealth,412.60,"2021-09-14 11:00:02"
UnitedHealth,414.22,"2021-09-14 12:00:04"
UnitedHealth,413.79,"2021-09-14 13:00:04"
UnitedHealth,413.62,"2021-09-14 14:00:06"
UnitedHealth,413.19,"2021-09-14 15:00:04"
UnitedHealth,412.58,"2021-09-14 15:45:03"
UnitedHealth,412.54,"2021-09-14 16:15:08"
UnitedHealth,413.56,"2021-09-15 09:45:03"
UnitedHealth,417.13,"2021-09-15 11:00:02"
UnitedHealth,418.23,"2021-09-15 12:00:04"
UnitedHealth,419.44,"2021-09-15 13:00:04"
UnitedHealth,420.45,"2021-09-15 14:00:04"
UnitedHealth,418.34,"2021-09-15 15:00:02"
UnitedHealth,418.09,"2021-09-15 15:45:04"
UnitedHealth,417.52,"2021-09-15 16:15:08"
UnitedHealth,421.26,"2021-09-16 09:45:04"
UnitedHealth,415.67,"2021-09-16 11:00:04"
UnitedHealth,415.87,"2021-09-16 12:00:04"
UnitedHealth,415.53,"2021-09-16 13:00:03"
UnitedHealth,417.95,"2021-09-16 14:00:04"
UnitedHealth,416.85,"2021-09-16 15:00:03"
UnitedHealth,417.64,"2021-09-16 15:45:03"
UnitedHealth,415.98,"2021-09-16 16:15:15"
UnitedHealth,418.30,"2021-09-17 09:45:04"
UnitedHealth,419.23,"2021-09-17 11:00:04"
UnitedHealth,420.27,"2021-09-17 12:00:03"
UnitedHealth,420.94,"2021-09-17 13:00:03"
UnitedHealth,419.65,"2021-09-17 14:00:03"
UnitedHealth,419.55,"2021-09-17 15:00:03"
UnitedHealth,419.78,"2021-09-17 15:45:04"
UnitedHealth,420.16,"2021-09-17 16:15:05"
UnitedHealth,417.42,"2021-09-20 09:45:03"
UnitedHealth,415.44,"2021-09-20 11:00:03"
UnitedHealth,415.26,"2021-09-20 12:00:04"
UnitedHealth,413.10,"2021-09-20 13:00:06"
UnitedHealth,412.17,"2021-09-20 14:00:08"
UnitedHealth,411.09,"2021-09-20 15:00:02"
UnitedHealth,411.77,"2021-09-20 15:45:04"
UnitedHealth,412.47,"2021-09-20 16:15:09"
UnitedHealth,417.25,"2021-09-21 09:45:04"
UnitedHealth,415.93,"2021-09-21 11:00:02"
UnitedHealth,416.48,"2021-09-21 12:00:04"
UnitedHealth,415.73,"2021-09-21 13:00:03"
UnitedHealth,414.09,"2021-09-21 14:00:04"
UnitedHealth,413.55,"2021-09-21 15:00:04"
UnitedHealth,413.20,"2021-09-21 15:45:03"
UnitedHealth,407.05,"2021-09-22 09:45:03"
UnitedHealth,409.90,"2021-09-22 11:00:03"
UnitedHealth,410.99,"2021-09-22 12:00:03"
UnitedHealth,410.05,"2021-09-22 13:00:04"
UnitedHealth,409.27,"2021-09-22 14:00:04"
UnitedHealth,409.06,"2021-09-22 15:00:09"
UnitedHealth,408.62,"2021-09-22 15:45:04"
UnitedHealth,408.70,"2021-09-22 16:15:02"
UnitedHealth,410.60,"2021-09-23 09:45:03"
UnitedHealth,414.36,"2021-09-23 11:00:04"
UnitedHealth,412.62,"2021-09-23 12:00:05"
UnitedHealth,411.11,"2021-09-23 13:00:02"
UnitedHealth,411.48,"2021-09-23 14:00:03"
UnitedHealth,411.03,"2021-09-23 15:00:02"
UnitedHealth,409.80,"2021-09-23 15:45:03"
UnitedHealth,408.03,"2021-09-23 16:15:02"
UnitedHealth,406.57,"2021-09-24 09:45:04"
UnitedHealth,406.75,"2021-09-24 11:00:02"
UnitedHealth,405.93,"2021-09-24 12:00:03"
UnitedHealth,406.53,"2021-09-24 13:00:03"
UnitedHealth,406.79,"2021-09-24 14:00:03"
UnitedHealth,407.26,"2021-09-24 15:00:02"
UnitedHealth,407.29,"2021-09-24 15:45:03"
UnitedHealth,407.84,"2021-09-24 16:15:09"
UnitedHealth,410.87,"2021-09-27 09:45:03"
UnitedHealth,408.70,"2021-09-27 11:00:03"
UnitedHealth,408.17,"2021-09-27 12:00:02"
UnitedHealth,407.70,"2021-09-27 13:00:04"
UnitedHealth,407.15,"2021-09-27 14:00:03"
UnitedHealth,405.86,"2021-09-27 15:00:04"
UnitedHealth,405.36,"2021-09-27 15:45:03"
UnitedHealth,405.36,"2021-09-27 16:15:09"
UnitedHealth,402.86,"2021-09-28 09:45:02"
UnitedHealth,399.93,"2021-09-28 11:00:03"
UnitedHealth,399.38,"2021-09-28 12:00:04"
UnitedHealth,397.52,"2021-09-28 13:00:03"
UnitedHealth,399.13,"2021-09-28 14:00:02"
UnitedHealth,399.34,"2021-09-28 15:00:04"
UnitedHealth,399.64,"2021-09-28 15:45:03"
UnitedHealth,398.62,"2021-09-28 16:15:08"
UnitedHealth,397.16,"2021-09-29 09:45:03"
UnitedHealth,399.73,"2021-09-29 11:00:04"
UnitedHealth,400.72,"2021-09-29 12:00:02"
UnitedHealth,399.81,"2021-09-29 13:00:04"
UnitedHealth,399.61,"2021-09-29 14:00:04"
UnitedHealth,401.39,"2021-09-29 15:00:03"
UnitedHealth,400.78,"2021-09-29 15:45:02"
UnitedHealth,401.44,"2021-09-29 16:15:08"
UnitedHealth,399.49,"2021-09-30 09:45:03"
UnitedHealth,397.28,"2021-09-30 11:00:03"
UnitedHealth,392.58,"2021-09-30 12:00:03"
UnitedHealth,391.29,"2021-09-30 13:00:04"
UnitedHealth,392.47,"2021-09-30 14:00:03"
UnitedHealth,393.91,"2021-09-30 15:00:03"
UnitedHealth,392.16,"2021-09-30 15:45:03"
UnitedHealth,390.74,"2021-09-30 16:15:03"
UnitedHealth,385.79,"2021-10-01 09:45:03"
UnitedHealth,385.70,"2021-10-01 11:00:01"
UnitedHealth,387.96,"2021-10-01 12:00:04"
UnitedHealth,388.24,"2021-10-01 13:00:04"
UnitedHealth,390.30,"2021-10-01 14:00:03"
UnitedHealth,391.25,"2021-10-01 15:00:03"
UnitedHealth,392.85,"2021-10-01 15:45:03"
UnitedHealth,392.43,"2021-10-01 16:15:07"
UnitedHealth,392.41,"2021-10-04 09:45:03"
UnitedHealth,385.78,"2021-10-04 11:00:02"
UnitedHealth,387.14,"2021-10-04 12:00:02"
UnitedHealth,386.98,"2021-10-04 13:00:03"
UnitedHealth,386.67,"2021-10-04 14:00:03"
UnitedHealth,386.17,"2021-10-04 15:00:03"
UnitedHealth,386.78,"2021-10-04 15:45:04"
UnitedHealth,387.00,"2021-10-04 16:15:03"
UnitedHealth,389.89,"2021-10-05 09:45:04"
UnitedHealth,393.74,"2021-10-05 11:00:02"
UnitedHealth,392.79,"2021-10-05 12:00:03"
UnitedHealth,392.05,"2021-10-05 13:00:03"
UnitedHealth,393.30,"2021-10-05 14:00:04"
UnitedHealth,395.62,"2021-10-05 15:00:02"
UnitedHealth,395.07,"2021-10-05 15:45:04"
UnitedHealth,393.75,"2021-10-05 16:15:04"
UnitedHealth,389.32,"2021-10-06 09:45:03"
UnitedHealth,389.99,"2021-10-06 11:00:03"
UnitedHealth,390.08,"2021-10-06 12:00:03"
UnitedHealth,389.64,"2021-10-06 13:00:03"
UnitedHealth,392.24,"2021-10-06 14:00:04"
UnitedHealth,392.75,"2021-10-06 15:00:02"
UnitedHealth,393.62,"2021-10-06 15:45:03"
UnitedHealth,392.53,"2021-10-06 16:15:04"
UnitedHealth,400.44,"2021-10-07 09:45:04"
UnitedHealth,404.26,"2021-10-07 11:00:03"
UnitedHealth,405.71,"2021-10-07 12:00:03"
UnitedHealth,407.52,"2021-10-07 13:00:02"
UnitedHealth,406.77,"2021-10-07 14:00:02"
UnitedHealth,404.64,"2021-10-07 15:00:03"
UnitedHealth,405.26,"2021-10-07 15:45:02"
UnitedHealth,404.70,"2021-10-07 16:15:03"
UnitedHealth,404.01,"2021-10-08 09:45:03"
UnitedHealth,403.18,"2021-10-08 11:00:04"
UnitedHealth,405.05,"2021-10-08 12:00:03"
UnitedHealth,405.66,"2021-10-08 13:00:04"
UnitedHealth,406.92,"2021-10-08 14:00:03"
UnitedHealth,408.37,"2021-10-08 15:00:03"
UnitedHealth,408.56,"2021-10-08 15:45:04"
UnitedHealth,405.73,"2021-10-08 16:15:04"
UnitedHealth,408.83,"2021-10-11 09:45:03"
UnitedHealth,410.39,"2021-10-11 11:00:03"
UnitedHealth,410.34,"2021-10-11 12:00:03"
UnitedHealth,407.79,"2021-10-11 13:00:02"
UnitedHealth,406.56,"2021-10-11 14:00:03"
UnitedHealth,405.26,"2021-10-11 15:00:02"
UnitedHealth,405.44,"2021-10-11 15:45:02"
UnitedHealth,404.99,"2021-10-11 16:15:03"
UnitedHealth,405.22,"2021-10-12 09:45:03"
UnitedHealth,406.98,"2021-10-12 11:00:03"
UnitedHealth,406.54,"2021-10-12 12:00:03"
UnitedHealth,405.89,"2021-10-12 13:00:03"
UnitedHealth,405.71,"2021-10-12 14:00:04"
UnitedHealth,405.97,"2021-10-12 15:00:02"
UnitedHealth,403.46,"2021-10-12 15:45:02"
UnitedHealth,402.72,"2021-10-12 16:15:02"
UnitedHealth,401.88,"2021-10-13 09:45:02"
UnitedHealth,399.37,"2021-10-13 11:00:03"
UnitedHealth,402.36,"2021-10-13 12:00:03"
UnitedHealth,404.58,"2021-10-13 13:00:03"
UnitedHealth,404.22,"2021-10-13 14:00:03"
UnitedHealth,403.92,"2021-10-13 15:00:03"
UnitedHealth,404.15,"2021-10-13 15:45:04"
UnitedHealth,403.85,"2021-10-13 16:15:03"
UnitedHealth,425.98,"2021-10-14 09:45:03"
UnitedHealth,425.99,"2021-10-14 11:00:03"
UnitedHealth,421.44,"2021-10-14 12:00:03"
UnitedHealth,419.21,"2021-10-14 13:00:04"
UnitedHealth,420.80,"2021-10-14 14:00:03"
UnitedHealth,419.16,"2021-10-14 15:00:03"
UnitedHealth,419.08,"2021-10-14 15:45:02"
UnitedHealth,420.40,"2021-10-14 16:15:03"
UnitedHealth,425.00,"2021-10-15 09:45:04"
UnitedHealth,427.15,"2021-10-15 11:00:02"
UnitedHealth,428.76,"2021-10-15 12:00:02"
UnitedHealth,427.74,"2021-10-15 13:00:04"
UnitedHealth,429.90,"2021-10-15 14:00:05"
UnitedHealth,429.17,"2021-10-15 15:00:04"
UnitedHealth,428.40,"2021-10-15 15:45:04"
UnitedHealth,428.02,"2021-10-15 16:15:02"
UnitedHealth,427.20,"2021-10-18 09:45:05"
UnitedHealth,426.09,"2021-10-18 11:00:05"
UnitedHealth,426.60,"2021-10-18 12:00:04"
UnitedHealth,425.14,"2021-10-18 13:00:05"
UnitedHealth,426.23,"2021-10-18 14:00:02"
UnitedHealth,425.57,"2021-10-18 15:00:02"
UnitedHealth,424.69,"2021-10-18 15:45:05"
UnitedHealth,424.46,"2021-10-18 16:15:05"
UnitedHealth,426.97,"2021-10-19 09:45:02"
UnitedHealth,425.74,"2021-10-19 11:00:04"
UnitedHealth,424.20,"2021-10-19 12:00:05"
UnitedHealth,423.66,"2021-10-19 13:00:02"
UnitedHealth,424.28,"2021-10-19 14:00:05"
UnitedHealth,424.02,"2021-10-19 15:00:02"
UnitedHealth,423.96,"2021-10-19 15:45:03"
UnitedHealth,424.18,"2021-10-19 16:15:02"
UnitedHealth,433.28,"2021-10-20 09:45:02"
UnitedHealth,432.50,"2021-10-20 11:00:03"
UnitedHealth,432.88,"2021-10-20 12:00:04"
UnitedHealth,433.89,"2021-10-20 13:00:05"
UnitedHealth,433.19,"2021-10-20 14:00:05"
UnitedHealth,434.50,"2021-10-20 15:00:05"
UnitedHealth,435.10,"2021-10-20 15:45:04"
UnitedHealth,435.43,"2021-10-20 16:15:05"
UnitedHealth,436.60,"2021-10-21 09:45:03"
UnitedHealth,437.46,"2021-10-21 11:00:03"
UnitedHealth,439.50,"2021-10-21 12:00:04"
UnitedHealth,439.39,"2021-10-21 13:00:05"
UnitedHealth,440.57,"2021-10-21 14:00:02"
UnitedHealth,440.13,"2021-10-21 15:00:02"
UnitedHealth,441.33,"2021-10-21 15:45:04"
UnitedHealth,442.40,"2021-10-21 16:15:04"
UnitedHealth,443.27,"2021-10-22 09:45:02"
UnitedHealth,446.24,"2021-10-22 11:00:03"
UnitedHealth,446.69,"2021-10-22 12:00:04"
UnitedHealth,448.31,"2021-10-22 13:00:03"
UnitedHealth,447.85,"2021-10-22 14:00:02"
UnitedHealth,448.37,"2021-10-22 15:00:02"
UnitedHealth,448.33,"2021-10-22 15:45:03"
UnitedHealth,449.40,"2021-10-22 16:15:02"
UnitedHealth,449.40,"2021-10-25 09:45:04"
UnitedHealth,451.63,"2021-10-25 11:00:05"
UnitedHealth,449.76,"2021-10-25 12:00:04"
UnitedHealth,449.27,"2021-10-25 13:00:05"
UnitedHealth,448.28,"2021-10-25 14:00:05"
UnitedHealth,448.98,"2021-10-25 15:00:03"
UnitedHealth,449.06,"2021-10-25 15:45:04"
UnitedHealth,449.73,"2021-10-25 16:15:05"
UnitedHealth,448.82,"2021-10-26 09:45:05"
UnitedHealth,452.97,"2021-10-26 11:00:05"
UnitedHealth,454.70,"2021-10-26 12:00:03"
UnitedHealth,454.96,"2021-10-26 13:00:02"
UnitedHealth,454.88,"2021-10-26 14:00:05"
UnitedHealth,456.30,"2021-10-26 15:00:04"
UnitedHealth,457.18,"2021-10-26 15:45:03"
UnitedHealth,457.23,"2021-10-26 16:15:08"
UnitedHealth,455.14,"2021-10-27 09:45:05"
UnitedHealth,459.19,"2021-10-27 11:00:09"
UnitedHealth,454.79,"2021-10-27 12:00:02"
UnitedHealth,455.76,"2021-10-27 13:00:05"
UnitedHealth,454.17,"2021-10-27 14:00:03"
UnitedHealth,456.24,"2021-10-27 15:00:05"
UnitedHealth,455.05,"2021-10-27 15:45:05"
UnitedHealth,453.87,"2021-10-27 16:15:06"
UnitedHealth,453.94,"2021-10-28 09:45:04"
UnitedHealth,457.28,"2021-10-28 11:00:02"
UnitedHealth,455.79,"2021-10-28 12:00:05"
UnitedHealth,454.95,"2021-10-28 13:00:04"
UnitedHealth,455.16,"2021-10-28 14:00:05"
UnitedHealth,454.29,"2021-10-28 15:00:05"
UnitedHealth,454.59,"2021-10-28 15:45:04"
UnitedHealth,455.74,"2021-10-28 16:16:22"
UnitedHealth,454.44,"2021-10-29 09:45:04"
UnitedHealth,456.44,"2021-10-29 11:00:03"
UnitedHealth,456.43,"2021-10-29 12:00:05"
UnitedHealth,459.00,"2021-10-29 13:00:04"
UnitedHealth,458.93,"2021-10-29 14:00:05"
UnitedHealth,459.53,"2021-10-29 15:00:05"
UnitedHealth,459.94,"2021-10-29 15:45:05"
UnitedHealth,460.31,"2021-10-29 16:15:09"
UnitedHealth,462.69,"2021-11-01 09:45:05"
UnitedHealth,455.33,"2021-11-01 11:00:05"
UnitedHealth,454.40,"2021-11-01 12:00:03"
UnitedHealth,453.90,"2021-11-01 13:00:02"
UnitedHealth,452.08,"2021-11-01 14:00:05"
UnitedHealth,454.59,"2021-11-01 15:00:02"
UnitedHealth,453.55,"2021-11-01 15:45:04"
UnitedHealth,454.03,"2021-11-01 16:15:05"
UnitedHealth,453.62,"2021-11-02 09:45:05"
UnitedHealth,453.53,"2021-11-02 11:00:05"
UnitedHealth,455.66,"2021-11-02 12:00:03"
UnitedHealth,455.88,"2021-11-02 13:00:03"
UnitedHealth,454.10,"2021-11-02 14:00:03"
UnitedHealth,452.92,"2021-11-02 15:00:05"
UnitedHealth,450.75,"2021-11-02 15:45:03"
UnitedHealth,452.24,"2021-11-02 16:15:03"
UnitedHealth,449.58,"2021-11-03 09:45:04"
UnitedHealth,452.87,"2021-11-03 11:00:03"
UnitedHealth,452.93,"2021-11-03 12:00:04"
UnitedHealth,453.71,"2021-11-03 13:00:03"
UnitedHealth,453.11,"2021-11-03 14:00:05"
UnitedHealth,455.33,"2021-11-03 15:00:03"
UnitedHealth,456.74,"2021-11-03 15:45:05"
UnitedHealth,457.43,"2021-11-03 16:15:05"
UnitedHealth,456.89,"2021-11-04 09:45:05"
UnitedHealth,454.29,"2021-11-04 11:00:04"
UnitedHealth,453.28,"2021-11-04 12:00:05"
UnitedHealth,453.95,"2021-11-04 13:00:04"
UnitedHealth,454.77,"2021-11-04 14:00:02"
UnitedHealth,452.94,"2021-11-04 15:00:05"
UnitedHealth,454.92,"2021-11-04 15:45:02"
UnitedHealth,456.88,"2021-11-04 16:15:03"
UnitedHealth,459.66,"2021-11-05 09:45:03"
UnitedHealth,457.66,"2021-11-05 11:00:06"
UnitedHealth,457.83,"2021-11-05 12:00:05"
UnitedHealth,458.10,"2021-11-05 13:00:05"
UnitedHealth,455.40,"2021-11-05 14:00:05"
UnitedHealth,455.99,"2021-11-05 15:00:06"
UnitedHealth,456.17,"2021-11-05 15:45:06"
UnitedHealth,455.67,"2021-11-05 16:15:01"
UnitedHealth,455.78,"2021-11-08 09:45:05"
UnitedHealth,459.47,"2021-11-08 11:00:02"
UnitedHealth,459.99,"2021-11-08 12:00:05"
UnitedHealth,460.10,"2021-11-08 13:00:03"
UnitedHealth,461.14,"2021-11-08 14:00:04"
UnitedHealth,462.90,"2021-11-08 15:00:03"
UnitedHealth,462.85,"2021-11-08 15:45:02"
UnitedHealth,463.13,"2021-11-08 16:15:15"
UnitedHealth,462.60,"2021-11-09 09:45:02"
UnitedHealth,461.37,"2021-11-09 11:00:03"
UnitedHealth,462.27,"2021-11-09 12:00:02"
UnitedHealth,463.00,"2021-11-09 13:00:04"
UnitedHealth,462.64,"2021-11-09 14:00:02"
UnitedHealth,462.16,"2021-11-09 15:00:04"
UnitedHealth,464.19,"2021-11-09 15:45:03"
UnitedHealth,464.36,"2021-11-09 16:15:09"
UnitedHealth,463.04,"2021-11-10 09:45:03"
UnitedHealth,460.27,"2021-11-10 11:00:02"
UnitedHealth,457.06,"2021-11-10 12:00:03"
UnitedHealth,458.43,"2021-11-10 13:00:04"
UnitedHealth,457.94,"2021-11-10 14:00:04"
UnitedHealth,459.19,"2021-11-10 15:00:04"
UnitedHealth,459.31,"2021-11-10 15:45:04"
UnitedHealth,459.47,"2021-11-10 16:15:09"
UnitedHealth,457.68,"2021-11-11 09:45:04"
UnitedHealth,456.66,"2021-11-11 11:00:03"
UnitedHealth,456.52,"2021-11-11 12:00:04"
UnitedHealth,456.83,"2021-11-11 13:00:03"
UnitedHealth,457.87,"2021-11-11 14:00:02"
UnitedHealth,457.30,"2021-11-11 15:00:03"
UnitedHealth,458.30,"2021-11-11 15:45:03"
UnitedHealth,457.24,"2021-11-11 16:15:09"
UnitedHealth,459.43,"2021-11-12 09:45:04"
UnitedHealth,458.38,"2021-11-12 11:00:03"
UnitedHealth,457.53,"2021-11-12 12:00:04"
UnitedHealth,458.42,"2021-11-12 13:00:04"
UnitedHealth,458.49,"2021-11-12 14:00:03"
UnitedHealth,458.82,"2021-11-12 15:00:04"
UnitedHealth,460.86,"2021-11-12 15:45:04"
UnitedHealth,459.03,"2021-11-12 16:15:03"
UnitedHealth,454.92,"2021-11-15 09:45:03"
UnitedHealth,457.35,"2021-11-15 11:00:04"
UnitedHealth,454.92,"2021-11-15 12:00:03"
UnitedHealth,454.01,"2021-11-15 13:00:03"
UnitedHealth,453.05,"2021-11-15 14:00:03"
UnitedHealth,452.89,"2021-11-15 15:00:03"
UnitedHealth,452.16,"2021-11-15 15:45:04"
UnitedHealth,450.72,"2021-11-15 16:15:02"
UnitedHealth,457.43,"2021-11-16 09:45:03"
UnitedHealth,456.21,"2021-11-16 11:00:03"
UnitedHealth,455.93,"2021-11-16 12:00:02"
UnitedHealth,455.48,"2021-11-16 13:00:04"
UnitedHealth,454.48,"2021-11-16 14:00:03"
UnitedHealth,450.76,"2021-11-16 15:00:04"
UnitedHealth,451.75,"2021-11-16 15:45:02"
UnitedHealth,449.78,"2021-11-16 16:15:04"
UnitedHealth,450.28,"2021-11-17 09:45:03"
UnitedHealth,451.42,"2021-11-17 11:00:04"
UnitedHealth,452.01,"2021-11-17 12:00:02"
UnitedHealth,453.15,"2021-11-17 13:00:04"
UnitedHealth,452.90,"2021-11-17 14:00:03"
UnitedHealth,450.97,"2021-11-17 15:00:03"
UnitedHealth,451.04,"2021-11-17 15:45:03"
UnitedHealth,447.96,"2021-11-18 09:45:04"
UnitedHealth,450.14,"2021-11-18 11:00:04"
UnitedHealth,451.40,"2021-11-18 12:00:04"
UnitedHealth,451.13,"2021-11-18 13:00:03"
UnitedHealth,451.12,"2021-11-18 14:00:03"
UnitedHealth,450.10,"2021-11-18 15:00:03"
UnitedHealth,449.52,"2021-11-18 15:45:03"
UnitedHealth,449.53,"2021-11-18 16:15:08"
UnitedHealth,446.50,"2021-11-19 09:45:04"
UnitedHealth,442.22,"2021-11-19 11:00:03"
UnitedHealth,440.53,"2021-11-19 12:00:04"
UnitedHealth,442.44,"2021-11-19 13:00:03"
UnitedHealth,441.75,"2021-11-19 14:00:03"
UnitedHealth,442.08,"2021-11-19 15:00:03"
UnitedHealth,440.18,"2021-11-19 15:45:04"
UnitedHealth,440.00,"2021-11-19 16:15:02"
UnitedHealth,440.96,"2021-11-22 09:45:03"
UnitedHealth,441.98,"2021-11-22 11:00:02"
UnitedHealth,441.74,"2021-11-22 12:00:04"
UnitedHealth,440.67,"2021-11-22 13:00:04"
UnitedHealth,440.50,"2021-11-22 14:00:03"
UnitedHealth,440.83,"2021-11-22 15:00:03"
UnitedHealth,439.86,"2021-11-22 15:45:03"
UnitedHealth,437.56,"2021-11-22 16:15:02"
UnitedHealth,439.53,"2021-11-23 09:45:02"
UnitedHealth,442.39,"2021-11-23 11:00:05"
UnitedHealth,444.45,"2021-11-23 12:00:04"
UnitedHealth,443.73,"2021-11-23 13:00:02"
UnitedHealth,444.97,"2021-11-23 14:00:04"
UnitedHealth,446.45,"2021-11-23 15:00:04"
UnitedHealth,447.33,"2021-11-23 15:45:03"
UnitedHealth,447.00,"2021-11-23 16:15:03"
UnitedHealth,446.43,"2021-11-24 09:45:03"
UnitedHealth,449.76,"2021-11-24 11:00:02"
UnitedHealth,447.84,"2021-11-24 12:00:02"
UnitedHealth,449.76,"2021-11-24 13:00:02"
UnitedHealth,450.43,"2021-11-24 14:00:08"
UnitedHealth,450.18,"2021-11-24 15:00:03"
UnitedHealth,449.69,"2021-11-24 15:45:03"
UnitedHealth,450.11,"2021-11-24 16:15:03"
UnitedHealth,450.11,"2021-11-25 09:45:02"
UnitedHealth,450.11,"2021-11-25 11:00:03"
UnitedHealth,450.11,"2021-11-25 12:00:03"
UnitedHealth,450.11,"2021-11-25 13:00:03"
UnitedHealth,450.11,"2021-11-25 14:00:04"
UnitedHealth,450.11,"2021-11-25 15:00:02"
UnitedHealth,450.11,"2021-11-25 15:45:03"
UnitedHealth,450.11,"2021-11-25 16:15:03"
UnitedHealth,443.45,"2021-11-26 09:45:02"
UnitedHealth,439.42,"2021-11-26 11:00:03"
UnitedHealth,439.33,"2021-11-26 12:00:03"
UnitedHealth,440.81,"2021-11-26 13:00:03"
UnitedHealth,440.46,"2021-11-26 14:00:04"
UnitedHealth,440.46,"2021-11-26 15:00:03"
UnitedHealth,440.46,"2021-11-26 15:45:03"
UnitedHealth,440.46,"2021-11-26 16:15:03"
UnitedHealth,441.40,"2021-11-29 09:45:02"
UnitedHealth,445.27,"2021-11-29 11:00:04"
UnitedHealth,447.54,"2021-11-29 12:00:03"
UnitedHealth,450.95,"2021-11-29 13:00:03"
UnitedHealth,451.66,"2021-11-29 14:00:03"
UnitedHealth,452.04,"2021-11-29 15:00:03"
UnitedHealth,451.84,"2021-11-29 15:45:04"
UnitedHealth,451.91,"2021-11-29 16:15:03"
UnitedHealth,448.16,"2021-11-30 09:45:04"
UnitedHealth,446.86,"2021-11-30 11:00:04"
UnitedHealth,445.15,"2021-11-30 12:00:04"
UnitedHealth,444.45,"2021-11-30 13:00:02"
UnitedHealth,444.89,"2021-11-30 14:00:03"
UnitedHealth,442.44,"2021-11-30 15:00:03"
UnitedHealth,442.96,"2021-11-30 15:45:03"
UnitedHealth,444.20,"2021-11-30 16:15:02"
UnitedHealth,452.80,"2021-12-01 09:45:04"
UnitedHealth,454.24,"2021-12-01 11:00:03"
UnitedHealth,454.62,"2021-12-01 12:00:03"
UnitedHealth,453.77,"2021-12-01 13:00:03"
UnitedHealth,451.76,"2021-12-01 14:00:03"
UnitedHealth,449.21,"2021-12-01 15:00:04"
UnitedHealth,447.63,"2021-12-01 15:45:03"
UnitedHealth,444.36,"2021-12-01 16:15:02"
UnitedHealth,441.93,"2021-12-02 09:45:02"
UnitedHealth,441.14,"2021-12-02 11:00:03"
UnitedHealth,445.71,"2021-12-02 12:00:03"
UnitedHealth,444.52,"2021-12-02 13:00:03"
UnitedHealth,447.30,"2021-12-02 14:00:03"
UnitedHealth,446.55,"2021-12-02 15:00:03"
UnitedHealth,447.31,"2021-12-02 15:45:02"
UnitedHealth,445.95,"2021-12-02 16:15:04"
UnitedHealth,453.48,"2021-12-03 09:45:02"
UnitedHealth,446.22,"2021-12-03 11:00:03"
UnitedHealth,446.30,"2021-12-03 12:00:05"
UnitedHealth,448.69,"2021-12-03 13:00:03"
UnitedHealth,448.58,"2021-12-03 14:00:03"
UnitedHealth,446.78,"2021-12-03 15:00:04"
UnitedHealth,447.63,"2021-12-03 15:45:03"
UnitedHealth,449.14,"2021-12-03 16:15:03"
UnitedHealth,455.73,"2021-12-06 09:45:03"
UnitedHealth,459.38,"2021-12-06 11:00:02"
UnitedHealth,458.15,"2021-12-06 12:00:03"
UnitedHealth,459.72,"2021-12-06 13:00:02"
UnitedHealth,458.76,"2021-12-06 14:00:03"
UnitedHealth,458.84,"2021-12-06 15:00:03"
UnitedHealth,459.49,"2021-12-06 15:45:03"
UnitedHealth,459.96,"2021-12-06 16:15:02"
UnitedHealth,463.94,"2021-12-07 09:45:02"
UnitedHealth,464.15,"2021-12-07 11:00:03"
UnitedHealth,463.07,"2021-12-07 12:00:05"
UnitedHealth,461.94,"2021-12-07 13:00:03"
UnitedHealth,464.07,"2021-12-07 14:00:03"
UnitedHealth,462.92,"2021-12-07 15:00:02"
UnitedHealth,463.77,"2021-12-07 15:45:03"
UnitedHealth,464.81,"2021-12-07 16:15:02"
UnitedHealth,466.46,"2021-12-08 09:45:04"
UnitedHealth,462.97,"2021-12-08 11:00:02"
UnitedHealth,465.01,"2021-12-08 12:00:03"
UnitedHealth,466.28,"2021-12-08 13:00:05"
UnitedHealth,465.12,"2021-12-08 14:00:03"
UnitedHealth,467.12,"2021-12-08 15:00:03"
UnitedHealth,468.94,"2021-12-08 15:45:03"
UnitedHealth,468.90,"2021-12-08 16:15:05"
UnitedHealth,469.02,"2021-12-09 09:45:04"
UnitedHealth,471.48,"2021-12-09 11:00:02"
UnitedHealth,472.84,"2021-12-09 12:00:03"
UnitedHealth,472.85,"2021-12-09 13:00:03"
UnitedHealth,473.66,"2021-12-09 14:00:04"
UnitedHealth,472.96,"2021-12-09 15:00:03"
UnitedHealth,473.41,"2021-12-09 15:45:03"
UnitedHealth,473.56,"2021-12-09 16:15:03"
UnitedHealth,475.69,"2021-12-10 09:45:03"
UnitedHealth,473.81,"2021-12-10 11:00:03"
UnitedHealth,471.75,"2021-12-10 12:00:03"
UnitedHealth,473.02,"2021-12-10 13:00:03"
UnitedHealth,474.56,"2021-12-10 14:00:03"
UnitedHealth,477.24,"2021-12-10 15:00:03"
UnitedHealth,477.69,"2021-12-10 15:45:03"
UnitedHealth,478.42,"2021-12-10 16:15:03"
UnitedHealth,476.54,"2021-12-13 09:45:03"
UnitedHealth,478.15,"2021-12-13 11:00:06"
UnitedHealth,479.68,"2021-12-13 12:00:05"
UnitedHealth,475.64,"2021-12-13 13:00:04"
UnitedHealth,477.58,"2021-12-13 14:00:03"
UnitedHealth,479.31,"2021-12-13 15:00:03"
